date,method,selected_symbol,signal_value,forward_return,current_close,next_close,secondary_value,tertiary_value,symbol,symbol_forward_return
2025-06-09,equal_weight_reference,EQUAL_WEIGHT_REFERENCE,,0.013862272383657134,339.4083302815755,343.9416732788086,,,EQUAL_WEIGHT_REFERENCE,
2025-06-10,equal_weight_reference,EQUAL_WEIGHT_REFERENCE,,-0.009069326504402694,343.9416732788086,341.3333333333333,,,EQUAL_WEIGHT_REFERENCE,
2025-06-11,equal_weight_reference,EQUAL_WEIGHT_REFERENCE,,0.0011948996627788773,341.3333333333333,341.4633280436198,,,EQUAL_WEIGHT_REFERENCE,
2025-06-12,equal_weight_reference,EQUAL_WEIGHT_REFERENCE,,-0.007318841526501474,341.4633280436198,338.9433314005534,,,EQUAL_WEIGHT_REFERENCE,
2025-06-13,equal_weight_reference,EQUAL_WEIGHT_REFERENCE,,0.016129886899898544,338.9433314005534,344.93333689371747,,,EQUAL_WEIGHT_REFERENCE,
2025-06-16,equal_weight_reference,EQUAL_WEIGHT_REFERENCE,,-0.011993906008586594,344.93333689371747,341.03333282470703,,,EQUAL_WEIGHT_REFERENCE,
2025-06-17,equal_weight_reference,EQUAL_WEIGHT_REFERENCE,,0.004010131882742092,341.03333282470703,342.1066665649414,,,EQUAL_WEIGHT_REFERENCE,
2025-06-18,equal_weight_reference,EQUAL_WEIGHT_REFERENCE,,-0.0044827136761991975,342.1066665649414,339.4083302815755,,,EQUAL_WEIGHT_REFERENCE,
2025-06-20,equal_weight_reference,EQUAL_WEIGHT_REFERENCE,,0.020489957523469843,339.4083302815755,347.8916702270508,,,EQUAL_WEIGHT_REFERENCE,
2025-06-23,equal_weight_reference,EQUAL_WEIGHT_REFERENCE,,0.00750397505117778,347.8916702270508,350.625,,,EQUAL_WEIGHT_REFERENCE,
2025-06-24,equal_weight_reference,EQUAL_WEIGHT_REFERENCE,,0.001246978860468521,350.625,349.3933283487956,,,EQUAL_WEIGHT_REFERENCE,
2025-06-25,equal_weight_reference,EQUAL_WEIGHT_REFERENCE,,0.009284652374873506,349.3933283487956,353.7433395385742,,,EQUAL_WEIGHT_REFERENCE,
2025-06-26,equal_weight_reference,EQUAL_WEIGHT_REFERENCE,,0.007870251836769981,353.7433395385742,355.8883361816406,,,EQUAL_WEIGHT_REFERENCE,
2025-06-27,equal_weight_reference,EQUAL_WEIGHT_REFERENCE,,-0.0008420090281618572,355.8883361816406,355.95167287190753,,,EQUAL_WEIGHT_REFERENCE,
2025-06-30,equal_weight_reference,EQUAL_WEIGHT_REFERENCE,,-0.016932161719533174,355.95167287190753,348.9266611735026,,,EQUAL_WEIGHT_REFERENCE,
2025-07-01,equal_weight_reference,EQUAL_WEIGHT_REFERENCE,,0.01423724702929476,348.9266611735026,351.65333302815753,,,EQUAL_WEIGHT_REFERENCE,
2025-07-02,equal_weight_reference,EQUAL_WEIGHT_REFERENCE,,0.009473306165519854,351.65333302815753,354.91666920979816,,,EQUAL_WEIGHT_REFERENCE,
2025-07-03,equal_weight_reference,EQUAL_WEIGHT_REFERENCE,,-0.015758129378244706,354.91666920979816,350.27833048502606,,,EQUAL_WEIGHT_REFERENCE,
2025-07-07,equal_weight_reference,EQUAL_WEIGHT_REFERENCE,,0.0012003045655734252,350.27833048502606,350.7449951171875,,,EQUAL_WEIGHT_REFERENCE,
2025-07-08,equal_weight_reference,EQUAL_WEIGHT_REFERENCE,,0.0103457509408858,350.7449951171875,354.78834025065106,,,EQUAL_WEIGHT_REFERENCE,
2025-07-09,equal_weight_reference,EQUAL_WEIGHT_REFERENCE,,0.007989604296202083,354.78834025065106,356.2266667683919,,,EQUAL_WEIGHT_REFERENCE,
2025-07-10,equal_weight_reference,EQUAL_WEIGHT_REFERENCE,,0.002261118019017553,356.2266667683919,355.90667215983075,,,EQUAL_WEIGHT_REFERENCE,
2025-07-11,equal_weight_reference,EQUAL_WEIGHT_REFERENCE,,0.00012735747249018972,355.90667215983075,356.5366617838542,,,EQUAL_WEIGHT_REFERENCE,
2025-07-14,equal_weight_reference,EQUAL_WEIGHT_REFERENCE,,0.0028884573858286764,356.5366617838542,355.52500406901044,,,EQUAL_WEIGHT_REFERENCE,
2025-07-15,equal_weight_reference,EQUAL_WEIGHT_REFERENCE,,0.003183601309601103,355.52500406901044,355.8199971516927,,,EQUAL_WEIGHT_REFERENCE,
2025-07-16,equal_weight_reference,EQUAL_WEIGHT_REFERENCE,,0.0024670046201873963,355.8199971516927,356.5699996948242,,,EQUAL_WEIGHT_REFERENCE,
2025-07-17,equal_weight_reference,EQUAL_WEIGHT_REFERENCE,,0.00751486571821806,356.5699996948242,358.9500020345052,,,EQUAL_WEIGHT_REFERENCE,
2025-07-18,equal_weight_reference,EQUAL_WEIGHT_REFERENCE,,0.003839956997003402,358.9500020345052,360.7799936930339,,,EQUAL_WEIGHT_REFERENCE,
2025-07-21,equal_weight_reference,EQUAL_WEIGHT_REFERENCE,,-0.005690485841055748,360.7799936930339,358.51499430338544,,,EQUAL_WEIGHT_REFERENCE,
2025-07-22,equal_weight_reference,EQUAL_WEIGHT_REFERENCE,,0.006645908538450855,358.51499430338544,360.87166595458984,,,EQUAL_WEIGHT_REFERENCE,
2025-07-23,equal_weight_reference,EQUAL_WEIGHT_REFERENCE,,-0.0062644854824954925,360.87166595458984,358.45166269938153,,,EQUAL_WEIGHT_REFERENCE,
2025-07-24,equal_weight_reference,EQUAL_WEIGHT_REFERENCE,,0.005599323543329686,358.45166269938153,360.211669921875,,,EQUAL_WEIGHT_REFERENCE,
2025-07-25,equal_weight_reference,EQUAL_WEIGHT_REFERENCE,,0.010017082762818116,360.211669921875,363.2183329264323,,,EQUAL_WEIGHT_REFERENCE,
2025-07-28,equal_weight_reference,EQUAL_WEIGHT_REFERENCE,,-0.010927187672308733,363.2183329264323,358.5933354695638,,,EQUAL_WEIGHT_REFERENCE,
2025-07-29,equal_weight_reference,EQUAL_WEIGHT_REFERENCE,,-0.0008157764753398689,358.5933354695638,357.6666717529297,,,EQUAL_WEIGHT_REFERENCE,
2025-07-30,equal_weight_reference,EQUAL_WEIGHT_REFERENCE,,0.020064090260064133,357.6666717529297,372.45999908447266,,,EQUAL_WEIGHT_REFERENCE,
2025-07-31,equal_weight_reference,EQUAL_WEIGHT_REFERENCE,,-0.032870168362801655,372.45999908447266,361.26666768391925,,,EQUAL_WEIGHT_REFERENCE,
2025-08-01,equal_weight_reference,EQUAL_WEIGHT_REFERENCE,,0.017593509997449557,361.26666768391925,369.3783365885417,,,EQUAL_WEIGHT_REFERENCE,
2025-08-04,equal_weight_reference,EQUAL_WEIGHT_REFERENCE,,-0.005827347034001691,369.3783365885417,365.81000264485675,,,EQUAL_WEIGHT_REFERENCE,
2025-08-05,equal_weight_reference,EQUAL_WEIGHT_REFERENCE,,0.023259274608772213,365.81000264485675,371.9699986775716,,,EQUAL_WEIGHT_REFERENCE,
2025-08-06,equal_weight_reference,EQUAL_WEIGHT_REFERENCE,,0.004902070000111336,371.9699986775716,371.4783401489258,,,EQUAL_WEIGHT_REFERENCE,
2025-08-07,equal_weight_reference,EQUAL_WEIGHT_REFERENCE,,0.014345281941667454,371.4783401489258,375.95499420166016,,,EQUAL_WEIGHT_REFERENCE,
2025-08-08,equal_weight_reference,EQUAL_WEIGHT_REFERENCE,,0.0007120466625747205,375.95499420166016,376.20166778564453,,,EQUAL_WEIGHT_REFERENCE,
2025-08-11,equal_weight_reference,EQUAL_WEIGHT_REFERENCE,,0.01147410465902147,376.20166778564453,382.39333089192706,,,EQUAL_WEIGHT_REFERENCE,
2025-08-12,equal_weight_reference,EQUAL_WEIGHT_REFERENCE,,-0.0019664391990775187,382.39333089192706,379.92000579833984,,,EQUAL_WEIGHT_REFERENCE,
2025-08-13,equal_weight_reference,EQUAL_WEIGHT_REFERENCE,,0.003946790289038919,379.92000579833984,380.9949951171875,,,EQUAL_WEIGHT_REFERENCE,
2025-08-14,equal_weight_reference,EQUAL_WEIGHT_REFERENCE,,-0.00482299555524518,380.9949951171875,379.8383255004883,,,EQUAL_WEIGHT_REFERENCE,
2025-08-15,equal_weight_reference,EQUAL_WEIGHT_REFERENCE,,-0.001186243334704314,379.8383255004883,377.33666229248047,,,EQUAL_WEIGHT_REFERENCE,
2025-08-18,equal_weight_reference,EQUAL_WEIGHT_REFERENCE,,-0.01729951092483935,377.33666229248047,370.7949930826823,,,EQUAL_WEIGHT_REFERENCE,
2025-08-19,equal_weight_reference,EQUAL_WEIGHT_REFERENCE,,-0.01148296274470434,370.7949930826823,367.0933252970378,,,EQUAL_WEIGHT_REFERENCE,
2025-08-20,equal_weight_reference,EQUAL_WEIGHT_REFERENCE,,-0.006962085764055215,367.0933252970378,364.21332295735675,,,EQUAL_WEIGHT_REFERENCE,
2025-08-21,equal_weight_reference,EQUAL_WEIGHT_REFERENCE,,0.025047717596925628,364.21332295735675,372.76999918619794,,,EQUAL_WEIGHT_REFERENCE,
2025-08-22,equal_weight_reference,EQUAL_WEIGHT_REFERENCE,,0.002535079306459446,372.76999918619794,373.17833455403644,,,EQUAL_WEIGHT_REFERENCE,
2025-08-25,equal_weight_reference,EQUAL_WEIGHT_REFERENCE,,0.005838419830154133,373.17833455403644,374.6000010172526,,,EQUAL_WEIGHT_REFERENCE,
2025-08-26,equal_weight_reference,EQUAL_WEIGHT_REFERENCE,,9.459696895391945e-05,374.6000010172526,374.1550013224284,,,EQUAL_WEIGHT_REFERENCE,
2025-08-27,equal_weight_reference,EQUAL_WEIGHT_REFERENCE,,0.0020482298027857206,374.1550013224284,375.17666880289715,,,EQUAL_WEIGHT_REFERENCE,
2025-08-28,equal_weight_reference,EQUAL_WEIGHT_REFERENCE,,-0.017265222492354276,375.17666880289715,369.09666697184247,,,EQUAL_WEIGHT_REFERENCE,
2025-08-29,equal_weight_reference,EQUAL_WEIGHT_REFERENCE,,-0.011232341580047841,369.09666697184247,365.9049936930339,,,EQUAL_WEIGHT_REFERENCE,
2025-09-02,equal_weight_reference,EQUAL_WEIGHT_REFERENCE,,0.009582193723691235,365.9049936930339,368.5949986775716,,,EQUAL_WEIGHT_REFERENCE,
2025-09-03,equal_weight_reference,EQUAL_WEIGHT_REFERENCE,,0.014779929642267042,368.5949986775716,373.711669921875,,,EQUAL_WEIGHT_REFERENCE,
2025-09-04,equal_weight_reference,EQUAL_WEIGHT_REFERENCE,,-0.004285629722312463,373.711669921875,372.8883361816406,,,EQUAL_WEIGHT_REFERENCE,
2025-09-05,equal_weight_reference,EQUAL_WEIGHT_REFERENCE,,0.001481652255995299,372.8883361816406,373.1549987792969,,,EQUAL_WEIGHT_REFERENCE,
2025-09-08,equal_weight_reference,EQUAL_WEIGHT_REFERENCE,,0.0049620949049012,373.1549987792969,375.73833719889325,,,EQUAL_WEIGHT_REFERENCE,
2025-09-09,equal_weight_reference,EQUAL_WEIGHT_REFERENCE,,-0.006434780971405411,375.73833719889325,372.4316635131836,,,EQUAL_WEIGHT_REFERENCE,
2025-09-10,equal_weight_reference,EQUAL_WEIGHT_REFERENCE,,0.012002652973696995,372.4316635131836,376.3116709391276,,,EQUAL_WEIGHT_REFERENCE,
2025-09-11,equal_weight_reference,EQUAL_WEIGHT_REFERENCE,,0.01849248303262413,376.3116709391276,383.5783386230469,,,EQUAL_WEIGHT_REFERENCE,
2025-09-12,equal_weight_reference,EQUAL_WEIGHT_REFERENCE,,0.013932489116158556,383.5783386230469,389.32999928792316,,,EQUAL_WEIGHT_REFERENCE,
2025-09-15,equal_weight_reference,EQUAL_WEIGHT_REFERENCE,,0.005996436060209091,389.32999928792316,392.79000091552734,,,EQUAL_WEIGHT_REFERENCE,
2025-09-16,equal_weight_reference,EQUAL_WEIGHT_REFERENCE,,-0.004221801954932436,392.79000091552734,392.0833231608073,,,EQUAL_WEIGHT_REFERENCE,
2025-09-17,equal_weight_reference,EQUAL_WEIGHT_REFERENCE,,0.0017027499528385521,392.0833231608073,391.81667073567706,,,EQUAL_WEIGHT_REFERENCE,
2025-09-18,equal_weight_reference,EQUAL_WEIGHT_REFERENCE,,0.012320065954418332,391.81667073567706,396.0049997965495,,,EQUAL_WEIGHT_REFERENCE,
2025-09-19,equal_weight_reference,EQUAL_WEIGHT_REFERENCE,,0.010191274540659804,396.0049997965495,396.8566614786784,,,EQUAL_WEIGHT_REFERENCE,
2025-09-22,equal_weight_reference,EQUAL_WEIGHT_REFERENCE,,-0.01786850191183942,396.8566614786784,390.67500559488934,,,EQUAL_WEIGHT_REFERENCE,
2025-09-23,equal_weight_reference,EQUAL_WEIGHT_REFERENCE,,0.004961472529202797,390.67500559488934,393.8483301798503,,,EQUAL_WEIGHT_REFERENCE,
2025-09-24,equal_weight_reference,EQUAL_WEIGHT_REFERENCE,,-0.0087648844113248,393.8483301798503,388.67332967122394,,,EQUAL_WEIGHT_REFERENCE,
2025-09-25,equal_weight_reference,EQUAL_WEIGHT_REFERENCE,,0.007803259900243553,388.67332967122394,391.5066655476888,,,EQUAL_WEIGHT_REFERENCE,
2025-09-26,equal_weight_reference,EQUAL_WEIGHT_REFERENCE,,0.006571943872890562,391.5066655476888,393.2766647338867,,,EQUAL_WEIGHT_REFERENCE,
2025-09-29,equal_weight_reference,EQUAL_WEIGHT_REFERENCE,,0.0021462222993426003,393.2766647338867,392.97167205810547,,,EQUAL_WEIGHT_REFERENCE,
2025-09-30,equal_weight_reference,EQUAL_WEIGHT_REFERENCE,,0.004154092107122938,392.97167205810547,393.3050079345703,,,EQUAL_WEIGHT_REFERENCE,
2025-10-01,equal_weight_reference,EQUAL_WEIGHT_REFERENCE,,-0.0036176910788397834,393.3050079345703,391.20333099365234,,,EQUAL_WEIGHT_REFERENCE,
2025-10-02,equal_weight_reference,EQUAL_WEIGHT_REFERENCE,,-0.00833528388602687,391.20333099365234,387.14832305908203,,,EQUAL_WEIGHT_REFERENCE,
2025-10-03,equal_weight_reference,EQUAL_WEIGHT_REFERENCE,,0.012240508170990982,387.14832305908203,393.4349950154622,,,EQUAL_WEIGHT_REFERENCE,
2025-10-06,equal_weight_reference,EQUAL_WEIGHT_REFERENCE,,-0.009382803129629655,393.4349950154622,388.90833282470703,,,EQUAL_WEIGHT_REFERENCE,
2025-10-07,equal_weight_reference,EQUAL_WEIGHT_REFERENCE,,0.01082207116626673,388.90833282470703,392.29500071207684,,,EQUAL_WEIGHT_REFERENCE,
2025-10-08,equal_weight_reference,EQUAL_WEIGHT_REFERENCE,,0.00398142399858864,392.29500071207684,394.3000081380208,,,EQUAL_WEIGHT_REFERENCE,
2025-10-09,equal_weight_reference,EQUAL_WEIGHT_REFERENCE,,-0.04071627136997008,394.3000081380208,379.09166208902997,,,EQUAL_WEIGHT_REFERENCE,
2025-10-10,equal_weight_reference,EQUAL_WEIGHT_REFERENCE,,0.02166784002721626,379.09166208902997,386.9500020345052,,,EQUAL_WEIGHT_REFERENCE,
2025-10-13,equal_weight_reference,EQUAL_WEIGHT_REFERENCE,,-0.014393605254581573,386.9500020345052,382.60833740234375,,,EQUAL_WEIGHT_REFERENCE,
2025-10-14,equal_weight_reference,EQUAL_WEIGHT_REFERENCE,,0.004581850336549694,382.60833740234375,385.1449966430664,,,EQUAL_WEIGHT_REFERENCE,
2025-10-15,equal_weight_reference,EQUAL_WEIGHT_REFERENCE,,-0.004593640671493038,385.1449966430664,382.6933314005534,,,EQUAL_WEIGHT_REFERENCE,
2025-10-16,equal_weight_reference,EQUAL_WEIGHT_REFERENCE,,0.009323117105812018,382.6933314005534,386.39333089192706,,,EQUAL_WEIGHT_REFERENCE,
2025-10-17,equal_weight_reference,EQUAL_WEIGHT_REFERENCE,,0.0164042632231516,386.39333089192706,392.9583231608073,,,EQUAL_WEIGHT_REFERENCE,
2025-10-20,equal_weight_reference,EQUAL_WEIGHT_REFERENCE,,0.0019910200985307678,392.9583231608073,393.2483317057292,,,EQUAL_WEIGHT_REFERENCE,
2025-10-21,equal_weight_reference,EQUAL_WEIGHT_REFERENCE,,-0.007020139686078564,393.2483317057292,391.5999933878581,,,EQUAL_WEIGHT_REFERENCE,
2025-10-22,equal_weight_reference,EQUAL_WEIGHT_REFERENCE,,0.008808950164529206,391.5999933878581,394.39499918619794,,,EQUAL_WEIGHT_REFERENCE,
2025-10-23,equal_weight_reference,EQUAL_WEIGHT_REFERENCE,,0.004485379675820966,394.39499918619794,394.8299967447917,,,EQUAL_WEIGHT_REFERENCE,
2025-10-24,equal_weight_reference,EQUAL_WEIGHT_REFERENCE,,0.023046262776336923,394.8299967447917,403.67167409261066,,,EQUAL_WEIGHT_REFERENCE,
2025-10-27,equal_weight_reference,EQUAL_WEIGHT_REFERENCE,,0.016536073411807406,403.67167409261066,408.88999938964844,,,EQUAL_WEIGHT_REFERENCE,
2025-10-28,equal_weight_reference,EQUAL_WEIGHT_REFERENCE,,0.006418282232653227,408.88999938964844,410.2949981689453,,,EQUAL_WEIGHT_REFERENCE,
2025-10-29,equal_weight_reference,EQUAL_WEIGHT_REFERENCE,,-0.03915711924758878,410.2949981689453,388.2466634114583,,,EQUAL_WEIGHT_REFERENCE,
2025-10-30,equal_weight_reference,EQUAL_WEIGHT_REFERENCE,,0.014194979978419231,388.2466634114583,389.96666208902997,,,EQUAL_WEIGHT_REFERENCE,
2025-10-31,equal_weight_reference,EQUAL_WEIGHT_REFERENCE,,0.010798993081197028,389.96666208902997,392.17333984375,,,EQUAL_WEIGHT_REFERENCE,
2025-11-03,equal_weight_reference,EQUAL_WEIGHT_REFERENCE,,-0.0212208122271218,392.17333984375,383.99334208170575,,,EQUAL_WEIGHT_REFERENCE,
2025-11-04,equal_weight_reference,EQUAL_WEIGHT_REFERENCE,,0.004381796300254111,383.99334208170575,386.78834025065106,,,EQUAL_WEIGHT_REFERENCE,
2025-11-05,equal_weight_reference,EQUAL_WEIGHT_REFERENCE,,-0.02467801275790456,386.78834025065106,377.13999938964844,,,EQUAL_WEIGHT_REFERENCE,
2025-11-06,equal_weight_reference,EQUAL_WEIGHT_REFERENCE,,-0.005275654677086683,377.13999938964844,374.84666951497394,,,EQUAL_WEIGHT_REFERENCE,
2025-11-07,equal_weight_reference,EQUAL_WEIGHT_REFERENCE,,0.024841944109223617,374.84666951497394,383.3116683959961,,,EQUAL_WEIGHT_REFERENCE,
2025-11-10,equal_weight_reference,EQUAL_WEIGHT_REFERENCE,,-0.0033138303535584592,383.3116683959961,382.14833577473956,,,EQUAL_WEIGHT_REFERENCE,
2025-11-11,equal_weight_reference,EQUAL_WEIGHT_REFERENCE,,-0.011220349904012458,382.14833577473956,377.0366719563802,,,EQUAL_WEIGHT_REFERENCE,
2025-11-12,equal_weight_reference,EQUAL_WEIGHT_REFERENCE,,-0.024195925628447728,377.0366719563802,368.760004679362,,,EQUAL_WEIGHT_REFERENCE,
2025-11-13,equal_weight_reference,EQUAL_WEIGHT_REFERENCE,,0.0037377891118988518,368.760004679362,370.21000417073566,,,EQUAL_WEIGHT_REFERENCE,
2025-11-14,equal_weight_reference,EQUAL_WEIGHT_REFERENCE,,-0.008482210433389018,370.21000417073566,367.55833435058594,,,EQUAL_WEIGHT_REFERENCE,
2025-11-17,equal_weight_reference,EQUAL_WEIGHT_REFERENCE,,-0.020900176846392726,367.55833435058594,360.6800028483073,,,EQUAL_WEIGHT_REFERENCE,
2025-11-18,equal_weight_reference,EQUAL_WEIGHT_REFERENCE,,0.0023764447711547843,360.6800028483073,359.86666615804035,,,EQUAL_WEIGHT_REFERENCE,
2025-11-19,equal_weight_reference,EQUAL_WEIGHT_REFERENCE,,-0.017758986709639563,359.86666615804035,354.4733378092448,,,EQUAL_WEIGHT_REFERENCE,
2025-11-20,equal_weight_reference,EQUAL_WEIGHT_REFERENCE,,0.0018798504315398201,354.4733378092448,354.7533315022786,,,EQUAL_WEIGHT_REFERENCE,
2025-11-21,equal_weight_reference,EQUAL_WEIGHT_REFERENCE,,0.027671221032726605,354.7533315022786,364.9300003051758,,,EQUAL_WEIGHT_REFERENCE,
2025-11-24,equal_weight_reference,EQUAL_WEIGHT_REFERENCE,,0.00680939783238003,364.9300003051758,369.5116602579753,,,EQUAL_WEIGHT_REFERENCE,
2025-11-25,equal_weight_reference,EQUAL_WEIGHT_REFERENCE,,0.007408927954807705,369.5116602579753,372.10999298095703,,,EQUAL_WEIGHT_REFERENCE,
2025-11-26,equal_weight_reference,EQUAL_WEIGHT_REFERENCE,,0.008128798366953386,372.10999298095703,376.53334045410156,,,EQUAL_WEIGHT_REFERENCE,
2025-11-28,equal_weight_reference,EQUAL_WEIGHT_REFERENCE,,0.0021434265132111072,376.53334045410156,375.7750015258789,,,EQUAL_WEIGHT_REFERENCE,
2025-12-01,equal_weight_reference,EQUAL_WEIGHT_REFERENCE,,0.006018247511882531,375.7750015258789,378.0683288574219,,,EQUAL_WEIGHT_REFERENCE,
2025-12-02,equal_weight_reference,EQUAL_WEIGHT_REFERENCE,,-0.0036661754466948047,378.0683288574219,376.6983286539714,,,EQUAL_WEIGHT_REFERENCE,
2025-12-03,equal_weight_reference,EQUAL_WEIGHT_REFERENCE,,0.008854163803743117,376.6983286539714,381.68167368570965,,,EQUAL_WEIGHT_REFERENCE,
2025-12-04,equal_weight_reference,EQUAL_WEIGHT_REFERENCE,,0.002255978465182403,381.68167368570965,383.71666463216144,,,EQUAL_WEIGHT_REFERENCE,
2025-12-05,equal_weight_reference,EQUAL_WEIGHT_REFERENCE,,-0.00415548323168156,383.71666463216144,381.288330078125,,,EQUAL_WEIGHT_REFERENCE,
2025-12-08,equal_weight_reference,EQUAL_WEIGHT_REFERENCE,,-0.00019082238110457173,381.288330078125,380.70333607991535,,,EQUAL_WEIGHT_REFERENCE,
2025-12-09,equal_weight_reference,EQUAL_WEIGHT_REFERENCE,,-0.0012285498451019006,380.70333607991535,379.0800018310547,,,EQUAL_WEIGHT_REFERENCE,
2025-12-10,equal_weight_reference,EQUAL_WEIGHT_REFERENCE,,-0.0034236693795191377,379.0800018310547,378.7183380126953,,,EQUAL_WEIGHT_REFERENCE,
2025-12-11,equal_weight_reference,EQUAL_WEIGHT_REFERENCE,,-0.007621219330504488,378.7183380126953,376.86832936604816,,,EQUAL_WEIGHT_REFERENCE,
2025-12-12,equal_weight_reference,EQUAL_WEIGHT_REFERENCE,,0.0015161524983925239,376.86832936604816,378.42999776204425,,,EQUAL_WEIGHT_REFERENCE,
2025-12-15,equal_weight_reference,EQUAL_WEIGHT_REFERENCE,,0.009812284110932712,378.42999776204425,383.0516713460286,,,EQUAL_WEIGHT_REFERENCE,
2025-12-16,equal_weight_reference,EQUAL_WEIGHT_REFERENCE,,-0.01873593755030763,383.0516713460286,376.1550013224284,,,EQUAL_WEIGHT_REFERENCE,
2025-12-17,equal_weight_reference,EQUAL_WEIGHT_REFERENCE,,0.01980376319918653,376.1550013224284,384.14833577473956,,,EQUAL_WEIGHT_REFERENCE,
2025-12-18,equal_weight_reference,EQUAL_WEIGHT_REFERENCE,,0.006391047426761036,384.14833577473956,384.65001169840497,,,EQUAL_WEIGHT_REFERENCE,
2025-12-19,equal_weight_reference,EQUAL_WEIGHT_REFERENCE,,0.004589466635808966,384.65001169840497,386.3733367919922,,,EQUAL_WEIGHT_REFERENCE,
2025-12-22,equal_weight_reference,EQUAL_WEIGHT_REFERENCE,,0.009019290655613224,386.3733367919922,388.50999959309894,,,EQUAL_WEIGHT_REFERENCE,
2025-12-23,equal_weight_reference,EQUAL_WEIGHT_REFERENCE,,0.001530906858083177,388.50999959309894,389.2949956258138,,,EQUAL_WEIGHT_REFERENCE,
2025-12-24,equal_weight_reference,EQUAL_WEIGHT_REFERENCE,,-0.003127695393096245,389.2949956258138,387.1066614786784,,,EQUAL_WEIGHT_REFERENCE,
2025-12-26,equal_weight_reference,EQUAL_WEIGHT_REFERENCE,,-0.008942014366825105,387.1066614786784,383.2466735839844,,,EQUAL_WEIGHT_REFERENCE,
2025-12-29,equal_weight_reference,EQUAL_WEIGHT_REFERENCE,,-0.0006079500929416041,383.2466735839844,383.50166575113934,,,EQUAL_WEIGHT_REFERENCE,
2025-12-30,equal_weight_reference,EQUAL_WEIGHT_REFERENCE,,-0.00740820305203671,383.50166575113934,380.43500264485675,,,EQUAL_WEIGHT_REFERENCE,
2025-12-31,equal_weight_reference,EQUAL_WEIGHT_REFERENCE,,-0.011982507505378917,380.43500264485675,374.6299997965495,,,EQUAL_WEIGHT_REFERENCE,
2026-01-02,equal_weight_reference,EQUAL_WEIGHT_REFERENCE,,0.009166492045982503,374.6299997965495,378.625,,,EQUAL_WEIGHT_REFERENCE,
2026-01-05,equal_weight_reference,EQUAL_WEIGHT_REFERENCE,,-0.002653378748605458,378.625,377.1033299763997,,,EQUAL_WEIGHT_REFERENCE,
2026-01-06,equal_weight_reference,EQUAL_WEIGHT_REFERENCE,,-0.0010681137004448875,377.1033299763997,375.7616653442383,,,EQUAL_WEIGHT_REFERENCE,
2026-01-07,equal_weight_reference,EQUAL_WEIGHT_REFERENCE,,-0.0019768363182118645,375.7616653442383,375.05666097005206,,,EQUAL_WEIGHT_REFERENCE,
2026-01-08,equal_weight_reference,EQUAL_WEIGHT_REFERENCE,,0.006523758847488514,375.05666097005206,378.16000111897785,,,EQUAL_WEIGHT_REFERENCE,
2026-01-09,equal_weight_reference,EQUAL_WEIGHT_REFERENCE,,-0.002056666280446947,378.16000111897785,376.6283264160156,,,EQUAL_WEIGHT_REFERENCE,
2026-01-12,equal_weight_reference,EQUAL_WEIGHT_REFERENCE,,-0.007072340637772752,376.6283264160156,373.07000732421875,,,EQUAL_WEIGHT_REFERENCE,
2026-01-13,equal_weight_reference,EQUAL_WEIGHT_REFERENCE,,-0.01826979246823805,373.07000732421875,365.6416702270508,,,EQUAL_WEIGHT_REFERENCE,
2026-01-14,equal_weight_reference,EQUAL_WEIGHT_REFERENCE,,0.0037176396883708738,365.6416702270508,366.57833099365234,,,EQUAL_WEIGHT_REFERENCE,
2026-01-15,equal_weight_reference,EQUAL_WEIGHT_REFERENCE,,-0.0011891242643276938,366.57833099365234,366.41499582926434,,,EQUAL_WEIGHT_REFERENCE,
2026-01-16,equal_weight_reference,EQUAL_WEIGHT_REFERENCE,,-0.03194372427185349,366.41499582926434,355.60999806722003,,,EQUAL_WEIGHT_REFERENCE,
2026-01-20,equal_weight_reference,EQUAL_WEIGHT_REFERENCE,,0.009246821657683998,355.60999806722003,358.4650014241536,,,EQUAL_WEIGHT_REFERENCE,
2026-01-21,equal_weight_reference,EQUAL_WEIGHT_REFERENCE,,0.02302395074011569,358.4650014241536,369.27666727701825,,,EQUAL_WEIGHT_REFERENCE,
2026-01-22,equal_weight_reference,EQUAL_WEIGHT_REFERENCE,,0.013996132203198453,369.27666727701825,374.77333577473956,,,EQUAL_WEIGHT_REFERENCE,
2026-01-23,equal_weight_reference,EQUAL_WEIGHT_REFERENCE,,0.0032163006652402384,374.77333577473956,376.3566665649414,,,EQUAL_WEIGHT_REFERENCE,
2026-01-26,equal_weight_reference,EQUAL_WEIGHT_REFERENCE,,0.010229337300200722,376.3566665649414,379.31998952229816,,,EQUAL_WEIGHT_REFERENCE,
2026-01-27,equal_weight_reference,EQUAL_WEIGHT_REFERENCE,,-0.00013554615371550818,379.31998952229816,378.79832967122394,,,EQUAL_WEIGHT_REFERENCE,
2026-01-28,equal_weight_reference,EQUAL_WEIGHT_REFERENCE,,-0.003890063204721498,378.79832967122394,380.14833068847656,,,EQUAL_WEIGHT_REFERENCE,
2026-01-29,equal_weight_reference,EQUAL_WEIGHT_REFERENCE,,-0.0027119128325659068,380.14833068847656,377.85167185465497,,,EQUAL_WEIGHT_REFERENCE,
2026-01-30,equal_weight_reference,EQUAL_WEIGHT_REFERENCE,,-0.0038584433998588943,377.85167185465497,375.02833048502606,,,EQUAL_WEIGHT_REFERENCE,
2026-02-02,equal_weight_reference,EQUAL_WEIGHT_REFERENCE,,-0.01623478777713518,375.02833048502606,368.88499959309894,,,EQUAL_WEIGHT_REFERENCE,
2026-02-03,equal_weight_reference,EQUAL_WEIGHT_REFERENCE,,-0.015844698364078424,368.88499959309894,362.1433334350586,,,EQUAL_WEIGHT_REFERENCE,
2026-02-04,equal_weight_reference,EQUAL_WEIGHT_REFERENCE,,-0.021493351796617027,362.1433334350586,355.2616729736328,,,EQUAL_WEIGHT_REFERENCE,
2026-02-05,equal_weight_reference,EQUAL_WEIGHT_REFERENCE,,0.012015537593709047,355.2616729736328,357.9266713460286,,,EQUAL_WEIGHT_REFERENCE,
2026-02-06,equal_weight_reference,EQUAL_WEIGHT_REFERENCE,,0.012462100618405211,357.9266713460286,363.58666229248047,,,EQUAL_WEIGHT_REFERENCE,
2026-02-09,equal_weight_reference,EQUAL_WEIGHT_REFERENCE,,-0.0018729965795510155,363.58666229248047,363.0633239746094,,,EQUAL_WEIGHT_REFERENCE,
2026-02-10,equal_weight_reference,EQUAL_WEIGHT_REFERENCE,,-0.0027703866662034393,363.0633239746094,361.826665242513,,,EQUAL_WEIGHT_REFERENCE,
2026-02-11,equal_weight_reference,EQUAL_WEIGHT_REFERENCE,,-0.024823454557066377,361.826665242513,352.8316701253255,,,EQUAL_WEIGHT_REFERENCE,
2026-02-12,equal_weight_reference,EQUAL_WEIGHT_REFERENCE,,-0.010790296670240285,352.8316701253255,349.3183364868164,,,EQUAL_WEIGHT_REFERENCE,
2026-02-13,equal_weight_reference,EQUAL_WEIGHT_REFERENCE,,0.004529637853213364,349.3183364868164,349.4633280436198,,,EQUAL_WEIGHT_REFERENCE,
2026-02-17,equal_weight_reference,EQUAL_WEIGHT_REFERENCE,,0.008480329530699363,349.4633280436198,351.8766632080078,,,EQUAL_WEIGHT_REFERENCE,
2026-02-18,equal_weight_reference,EQUAL_WEIGHT_REFERENCE,,-0.0023040965486409624,351.8766632080078,351.3816655476888,,,EQUAL_WEIGHT_REFERENCE,
2026-02-19,equal_weight_reference,EQUAL_WEIGHT_REFERENCE,,0.010875028262981387,351.3816655476888,354.86999766031903,,,EQUAL_WEIGHT_REFERENCE,
2026-02-20,equal_weight_reference,EQUAL_WEIGHT_REFERENCE,,-0.016198339650679478,354.86999766031903,347.4249979654948,,,EQUAL_WEIGHT_REFERENCE,
2026-02-23,equal_weight_reference,EQUAL_WEIGHT_REFERENCE,,0.014014986151471861,347.4249979654948,351.8716684977214,,,EQUAL_WEIGHT_REFERENCE,
2026-02-24,equal_weight_reference,EQUAL_WEIGHT_REFERENCE,,0.0172708334101536,351.8716684977214,358.6866683959961,,,EQUAL_WEIGHT_REFERENCE,
2026-02-25,equal_weight_reference,EQUAL_WEIGHT_REFERENCE,,-0.014233009433540647,358.6866683959961,355.5116678873698,,,EQUAL_WEIGHT_REFERENCE,
2026-02-26,equal_weight_reference,EQUAL_WEIGHT_REFERENCE,,-0.01907048147891956,355.5116678873698,349.1333312988281,,,EQUAL_WEIGHT_REFERENCE,
2026-02-27,equal_weight_reference,EQUAL_WEIGHT_REFERENCE,,0.008223062828939365,349.1333312988281,351.836664835612,,,EQUAL_WEIGHT_REFERENCE,
2026-03-02,equal_weight_reference,EQUAL_WEIGHT_REFERENCE,,-0.004420905246220241,351.836664835612,350.6616668701172,,,EQUAL_WEIGHT_REFERENCE,
2026-03-03,equal_weight_reference,EQUAL_WEIGHT_REFERENCE,,0.017930403796418692,350.6616668701172,356.87499745686847,,,EQUAL_WEIGHT_REFERENCE,
2026-03-04,equal_weight_reference,EQUAL_WEIGHT_REFERENCE,,0.0007937782579890603,356.87499745686847,356.56166585286456,,,EQUAL_WEIGHT_REFERENCE,
2026-03-05,equal_weight_reference,EQUAL_WEIGHT_REFERENCE,,-0.019478485616530667,356.56166585286456,349.83999888102215,,,EQUAL_WEIGHT_REFERENCE,
2026-03-06,equal_weight_reference,EQUAL_WEIGHT_REFERENCE,,0.007968990273825619,349.83999888102215,351.91666920979816,,,EQUAL_WEIGHT_REFERENCE,
2026-03-09,equal_weight_reference,EQUAL_WEIGHT_REFERENCE,,0.0036674552110199654,351.91666920979816,353.1666666666667,,,EQUAL_WEIGHT_REFERENCE,
2026-03-10,equal_weight_reference,EQUAL_WEIGHT_REFERENCE,,0.0032390146930938815,353.1666666666667,354.5083312988281,,,EQUAL_WEIGHT_REFERENCE,
2026-03-11,equal_weight_reference,EQUAL_WEIGHT_REFERENCE,,-0.018985151076641227,354.5083312988281,347.2466634114583,,,EQUAL_WEIGHT_REFERENCE,
2026-03-12,equal_weight_reference,EQUAL_WEIGHT_REFERENCE,,-0.018399979530257904,347.2466634114583,339.75000254313153,,,EQUAL_WEIGHT_REFERENCE,
2026-03-13,equal_weight_reference,EQUAL_WEIGHT_REFERENCE,,0.01525463403576118,339.75000254313153,345.1233393351237,,,EQUAL_WEIGHT_REFERENCE,
2026-03-16,equal_weight_reference,EQUAL_WEIGHT_REFERENCE,,0.0025452993633481302,345.1233393351237,345.4499918619792,,,EQUAL_WEIGHT_REFERENCE,
2026-03-17,equal_weight_reference,EQUAL_WEIGHT_REFERENCE,,-0.01609910898334214,345.4499918619792,340.076665242513,,,EQUAL_WEIGHT_REFERENCE,
2026-03-18,equal_weight_reference,EQUAL_WEIGHT_REFERENCE,,-0.012139770515218954,340.076665242513,335.3833312988281,,,EQUAL_WEIGHT_REFERENCE,
2026-03-19,equal_weight_reference,EQUAL_WEIGHT_REFERENCE,,-0.020879001270385,335.3833312988281,328.2583262125651,,,EQUAL_WEIGHT_REFERENCE,
2026-03-20,equal_weight_reference,EQUAL_WEIGHT_REFERENCE,,0.018312044068641953,328.2583262125651,334.19666798909503,,,EQUAL_WEIGHT_REFERENCE,
2026-03-23,equal_weight_reference,EQUAL_WEIGHT_REFERENCE,,-0.009202571817488106,334.19666798909503,330.46166229248047,,,EQUAL_WEIGHT_REFERENCE,
2026-03-24,equal_weight_reference,EQUAL_WEIGHT_REFERENCE,,0.008618651070299835,330.46166229248047,332.4816716512044,,,EQUAL_WEIGHT_REFERENCE,
2026-03-25,equal_weight_reference,EQUAL_WEIGHT_REFERENCE,,-0.031564195358227555,332.4816716512044,319.54832712809247,,,EQUAL_WEIGHT_REFERENCE,
2026-03-26,equal_weight_reference,EQUAL_WEIGHT_REFERENCE,,-0.02833721638244474,319.54832712809247,309.9966583251953,,,EQUAL_WEIGHT_REFERENCE,
2026-03-27,equal_weight_reference,EQUAL_WEIGHT_REFERENCE,,-0.0010600614458898632,309.9966583251953,310.56166585286456,,,EQUAL_WEIGHT_REFERENCE,
2026-03-30,equal_weight_reference,EQUAL_WEIGHT_REFERENCE,,0.04426292996435973,310.56166585286456,325.0850016276042,,,EQUAL_WEIGHT_REFERENCE,
2026-03-31,equal_weight_reference,EQUAL_WEIGHT_REFERENCE,,0.010310767860818545,325.0850016276042,328.63499959309894,,,EQUAL_WEIGHT_REFERENCE,
2026-04-01,equal_weight_reference,EQUAL_WEIGHT_REFERENCE,,-0.007451745558591257,328.63499959309894,325.26500193277997,,,EQUAL_WEIGHT_REFERENCE,
2026-04-02,equal_weight_reference,EQUAL_WEIGHT_REFERENCE,,0.0002810339452869089,325.26500193277997,324.6683349609375,,,EQUAL_WEIGHT_REFERENCE,
2026-04-06,equal_weight_reference,EQUAL_WEIGHT_REFERENCE,,-0.004839740103646906,324.6683349609375,323.2266667683919,,,EQUAL_WEIGHT_REFERENCE,
2026-04-07,equal_weight_reference,EQUAL_WEIGHT_REFERENCE,,0.023216103287983014,323.2266667683919,332.03832753499347,,,EQUAL_WEIGHT_REFERENCE,
2026-04-08,equal_weight_reference,EQUAL_WEIGHT_REFERENCE,,0.016975434035151338,332.03832753499347,337.52166748046875,,,EQUAL_WEIGHT_REFERENCE,
2026-04-09,equal_weight_reference,EQUAL_WEIGHT_REFERENCE,,0.008657925069808448,337.52166748046875,339.52833557128906,,,EQUAL_WEIGHT_REFERENCE,
2026-04-10,equal_weight_reference,EQUAL_WEIGHT_REFERENCE,,0.009797455946798761,339.52833557128906,343.2866744995117,,,EQUAL_WEIGHT_REFERENCE,
2026-04-13,equal_weight_reference,EQUAL_WEIGHT_REFERENCE,,0.029148825560952534,343.2866744995117,354.0266621907552,,,EQUAL_WEIGHT_REFERENCE,
2026-04-14,equal_weight_reference,EQUAL_WEIGHT_REFERENCE,,0.02921137769771809,354.0266621907552,364.7583363850911,,,EQUAL_WEIGHT_REFERENCE,
2026-04-15,equal_weight_reference,EQUAL_WEIGHT_REFERENCE,,0.0021533840597853793,364.7583363850911,366.24666595458984,,,EQUAL_WEIGHT_REFERENCE,
2026-04-16,equal_weight_reference,EQUAL_WEIGHT_REFERENCE,,0.016595839186834865,366.24666595458984,372.4049987792969,,,EQUAL_WEIGHT_REFERENCE,
2026-04-17,equal_weight_reference,EQUAL_WEIGHT_REFERENCE,,-0.008971921949435635,372.4049987792969,367.47832743326825,,,EQUAL_WEIGHT_REFERENCE,
2026-04-20,equal_weight_reference,EQUAL_WEIGHT_REFERENCE,,-0.005571528651129605,367.47832743326825,365.8966776529948,,,EQUAL_WEIGHT_REFERENCE,
2026-04-21,equal_weight_reference,EQUAL_WEIGHT_REFERENCE,,0.015579879481110762,365.8966776529948,371.0300013224284,,,EQUAL_WEIGHT_REFERENCE,
2026-04-22,equal_weight_reference,EQUAL_WEIGHT_REFERENCE,,-0.01876525518633389,371.0300013224284,362.7950032552083,,,EQUAL_WEIGHT_REFERENCE,
2026-04-23,equal_weight_reference,EQUAL_WEIGHT_REFERENCE,,0.020303408537817424,362.7950032552083,369.87833404541016,,,EQUAL_WEIGHT_REFERENCE,
2026-04-24,equal_weight_reference,EQUAL_WEIGHT_REFERENCE,,0.0047553664664295265,369.87833404541016,371.24166615804035,,,EQUAL_WEIGHT_REFERENCE,
2026-04-27,equal_weight_reference,EQUAL_WEIGHT_REFERENCE,,-0.0028388350433941056,371.24166615804035,370.0316696166992,,,EQUAL_WEIGHT_REFERENCE,
2026-04-28,equal_weight_reference,EQUAL_WEIGHT_REFERENCE,,-0.005092004612528511,370.0316696166992,368.13999938964844,,,EQUAL_WEIGHT_REFERENCE,
2026-04-29,equal_weight_reference,EQUAL_WEIGHT_REFERENCE,,-0.022554187237510497,368.13999938964844,356.21666463216144,,,EQUAL_WEIGHT_REFERENCE,
2026-04-30,equal_weight_reference,EQUAL_WEIGHT_REFERENCE,,0.012350572975169893,356.21666463216144,360.1433385213216,,,EQUAL_WEIGHT_REFERENCE,
2026-05-01,equal_weight_reference,EQUAL_WEIGHT_REFERENCE,,0.0012560098170760574,360.1433385213216,360.64999135335285,,,EQUAL_WEIGHT_REFERENCE,
2026-05-04,equal_weight_reference,EQUAL_WEIGHT_REFERENCE,,-4.254042201523589e-05,360.64999135335285,359.99000040690106,,,EQUAL_WEIGHT_REFERENCE,
2026-05-05,equal_weight_reference,EQUAL_WEIGHT_REFERENCE,,0.019673886187798084,359.99000040690106,365.9833348592122,,,EQUAL_WEIGHT_REFERENCE,
2026-05-06,equal_weight_reference,EQUAL_WEIGHT_REFERENCE,,0.009856835190466337,365.9833348592122,369.913335164388,,,EQUAL_WEIGHT_REFERENCE,
2026-05-07,equal_weight_reference,EQUAL_WEIGHT_REFERENCE,,0.009777551973973323,369.913335164388,372.38333384195965,,,EQUAL_WEIGHT_REFERENCE,
2026-05-08,equal_weight_reference,EQUAL_WEIGHT_REFERENCE,,0.0032109853056300763,372.38333384195965,372.9383290608724,,,EQUAL_WEIGHT_REFERENCE,
2026-05-11,equal_weight_reference,EQUAL_WEIGHT_REFERENCE,,-0.00488779832938598,372.9383290608724,370.93666585286456,,,EQUAL_WEIGHT_REFERENCE,
2026-05-12,equal_weight_reference,EQUAL_WEIGHT_REFERENCE,,0.016081428063322373,370.93666585286456,376.98999786376953,,,EQUAL_WEIGHT_REFERENCE,
2026-05-13,equal_weight_reference,EQUAL_WEIGHT_REFERENCE,,0.006635131995431161,376.98999786376953,378.7216618855794,,,EQUAL_WEIGHT_REFERENCE,
2026-05-14,equal_weight_reference,EQUAL_WEIGHT_REFERENCE,,-0.012124384816414055,378.7216618855794,374.6800028483073,,,EQUAL_WEIGHT_REFERENCE,
2026-05-15,equal_weight_reference,EQUAL_WEIGHT_REFERENCE,,-0.008106384773591066,374.6800028483073,371.6266682942708,,,EQUAL_WEIGHT_REFERENCE,
2026-05-18,equal_weight_reference,EQUAL_WEIGHT_REFERENCE,,-0.011266794479549758,371.6266682942708,367.1766637166341,,,EQUAL_WEIGHT_REFERENCE,
2026-05-19,equal_weight_reference,EQUAL_WEIGHT_REFERENCE,,0.015187477770456481,367.1766637166341,372.35166931152344,,,EQUAL_WEIGHT_REFERENCE,
2026-05-20,equal_weight_reference,EQUAL_WEIGHT_REFERENCE,,0.0008221229869859922,372.35166931152344,372.87999725341797,,,EQUAL_WEIGHT_REFERENCE,
2026-05-21,equal_weight_reference,EQUAL_WEIGHT_REFERENCE,,0.0014289345550566601,372.87999725341797,374.21834055582684,,,EQUAL_WEIGHT_REFERENCE,
2026-05-22,equal_weight_reference,EQUAL_WEIGHT_REFERENCE,,0.0012493519082699318,374.21834055582684,375.0733362833659,,,EQUAL_WEIGHT_REFERENCE,
2026-05-26,equal_weight_reference,EQUAL_WEIGHT_REFERENCE,,0.011224995727512918,375.0733362833659,380.5983378092448,,,EQUAL_WEIGHT_REFERENCE,
2026-05-27,equal_weight_reference,EQUAL_WEIGHT_REFERENCE,,0.00995155183919986,380.5983378092448,384.18999735514325,,,EQUAL_WEIGHT_REFERENCE,
2026-05-28,equal_weight_reference,EQUAL_WEIGHT_REFERENCE,,0.0012639614596327564,384.18999735514325,385.3966700236003,,,EQUAL_WEIGHT_REFERENCE,
2026-05-29,equal_weight_reference,EQUAL_WEIGHT_REFERENCE,,-0.010663721413892454,385.3966700236003,378.1333287556966,,,EQUAL_WEIGHT_REFERENCE,
2026-06-01,equal_weight_reference,EQUAL_WEIGHT_REFERENCE,,-0.003921258708950918,378.1333287556966,376.2033335367839,,,EQUAL_WEIGHT_REFERENCE,
2026-06-02,equal_weight_reference,EQUAL_WEIGHT_REFERENCE,,-0.011093648581008605,376.2033335367839,374.84166717529297,,,EQUAL_WEIGHT_REFERENCE,
2026-06-03,equal_weight_reference,EQUAL_WEIGHT_REFERENCE,,0.005508472106006394,374.84166717529297,376.29166920979816,,,EQUAL_WEIGHT_REFERENCE,
2026-06-04,equal_weight_reference,EQUAL_WEIGHT_REFERENCE,,-0.04205995624702663,376.29166920979816,359.85666910807294,,,EQUAL_WEIGHT_REFERENCE,
2026-06-05,equal_weight_reference,EQUAL_WEIGHT_REFERENCE,,0.002723161895303953,359.85666910807294,360.24667104085285,,,EQUAL_WEIGHT_REFERENCE,
2025-07-09,prior_20d_momentum_only,NVDA,0.14197573656845752,0.007490184087241891,162.8800048828125,164.10000610351562,0.14197573656845752,,,
2025-07-10,prior_20d_momentum_only,NVDA,0.13989996145025474,0.004996904539494196,164.10000610351562,164.9199981689453,0.13989996145025474,,,
2025-07-11,prior_20d_momentum_only,NVDA,0.1546593576608617,-0.005153958611228138,164.9199981689453,164.07000732421875,0.1546593576608617,,,
2025-07-14,prior_20d_momentum_only,NVDA,0.1315172918911638,0.04040951623121414,164.07000732421875,170.6999969482422,0.1315172918911638,,,
2025-07-15,prior_20d_momentum_only,NVDA,0.20236666535542325,0.003925003989006859,170.6999969482422,171.3699951171875,0.20236666535542325,,,
2025-07-16,prior_20d_momentum_only,NVDA,0.18439416839864653,0.009511611888054494,171.3699951171875,173.0,0.18439416839864653,,,
2025-07-17,prior_20d_momentum_only,NVDA,0.2003886057540416,-0.003410383456015187,173.0,172.41000366210938,0.2003886057540416,,,
2025-07-18,prior_20d_momentum_only,NVDA,0.18511141548976906,-0.005974124223762978,172.41000366210938,171.3800048828125,0.18511141548976906,,,
2025-07-21,prior_20d_momentum_only,NVDA,0.19137989302194436,-0.025382226511722283,171.3800048828125,167.02999877929688,0.19137989302194436,,,
2025-07-22,prior_20d_momentum_only,NVDA,0.15856281404375916,0.022451056860480545,167.02999877929688,170.77999877929688,0.15856281404375916,,,
2025-07-23,prior_20d_momentum_only,NVDA,0.1546991604261072,0.01733227974601692,170.77999877929688,173.74000549316406,0.1546991604261072,,,
2025-07-24,prior_20d_momentum_only,NVDA,0.1259154185858402,-0.001381406041071509,173.74000549316406,173.5,0.1259154185858402,,,
2025-07-25,prior_20d_momentum_only,NVDA,0.1192103936151292,0.018731988472622474,173.5,176.75,0.1192103936151292,,,
2025-07-28,prior_20d_momentum_only,NVDA,0.12044374009508707,-0.007015589777448761,176.75,175.50999450683594,0.12044374009508707,,,
2025-07-29,prior_20d_momentum_only,NVDA,0.11089302110588206,0.021423337036675427,175.50999450683594,179.27000427246094,0.11089302110588206,,,
2025-07-30,prior_20d_momentum_only,NVDA,0.169406397284513,-0.007809500317440987,179.27000427246094,177.8699951171875,0.169406397284513,,,
2025-07-31,prior_20d_momentum_only,NVDA,0.13112874478338643,-0.023331613034284993,177.8699951171875,173.72000122070312,0.13112874478338643,,,
2025-08-01,prior_20d_momentum_only,NVDA,0.09024730270684067,0.036150119359707134,173.72000122070312,180.0,0.09024730270684067,,,
2025-08-04,prior_20d_momentum_only,NVDA,0.13751259954156136,-0.009666697184244843,180.0,178.25999450683594,0.13751259954156136,,,
2025-08-05,prior_20d_momentum_only,NVDA,0.11412496566772456,0.006507369560503795,178.25999450683594,179.4199981689453,0.11412496566772456,,,
2025-08-06,prior_20d_momentum_only,NVDA,0.1015471070131222,0.0075242788835858665,179.4199981689453,180.77000427246094,0.1015471070131222,,,
2025-08-07,prior_20d_momentum_only,NVDA,0.10158438481976506,0.010676509543432466,180.77000427246094,182.6999969482422,0.10158438481976506,,,
2025-08-08,prior_20d_momentum_only,NVDA,0.10780984099383084,-0.0035030071173440813,182.6999969482422,182.05999755859375,0.10780984099383084,,,
2025-08-11,prior_20d_momentum_only,NVDA,0.10964825642279008,0.006041997793400977,182.05999755859375,183.16000366210938,0.10964825642279008,,,
2025-08-12,prior_20d_momentum_only,META,0.11206518068945615,-0.0125569403926028,790.0,780.0800170898438,0.11206518068945615,,,
2025-08-13,prior_20d_momentum_only,AAPL,0.11024932320708136,-0.0023571895917441354,233.3300018310547,232.77999877929688,0.11024932320708136,,,
2025-08-14,prior_20d_momentum_only,META,0.1150825263809705,0.00396350423405889,782.1300048828125,785.22998046875,0.1150825263809705,,,
2025-08-15,prior_20d_momentum_only,META,0.1149400065378714,-0.022744910148362885,785.22998046875,767.3699951171875,0.1149400065378714,,,
2025-08-18,prior_20d_momentum_only,AAPL,0.08664346777245013,-0.001429259958971918,230.88999938964844,230.55999755859375,0.08664346777245013,,,
2025-08-19,prior_20d_momentum_only,AAPL,0.07537315355480678,-0.019734572779050663,230.55999755859375,226.00999450683594,0.07537315355480678,,,
2025-08-20,prior_20d_momentum_only,AAPL,0.05538174619834191,-0.004911289931109564,226.00999450683594,224.89999389648438,0.05538174619834191,,,
2025-08-21,prior_20d_momentum_only,AAPL,0.05211451944200052,0.012716766064777785,224.89999389648438,227.75999450683594,0.05211451944200052,,,
2025-08-22,prior_20d_momentum_only,TSLA,0.07577679045761299,0.019381771561470362,340.010009765625,346.6000061035156,0.07577679045761299,,,
2025-08-25,prior_20d_momentum_only,TSLA,0.0645290395956184,0.01462783391499567,346.6000061035156,351.6700134277344,0.0645290395956184,,,
2025-08-26,prior_20d_momentum_only,TSLA,0.09486301389385843,-0.0058862207330171445,351.6700134277344,349.6000061035156,0.09486301389385843,,,
2025-08-27,prior_20d_momentum_only,AAPL,0.1025592065459,0.008980832210059075,230.49000549316406,232.55999755859375,0.1025592065459,,,
2025-08-28,prior_20d_momentum_only,TSLA,0.12232790513702518,-0.03500206799409333,345.9800109863281,333.8699951171875,0.12232790513702518,,,
2025-08-29,prior_20d_momentum_only,AAPL,0.14705007307450346,-0.010424735828844955,232.13999938964844,229.72000122070312,0.14705007307450346,,,
2025-09-02,prior_20d_momentum_only,AAPL,0.12967786735036446,0.038089848308826335,229.72000122070312,238.47000122070312,0.12967786735036446,,,
2025-09-03,prior_20d_momentum_only,AAPL,0.17519221058813494,0.005493343195739575,238.47000122070312,239.77999877929688,0.17519221058813494,,,
2025-09-04,prior_20d_momentum_only,AAPL,0.12440796613972749,-0.00037532879451496193,239.77999877929688,239.69000244140625,0.12440796613972749,,,
2025-09-05,prior_20d_momentum_only,AAPL,0.08935146921411175,-0.007551410322323426,239.69000244140625,237.8800048828125,0.08935146921411175,,,
2025-09-08,prior_20d_momentum_only,AMZN,0.05905067022460675,0.010176429751274751,235.83999633789062,238.24000549316406,0.05905067022460675,,,
2025-09-09,prior_20d_momentum_only,AMZN,0.07654768281880364,-0.03320182790348514,238.24000549316406,230.3300018310547,0.07654768281880364,,,
2025-09-10,prior_20d_momentum_only,AMZN,0.040005420876492614,-0.0016498279850283293,230.3300018310547,229.9499969482422,0.040005420876492614,,,
2025-09-11,prior_20d_momentum_only,TSLA,0.08671693161753402,0.07356092584909457,368.80999755859375,395.94000244140625,0.08671693161753402,,,
2025-09-12,prior_20d_momentum_only,TSLA,0.17986774624339041,0.03561147147692467,395.94000244140625,410.0400085449219,0.17986774624339041,,,
2025-09-15,prior_20d_momentum_only,TSLA,0.2404404996773386,0.028241113869250656,410.0400085449219,421.6199951171875,0.2404404996773386,,,
2025-09-16,prior_20d_momentum_only,TSLA,0.25796631611880083,0.01005642588937583,421.6199951171875,425.8599853515625,0.25796631611880083,,,
2025-09-17,prior_20d_momentum_only,TSLA,0.2931887537844633,-0.021157139806429193,425.8599853515625,416.8500061035156,0.2931887537844633,,,
2025-09-18,prior_20d_momentum_only,TSLA,0.28697133052968593,0.022118270566640064,416.8500061035156,426.07000732421875,0.28697133052968593,,,
2025-09-19,prior_20d_momentum_only,TSLA,0.3310112986831233,0.019104804353584193,426.07000732421875,434.2099914550781,0.3310112986831233,,,
2025-09-22,prior_20d_momentum_only,TSLA,0.27705061316985,-0.019253323313789705,434.2099914550781,425.8500061035156,0.27705061316985,,,
2025-09-23,prior_20d_momentum_only,TSLA,0.2286497363082307,0.03977927016229388,425.8500061035156,442.7900085449219,0.2286497363082307,,,
2025-09-24,prior_20d_momentum_only,TSLA,0.2591065249750446,-0.04381307961359793,442.7900085449219,423.3900146484375,0.2591065249750446,,,
2025-09-25,prior_20d_momentum_only,TSLA,0.21106981480736264,0.0401756741055197,423.3900146484375,440.3999938964844,0.21106981480736264,,,
2025-09-26,prior_20d_momentum_only,TSLA,0.2729058902593289,0.00638055766924972,440.3999938964844,443.2099914550781,0.2729058902593289,,,
2025-09-29,prior_20d_momentum_only,TSLA,0.3274927305147999,0.0034069849388267404,443.2099914550781,444.7200012207031,0.3274927305147999,,,
2025-09-30,prior_20d_momentum_only,TSLA,0.3502551038372317,0.033144428390707636,444.7200012207031,459.4599914550781,0.3502551038372317,,,
2025-10-01,prior_20d_momentum_only,TSLA,0.3752581534659041,-0.051059922281332826,459.4599914550781,436.0,0.3752581534659041,,,
2025-10-02,prior_20d_momentum_only,TSLA,0.2879213114706809,-0.014151406944344913,436.0,429.8299865722656,0.2879213114706809,,,
2025-10-03,prior_20d_momentum_only,TSLA,0.22514533992384522,0.054486690457546505,429.8299865722656,453.25,0.22514533992384522,,,
2025-10-06,prior_20d_momentum_only,TSLA,0.308458452616041,-0.044478772558432134,453.25,433.0899963378906,0.308458452616041,,,
2025-10-07,prior_20d_momentum_only,TSLA,0.2482058818174533,0.012930352007360923,433.0899963378906,438.69000244140625,0.2482058818174533,,,
2025-10-08,prior_20d_momentum_only,TSLA,0.261364592608023,-0.007180455170972544,438.69000244140625,435.5400085449219,0.261364592608023,,,
2025-10-09,prior_20d_momentum_only,TSLA,0.18093330286071363,-0.05062684914805626,435.5400085449219,413.489990234375,0.18093330286071363,,,
2025-10-10,prior_20d_momentum_only,AAPL,0.04784891954452197,0.009744360696440912,245.27000427246094,247.66000366210938,0.04784891954452197,,,
2025-10-13,prior_20d_momentum_only,TSLA,0.06306698081323803,-0.015278742269702716,435.8999938964844,429.239990234375,0.06306698081323803,,,
2025-10-14,prior_20d_momentum_only,AAPL,0.04039475382123281,0.0063364896410271765,247.77000427246094,249.33999633789062,0.04039475382123281,,,
2025-10-15,prior_20d_momentum_only,NVDA,0.056022132368588995,0.011010374839450998,179.8300018310547,181.80999755859375,0.056022132368588995,,,
2025-10-16,prior_20d_momentum_only,AAPL,0.04023033407176935,0.019559492412937862,247.4499969482422,252.2899932861328,0.04023033407176935,,,
2025-10-17,prior_20d_momentum_only,NVDA,0.037074789832137744,-0.0031656032485013474,183.22000122070312,182.63999938964844,0.037074789832137744,,,
2025-10-20,prior_20d_momentum_only,TSLA,0.030446100920896946,-0.010794954856246153,447.42999267578125,442.6000061035156,0.030446100920896946,,,
2025-10-21,prior_20d_momentum_only,TSLA,0.03933309794512119,-0.008201547294971134,442.6000061035156,438.9700012207031,0.03933309794512119,,,
2025-10-22,prior_20d_momentum_only,AAPL,0.024335201568901788,0.004372119604812541,258.45001220703125,259.5799865722656,0.024335201568901788,,,
2025-10-23,prior_20d_momentum_only,TSLA,0.06044071766581305,-0.03398817183887881,448.9800109863281,433.7200012207031,0.06044071766581305,,,
2025-10-24,prior_20d_momentum_only,NVDA,0.0452886915924664,0.028079089125798262,186.25999450683594,191.49000549316406,0.0452886915924664,,,
2025-10-27,prior_20d_momentum_only,AAPL,0.05651851313432554,0.0007068280314419528,268.80999755859375,269.0,0.05651851313432554,,,
2025-10-28,prior_20d_momentum_only,NVDA,0.07744665455264843,0.029896008274039154,201.02999877929688,207.0399932861328,0.07744665455264843,,,
2025-10-29,prior_20d_momentum_only,NVDA,0.1057465670374147,-0.020044407027916655,207.0399932861328,202.88999938964844,0.1057465670374147,,,
2025-10-30,prior_20d_momentum_only,NVDA,0.0741172113147206,-0.0019714815796129104,202.88999938964844,202.49000549316406,0.0741172113147206,,,
2025-10-31,prior_20d_momentum_only,AMZN,0.11256893686951308,0.04004585509136338,244.22000122070312,254.0,0.11256893686951308,,,
2025-11-03,prior_20d_momentum_only,AMZN,0.14984158903610734,-0.018425168014886806,254.0,249.32000732421875,0.14984158903610734,,,
2025-11-04,prior_20d_momentum_only,AMZN,0.12417715166608945,0.0035295587926045258,249.32000732421875,250.1999969482422,0.12417715166608945,,,
2025-11-05,prior_20d_momentum_only,AMZN,0.11091375362821365,-0.028617121300727022,250.1999969482422,243.0399932861328,0.11091375362821365,,,
2025-11-06,prior_20d_momentum_only,AMZN,0.06718181884573626,0.005636975040415049,243.0399932861328,244.41000366210938,0.06718181884573626,,,
2025-11-07,prior_20d_momentum_only,AMZN,0.12959286951841542,0.01632498741700883,244.41000366210938,248.39999389648438,0.12959286951841542,,,
2025-11-10,prior_20d_momentum_only,AMZN,0.12873170186489058,0.0028180846386129943,248.39999389648438,249.10000610351562,0.12873170186489058,,,
2025-11-11,prior_20d_momentum_only,AMZN,0.1511622847919465,-0.01967085120518708,249.10000610351562,244.1999969482422,0.1511622847919465,,,
2025-11-12,prior_20d_momentum_only,AMZN,0.13281063529846127,-0.027108907452568887,244.1999969482422,237.5800018310547,0.13281063529846127,,,
2025-11-13,prior_20d_momentum_only,AMZN,0.10775400046074468,-0.012164320933474637,237.5800018310547,234.69000244140625,0.10775400046074468,,,
2025-11-14,prior_20d_momentum_only,AMZN,0.10162415432578165,-0.007754941860691922,234.69000244140625,232.8699951171875,0.10162415432578165,,,
2025-11-17,prior_20d_momentum_only,AMZN,0.07571138078862871,-0.04431653833391602,232.8699951171875,222.5500030517578,0.07571138078862871,,,
2025-11-18,prior_20d_momentum_only,AAPL,0.017772248060989204,0.004187836924032684,267.44000244140625,268.55999755859375,0.017772248060989204,,,
2025-11-19,prior_20d_momentum_only,AAPL,0.039117759234091,-0.008601420835542606,268.55999755859375,266.25,0.039117759234091,,,
2025-11-20,prior_20d_momentum_only,AAPL,0.025695407091322453,0.019680714495305063,266.25,271.489990234375,0.025695407091322453,,,
2025-11-21,prior_20d_momentum_only,AAPL,0.032988291106242906,0.0163174457722548,271.489990234375,275.9200134277344,0.032988291106242906,,,
2025-11-24,prior_20d_momentum_only,AAPL,0.026449968132568502,0.003805406428931457,275.9200134277344,276.9700012207031,0.026449968132568502,,,
2025-11-25,prior_20d_momentum_only,AAPL,0.029628257326034024,0.0020940411225383038,276.9700012207031,277.54998779296875,0.029628257326034024,,,
2025-11-26,prior_20d_momentum_only,AAPL,0.029106322694236963,0.004683906927485104,277.54998779296875,278.8500061035156,0.029106322694236963,,,
2025-11-28,prior_20d_momentum_only,AMZN,0.04648658611674783,0.0028299616613276513,233.22000122070312,233.8800048828125,0.04648658611674783,,,
2025-12-01,prior_20d_momentum_only,AAPL,0.04708366762669258,0.010914857899228636,283.1000061035156,286.19000244140625,0.04708366762669258,,,
2025-12-02,prior_20d_momentum_only,AAPL,0.06370568825904033,-0.00712816145749029,286.19000244140625,284.1499938964844,0.06370568825904033,,,
2025-12-03,prior_20d_momentum_only,AAPL,0.052251462394748316,-0.012141410394363561,284.1499938964844,280.70001220703125,0.052251462394748316,,,
2025-12-04,prior_20d_momentum_only,META,0.04022331409519064,0.017973414791039533,661.530029296875,673.4199829101562,0.04022331409519064,,,
2025-12-05,prior_20d_momentum_only,META,0.08802142413457514,-0.009830410865711903,673.4199829101562,666.7999877929688,0.08802142413457514,,,
2025-12-08,prior_20d_momentum_only,META,0.07252571814307296,-0.014756997601157229,666.7999877929688,656.9600219726562,0.07252571814307296,,,
2025-12-09,prior_20d_momentum_only,META,0.03988858398362405,-0.010396396829955079,656.9600219726562,650.1300048828125,0.03988858398362405,,,
2025-12-10,prior_20d_momentum_only,META,0.03675765000444331,0.0039684633388190615,650.1300048828125,652.7100219726562,0.03675765000444331,,,
2025-12-11,prior_20d_momentum_only,META,0.07175581929080121,-0.012992050402838018,652.7100219726562,644.22998046875,0.07175581929080121,,,
2025-12-12,prior_20d_momentum_only,TSLA,0.14171994976165325,0.035624033484225714,458.9599914550781,475.30999755859375,0.14171994976165325,,,
2025-12-15,prior_20d_momentum_only,TSLA,0.175491505833963,0.030653694218629735,475.30999755859375,489.8800048828125,0.175491505833963,,,
2025-12-16,prior_20d_momentum_only,TSLA,0.19798490853122708,-0.04617456293730249,489.8800048828125,467.260009765625,0.19798490853122708,,,
2025-12-17,prior_20d_momentum_only,TSLA,0.1645109277647976,0.034477560704677446,467.260009765625,483.3699951171875,0.1645109277647976,,,
2025-12-18,prior_20d_momentum_only,TSLA,0.19649002896522294,-0.00448927929345333,483.3699951171875,481.20001220703125,0.19649002896522294,,,
2025-12-19,prior_20d_momentum_only,TSLA,0.21751891008012803,0.01564837611861325,481.20001220703125,488.7300109863281,0.21751891008012803,,,
2025-12-22,prior_20d_momentum_only,TSLA,0.24966124309679172,-0.00648622625268469,488.7300109863281,485.55999755859375,0.24966124309679172,,,
2025-12-23,prior_20d_momentum_only,TSLA,0.16223849628355103,-0.00032952397832164415,485.55999755859375,485.3999938964844,0.16223849628355103,,,
2025-12-24,prior_20d_momentum_only,TSLA,0.15736767038744892,-0.021034181259704576,485.3999938964844,475.19000244140625,0.15736767038744892,,,
2025-12-26,prior_20d_momentum_only,TSLA,0.1139528749572638,-0.03272372674735757,475.19000244140625,459.6400146484375,0.1139528749572638,,,
2025-12-29,prior_20d_momentum_only,TSLA,0.0685077999414152,-0.011335005235871831,459.6400146484375,454.42999267578125,0.0685077999414152,,,
2025-12-30,prior_20d_momentum_only,TSLA,0.05646993351036289,-0.010364613980130777,454.42999267578125,449.7200012207031,0.05646993351036289,,,
2025-12-31,prior_20d_momentum_only,TSLA,0.04771226225950098,-0.02590499391813139,449.7200012207031,438.07000732421875,0.04771226225950098,,,
2026-01-02,prior_20d_momentum_only,NVDA,0.051561946402642,-0.0038655597709008616,188.85000610351562,188.1199951171875,0.051561946402642,,,
2026-01-05,prior_20d_momentum_only,NVDA,0.025847912030562137,-0.0046778101576882,188.1199951171875,187.24000549316406,0.025847912030562137,,,
2026-01-06,prior_20d_momentum_only,AMZN,0.0496666839067339,0.0026148877348795008,240.92999267578125,241.55999755859375,0.0496666839067339,,,
2026-01-07,prior_20d_momentum_only,AMZN,0.06465687429330846,0.019581038977249277,241.55999755859375,246.2899932861328,0.06465687429330846,,,
2026-01-08,prior_20d_momentum_only,AMZN,0.08059843482260276,0.004425724253495522,246.2899932861328,247.3800048828125,0.08059843482260276,,,
2026-01-09,prior_20d_momentum_only,AMZN,0.06730522989764132,-0.003678565947722645,247.3800048828125,246.47000122070312,0.06730522989764132,,,
2026-01-12,prior_20d_momentum_only,AMZN,0.07030572575659488,-0.0157016882298876,246.47000122070312,242.60000610351562,0.07030572575659488,,,
2026-01-13,prior_20d_momentum_only,AMZN,0.07254964182760615,-0.024526018373191683,242.60000610351562,236.64999389648438,0.07254964182760615,,,
2026-01-14,prior_20d_momentum_only,AMZN,0.06340433646104016,0.006465239039753046,236.64999389648438,238.17999267578125,0.06340433646104016,,,
2026-01-15,prior_20d_momentum_only,AMZN,0.07018330018212371,0.0039466053837939885,238.17999267578125,239.1199951171875,0.07018330018212371,,,
2026-01-16,prior_20d_momentum_only,NVDA,0.08944654889292991,-0.04381672442960616,186.22999572753906,178.07000732421875,0.08944654889292991,,,
2026-01-20,prior_20d_momentum_only,NVDA,0.02256809433986895,0.029482786455111043,178.07000732421875,183.32000732421875,0.02256809433986895,,,
2026-01-21,prior_20d_momentum_only,AMZN,0.01741803980104173,0.01309929882528893,231.30999755859375,234.33999633789062,0.01741803980104173,,,
2026-01-22,prior_20d_momentum_only,AMZN,0.025872275321120686,0.020568436457892858,234.33999633789062,239.16000366210938,0.025872275321120686,,,
2026-01-23,prior_20d_momentum_only,AMZN,0.030240390673379025,-0.003094185824689788,239.16000366210938,238.4199981689453,0.030240390673379025,,,
2026-01-26,prior_20d_momentum_only,AMZN,0.025991880365002773,0.026256163723313408,238.4199981689453,244.67999267578125,0.025991880365002773,,,
2026-01-27,prior_20d_momentum_only,AMZN,0.052296525803739335,-0.0068252338521122,244.67999267578125,243.00999450683594,0.052296525803739335,,,
2026-01-28,prior_20d_momentum_only,AMZN,0.04714089213317951,-0.005267268047532414,243.00999450683594,241.72999572753906,0.04714089213317951,,,
2026-01-29,prior_20d_momentum_only,META,0.10865678207851315,-0.02954043373476445,738.3099975585938,716.5,0.10865678207851315,,,
2026-01-30,prior_20d_momentum_only,META,0.08545799943873811,-0.014082382212796563,716.5,706.4099731445312,0.08545799943873811,,,
2026-02-02,prior_20d_momentum_only,META,0.08609954077004289,-0.02082354651933882,706.4099731445312,691.7000122070312,0.08609954077004289,,,
2026-02-03,prior_20d_momentum_only,META,0.04995527448403525,-0.03283218385408815,691.7000122070312,668.989990234375,0.04995527448403525,,,
2026-02-04,prior_20d_momentum_only,AAPL,0.05385731693755913,-0.0020976765624461935,276.489990234375,275.9100036621094,0.05385731693755913,,,
2026-02-05,prior_20d_momentum_only,AAPL,0.059847185854322804,0.008009827210848641,275.9100036621094,278.1199951171875,0.059847185854322804,,,
2026-02-06,prior_20d_momentum_only,AAPL,0.07365652386842325,-0.01258449612198953,278.1199951171875,274.6199951171875,0.07365652386842325,,,
2026-02-09,prior_20d_momentum_only,AAPL,0.058796315252694464,-0.003422920610733904,274.6199951171875,273.67999267578125,0.058796315252694464,,,
2026-02-10,prior_20d_momentum_only,AAPL,0.05160419856207965,0.0066501292492171515,273.67999267578125,275.5,0.05160419856207965,,,
2026-02-11,prior_20d_momentum_only,META,0.059579416542655306,-0.028234316071544474,668.6900024414062,649.8099975585938,0.059579416542655306,,,
2026-02-12,prior_20d_momentum_only,META,0.055708956555884814,-0.015450636439982457,649.8099975585938,639.77001953125,0.055708956555884814,,,
2026-02-13,prior_20d_momentum_only,META,0.030557397086495408,-0.0007503344784083321,639.77001953125,639.2899780273438,0.030557397086495408,,,
2026-02-17,prior_20d_momentum_only,AAPL,0.032677204803368554,0.0017811172199722058,263.8800048828125,264.3500061035156,0.032677204803368554,,,
2026-02-18,prior_20d_momentum_only,AAPL,0.07154442388978399,-0.014261469431454121,264.3500061035156,260.5799865722656,0.07154442388978399,,,
2026-02-19,prior_20d_momentum_only,AAPL,0.052210753056533,0.015350373037534393,260.5799865722656,264.5799865722656,0.052210753056533,,,
2026-02-20,prior_20d_momentum_only,AAPL,0.0653512384533026,0.006047343656806037,264.5799865722656,266.17999267578125,0.0653512384533026,,,
2026-02-23,prior_20d_momentum_only,AAPL,0.07313336510504809,0.022390946489790453,266.17999267578125,272.1400146484375,0.07313336510504809,,,
2026-02-24,prior_20d_momentum_only,AAPL,0.0655025674266887,0.007679856784716499,272.1400146484375,274.2300109863281,0.0655025674266887,,,
2026-02-25,prior_20d_momentum_only,AAPL,0.06179588280313664,-0.004667610137537803,274.2300109863281,272.95001220703125,0.06179588280313664,,,
2026-02-26,prior_20d_momentum_only,AAPL,0.06438156921090088,-0.03213049693728531,272.95001220703125,264.17999267578125,0.06438156921090088,,,
2026-02-27,prior_20d_momentum_only,AAPL,0.022843402216081055,0.002044093269336189,264.17999267578125,264.7200012207031,0.022843402216081055,,,
2026-03-02,prior_20d_momentum_only,AAPL,0.020194196132707454,-0.0036642536122324376,264.7200012207031,263.75,0.020194196132707454,,,
2026-03-03,prior_20d_momentum_only,AAPL,-0.023184361835543954,-0.004663548763329417,263.75,262.5199890136719,-0.023184361835543954,,,
2026-03-04,prior_20d_momentum_only,NVDA,0.014971703466065245,0.001639002746732121,183.0399932861328,183.33999633789062,0.014971703466065245,,,
2026-03-05,prior_20d_momentum_only,NVDA,0.052528812034216665,-0.03010793675101142,183.33999633789062,177.82000732421875,0.052528812034216665,,,
2026-03-06,prior_20d_momentum_only,MSFT,0.0388395801199386,0.0011003819846291396,408.9599914550781,409.4100036621094,0.0388395801199386,,,
2026-03-09,prior_20d_momentum_only,MSFT,0.020616215564831508,-0.008915253325116002,409.4100036621094,405.760009765625,0.020616215564831508,,,
2026-03-10,prior_20d_momentum_only,AMZN,0.026878116987070433,-0.007838417021498345,214.3300018310547,212.64999389648438,0.026878116987070433,,,
2026-03-11,prior_20d_momentum_only,AMZN,0.027493172584227343,-0.014671973697334195,212.64999389648438,209.52999877929688,0.027493172584227343,,,
2026-03-12,prior_20d_momentum_only,AMZN,0.026705198448370826,-0.008877013416636048,209.52999877929688,207.6699981689453,0.026705198448370826,,,
2026-03-13,prior_20d_momentum_only,AMZN,0.040430820734767225,0.0195984367511175,207.6699981689453,211.74000549316406,0.040430820734767225,,,
2026-03-16,prior_20d_momentum_only,AMZN,0.06514418554454782,0.016340754535353108,211.74000549316406,215.1999969482422,0.06514418554454782,,,
2026-03-17,prior_20d_momentum_only,AMZN,0.06984838915276437,-0.024767666852414494,215.1999969482422,209.8699951171875,0.06984838915276437,,,
2026-03-18,prior_20d_momentum_only,AMZN,0.02480590847989772,-0.005288991452693126,209.8699951171875,208.75999450683594,0.02480590847989772,,,
2026-03-19,prior_20d_momentum_only,AMZN,0.019037361538928543,-0.01623874055782004,208.75999450683594,205.3699951171875,0.019037361538928543,,,
2026-03-20,prior_20d_momentum_only,AMZN,-0.02255963771069802,0.02322639327005427,205.3699951171875,210.13999938964844,-0.02255963771069802,,,
2026-03-23,prior_20d_momentum_only,AMZN,0.023724825916227932,-0.013800294588880768,210.13999938964844,207.24000549316406,0.023724825916227932,,,
2026-03-24,prior_20d_momentum_only,AMZN,-0.006329075953593888,0.021569200454641724,207.24000549316406,211.7100067138672,-0.006329075953593888,,,
2026-03-25,prior_20d_momentum_only,AMZN,0.005079791717238935,-0.019696817795534227,211.7100067138672,207.5399932861328,0.005079791717238935,,,
2026-03-26,prior_20d_momentum_only,AMZN,-0.0018276495101915424,-0.039510442389467326,207.5399932861328,199.33999633789062,-0.0018276495101915424,,,
2026-03-27,prior_20d_momentum_only,AMZN,-0.05076192220052078,0.008076656164990315,199.33999633789062,200.9499969482422,-0.05076192220052078,,,
2026-03-30,prior_20d_momentum_only,AMZN,-0.035702300797529674,0.03642700888472339,200.9499969482422,208.27000427246094,-0.035702300797529674,,,
2026-03-31,prior_20d_momentum_only,AMZN,-0.002203763064694164,0.011043371606930696,208.27000427246094,210.57000732421875,-0.002203763064694164,,,
2026-04-01,prior_20d_momentum_only,AAPL,-0.026245560030480397,0.0011344258521832629,255.6300048828125,255.9199981689453,-0.026245560030480397,,,
2026-04-02,prior_20d_momentum_only,AAPL,-0.016789005465118967,0.011487914987700076,255.9199981689453,258.8599853515625,-0.016789005465118967,,,
2026-04-06,prior_20d_momentum_only,AAPL,0.00543771437485141,-0.020706117804507373,258.8599853515625,253.5,0.00543771437485141,,,
2026-04-07,prior_20d_momentum_only,AMZN,0.0013115310885400966,0.03499085736091123,213.77000427246094,221.25,0.0013115310885400966,,,
2026-04-08,prior_20d_momentum_only,AMZN,0.03228665193779068,0.056045170153601775,221.25,233.64999389648438,0.03228665193779068,,,
2026-04-09,prior_20d_momentum_only,AMZN,0.09875382366680219,0.020244002182271403,233.64999389648438,238.3800048828125,0.09875382366680219,,,
2026-04-10,prior_20d_momentum_only,AMZN,0.1376891436624501,0.006334400855383171,238.3800048828125,239.88999938964844,0.1376891436624501,,,
2026-04-13,prior_20d_momentum_only,AMZN,0.15515000483840358,0.038059130876826774,239.88999938964844,249.02000427246094,0.15515000483840358,,,
2026-04-14,prior_20d_momentum_only,AMZN,0.17606497502665097,-0.00208820280916866,249.02000427246094,248.5,0.17606497502665097,,,
2026-04-15,prior_20d_momentum_only,AMZN,0.15473979332707333,0.004828961562342915,248.5,249.6999969482422,0.15473979332707333,,,
2026-04-16,prior_20d_momentum_only,AMZN,0.18978416523436015,0.003444135445984209,249.6999969482422,250.55999755859375,0.18978416523436015,,,
2026-04-17,prior_20d_momentum_only,AMZN,0.20022994899240176,-0.009099612075002872,250.55999755859375,248.27999877929688,0.20022994899240176,,,
2026-04-20,prior_20d_momentum_only,AMZN,0.2089399848192246,0.0065651880571397925,248.27999877929688,249.91000366210938,0.2089399848192246,,,
2026-04-21,prior_20d_momentum_only,AMZN,0.1892548034071233,0.021807838295304194,249.91000366210938,255.36000061035156,0.1892548034071233,,,
2026-04-22,prior_20d_momentum_only,AMZN,0.23219452731955648,-0.001096486445127054,255.36000061035156,255.0800018310547,0.23219452731955648,,,
2026-04-23,prior_20d_momentum_only,AMZN,0.20485566927312715,0.03493017225717909,255.0800018310547,263.989990234375,0.20485566927312715,,,
2026-04-24,prior_20d_momentum_only,AMZN,0.27199575394808506,-0.010871605831113018,263.989990234375,261.1199951171875,0.27199575394808506,,,
2026-04-27,prior_20d_momentum_only,AMZN,0.3099227446286137,-0.005438047398549362,261.1199951171875,259.70001220703125,0.3099227446286137,,,
2026-04-28,prior_20d_momentum_only,AMZN,0.2923613642747207,0.012860978748156615,259.70001220703125,263.0400085449219,0.2923613642747207,,,
2026-04-29,prior_20d_momentum_only,AMZN,0.262975959806532,0.0076793983730687465,263.0400085449219,265.05999755859375,0.262975959806532,,,
2026-04-30,prior_20d_momentum_only,AMZN,0.258773749057603,0.012072784412985094,265.05999755859375,268.260009765625,0.258773749057603,,,
2026-05-01,prior_20d_momentum_only,AMZN,0.27882921438660024,0.014128002271583506,268.260009765625,272.04998779296875,0.27882921438660024,,,
2026-05-04,prior_20d_momentum_only,AMZN,0.2784905135419158,0.005513692583370089,272.04998779296875,273.54998779296875,0.2784905135419158,,,
2026-05-05,prior_20d_momentum_only,AMZN,0.27964626620072996,0.005264129064761924,273.54998779296875,274.989990234375,0.27964626620072996,,,
2026-05-06,prior_20d_momentum_only,AMZN,0.24289261122881345,-0.01389133038400725,274.989990234375,271.1700134277344,0.24289261122881345,,,
2026-05-07,prior_20d_momentum_only,TSLA,0.19145308246792392,0.040214665764012114,411.7900085449219,428.3500061035156,0.19145308246792392,,,
2026-05-08,prior_20d_momentum_only,TSLA,0.2275397366926486,0.038870068073398656,428.3500061035156,445.0,0.2275397366926486,,,
2026-05-11,prior_20d_momentum_only,TSLA,0.2626978691471211,-0.025955028748244402,445.0,433.45001220703125,0.2626978691471211,,,
2026-05-12,prior_20d_momentum_only,TSLA,0.1901427723199376,0.027269526989873505,433.45001220703125,445.2699890136719,0.1901427723199376,,,
2026-05-13,prior_20d_momentum_only,TSLA,0.13603769650726938,-0.004424284747029383,445.2699890136719,443.29998779296875,0.13603769650726938,,,
2026-05-14,prior_20d_momentum_only,NVDA,0.1885051587552522,-0.04420122985552177,235.74000549316406,225.32000732421875,0.1885051587552522,,,
2026-05-15,prior_20d_momentum_only,NVDA,0.11721546760684864,-0.013314396868819633,225.32000732421875,222.32000732421875,0.11721546760684864,,,
2026-05-18,prior_20d_momentum_only,NVDA,0.10026729689408209,-0.00769164563481417,222.32000732421875,220.61000061035156,0.10026729689408209,,,
2026-05-19,prior_20d_momentum_only,AAPL,0.12322946289317449,0.0109709963070026,298.9700012207031,302.25,0.12322946289317449,,,
2026-05-20,prior_20d_momentum_only,AAPL,0.10645380218483824,0.009065310949131433,302.25,304.989990234375,0.10645380218483824,,,
2026-05-21,prior_20d_momentum_only,TSLA,0.11808306951372183,0.019528547428303344,417.8500061035156,426.010009765625,0.11808306951372183,,,
2026-05-22,prior_20d_momentum_only,AAPL,0.13930498821561677,-0.001586751960143129,308.82000732421875,308.3299865722656,0.13930498821561677,,,
2026-05-26,prior_20d_momentum_only,AAPL,0.15216174077812816,0.008173125031610828,308.3299865722656,310.8500061035156,0.15216174077812816,,,
2026-05-27,prior_20d_momentum_only,TSLA,0.17110791505169498,0.003951359818862743,440.3599853515625,442.1000061035156,0.17110791505169498,,,
2026-05-28,prior_20d_momentum_only,TSLA,0.18589061314302424,-0.014272783242432974,442.1000061035156,435.7900085449219,0.18589061314302424,,,
2026-05-29,prior_20d_momentum_only,AAPL,0.15002760471487853,-0.018425943872925732,312.05999755859375,306.30999755859375,0.15002760471487853,,,
2026-06-01,prior_20d_momentum_only,NVDA,0.13056187483271664,-0.006863938678656645,224.36000061035156,222.82000732421875,0.13056187483271664,,,
2026-06-02,prior_20d_momentum_only,AAPL,0.13860501931119096,-0.015672595971098935,315.20001220703125,310.260009765625,0.13860501931119096,,,
2026-06-03,prior_20d_momentum_only,NVDA,0.09287531806615767,0.018207234747889878,214.75,218.66000366210938,0.09287531806615767,,,
2026-06-04,prior_20d_momentum_only,AAPL,0.08250147965296728,-0.012498841728371679,311.2300109863281,307.3399963378906,0.08250147965296728,,,
2026-06-05,prior_20d_momentum_only,AAPL,0.06923181786620303,-0.01887156849768501,307.3399963378906,301.5400085449219,0.06923181786620303,,,
2025-07-10,prior_20d_vol_adjusted_momentum,NVDA,8.15468827206268,0.004996904539494196,164.10000610351562,164.9199981689453,0.13989996145025474,0.017155770617197103,,
2025-07-11,prior_20d_vol_adjusted_momentum,NVDA,9.019901381265932,-0.005153958611228138,164.9199981689453,164.07000732421875,0.1546593576608617,0.017146457718715705,,
2025-07-14,prior_20d_vol_adjusted_momentum,NVDA,7.823866952066833,0.04040951623121414,164.07000732421875,170.6999969482422,0.1315172918911638,0.016809755674132575,,
2025-07-15,prior_20d_vol_adjusted_momentum,NVDA,11.956381857310657,0.003925003989006859,170.6999969482422,171.3699951171875,0.20236666535542325,0.016925410025415623,,
2025-07-16,prior_20d_vol_adjusted_momentum,NVDA,10.669589895447908,0.009511611888054494,171.3699951171875,173.0,0.18439416839864653,0.017282217049159197,,
2025-07-17,prior_20d_vol_adjusted_momentum,NVDA,11.674481026534199,-0.003410383456015187,173.0,172.41000366210938,0.2003886057540416,0.017164669272971608,,
2025-07-18,prior_20d_vol_adjusted_momentum,NVDA,10.948420119080637,-0.005974124223762978,172.41000366210938,171.3800048828125,0.18511141548976906,0.01690759154986768,,
2025-07-21,prior_20d_vol_adjusted_momentum,NVDA,11.16253024690199,-0.025382226511722283,171.3800048828125,167.02999877929688,0.19137989302194436,0.0171448487743233,,
2025-07-22,prior_20d_vol_adjusted_momentum,NVDA,9.402780969685725,0.022451056860480545,167.02999877929688,170.77999877929688,0.15856281404375916,0.016863395473632827,,
2025-07-23,prior_20d_vol_adjusted_momentum,NVDA,8.365659256200168,0.01733227974601692,170.77999877929688,173.74000549316406,0.1546991604261072,0.01849216609096918,,
2025-07-24,prior_20d_vol_adjusted_momentum,AMZN,7.550171943992256,-0.00340177109187767,232.22999572753906,231.44000244140625,0.09547615316717217,0.012645560111136735,,
2025-07-25,prior_20d_vol_adjusted_momentum,NVDA,7.237378250504247,0.018731988472622474,173.5,176.75,0.1192103936151292,0.01647148863703835,,
2025-07-28,prior_20d_vol_adjusted_momentum,NVDA,7.275897197924181,-0.007015589777448761,176.75,175.50999450683594,0.12044374009508707,0.01655379904617808,,
2025-07-29,prior_20d_vol_adjusted_momentum,NVDA,6.681175390421311,0.021423337036675427,175.50999450683594,179.27000427246094,0.11089302110588206,0.016597831163790062,,
2025-07-30,prior_20d_vol_adjusted_momentum,NVDA,10.070049422709857,-0.007809500317440987,179.27000427246094,177.8699951171875,0.169406397284513,0.01682279700658367,,
2025-07-31,prior_20d_vol_adjusted_momentum,MSFT,13.256352652435947,-0.01760077722293818,533.5,524.1099853515625,0.08635892398209122,0.006514531277668007,,
2025-08-01,prior_20d_vol_adjusted_momentum,NVDA,6.108634114952462,0.036150119359707134,173.72000122070312,180.0,0.09024730270684067,0.014773728628784143,,
2025-08-04,prior_20d_vol_adjusted_momentum,NVDA,8.556072335207842,-0.009666697184244843,180.0,178.25999450683594,0.13751259954156136,0.016071930455251456,,
2025-08-05,prior_20d_vol_adjusted_momentum,NVDA,6.594209428024019,0.006507369560503795,178.25999450683594,179.4199981689453,0.11412496566772456,0.017306845788475748,,
2025-08-06,prior_20d_vol_adjusted_momentum,NVDA,5.75590287955249,0.0075242788835858665,179.4199981689453,180.77000427246094,0.1015471070131222,0.01764225511411292,,
2025-08-07,prior_20d_vol_adjusted_momentum,NVDA,5.837703970646567,0.010676509543432466,180.77000427246094,182.6999969482422,0.10158438481976506,0.017401427912507504,,
2025-08-08,prior_20d_vol_adjusted_momentum,NVDA,6.195367070854258,-0.0035030071173440813,182.6999969482422,182.05999755859375,0.10780984099383084,0.017401687383628316,,
2025-08-11,prior_20d_vol_adjusted_momentum,NVDA,6.284268268433876,0.006041997793400977,182.05999755859375,183.16000366210938,0.10964825642279008,0.017448054688173887,,
2025-08-12,prior_20d_vol_adjusted_momentum,AAPL,5.410058546892527,0.01602441991019199,229.64999389648438,233.3300018310547,0.09822578177122354,0.018156140256124078,,
2025-08-13,prior_20d_vol_adjusted_momentum,AAPL,6.056047147256346,-0.0023571895917441354,233.3300018310547,232.77999877929688,0.11024932320708136,0.01820483238097463,,
2025-08-14,prior_20d_vol_adjusted_momentum,AAPL,5.897487109354244,-0.005112133549474374,232.77999877929688,231.58999633789062,0.10837060300841239,0.018375725287558726,,
2025-08-15,prior_20d_vol_adjusted_momentum,AAPL,5.250018503318901,-0.0030225698834628334,231.58999633789062,230.88999938964844,0.09664743048572921,0.01840896949689447,,
2025-08-18,prior_20d_vol_adjusted_momentum,AAPL,4.669373949978838,-0.001429259958971918,230.88999938964844,230.55999755859375,0.08664346777245013,0.01855569262616947,,
2025-08-19,prior_20d_vol_adjusted_momentum,AAPL,4.045073146947631,-0.019734572779050663,230.55999755859375,226.00999450683594,0.07537315355480678,0.018633322764925166,,
2025-08-20,prior_20d_vol_adjusted_momentum,AAPL,2.970962045391525,-0.004911289931109564,226.00999450683594,224.89999389648438,0.05538174619834191,0.018641014375881563,,
2025-08-21,prior_20d_vol_adjusted_momentum,AAPL,2.693202914951558,0.012716766064777785,224.89999389648438,227.75999450683594,0.05211451944200052,0.019350387285221652,,
2025-08-22,prior_20d_vol_adjusted_momentum,TSLA,3.646167153256942,0.019381771561470362,340.010009765625,346.6000061035156,0.07577679045761299,0.02078258820085231,,
2025-08-25,prior_20d_vol_adjusted_momentum,AAPL,3.13751448912836,0.009464667467088184,227.16000366210938,229.30999755859375,0.06124737408754699,0.01952098525752538,,
2025-08-26,prior_20d_vol_adjusted_momentum,AAPL,4.36558676677039,0.00514590705653295,229.30999755859375,230.49000549316406,0.0853883320931248,0.01955941701653409,,
2025-08-27,prior_20d_vol_adjusted_momentum,AAPL,5.334513366635132,0.008980832210059075,230.49000549316406,232.55999755859375,0.1025592065459,0.019225597443875485,,
2025-08-28,prior_20d_vol_adjusted_momentum,AAPL,6.367313732172096,-0.00180597769760249,232.55999755859375,232.13999938964844,0.12039306909760472,0.018907984459646653,,
2025-08-29,prior_20d_vol_adjusted_momentum,AAPL,7.861453090684588,-0.010424735828844955,232.13999938964844,229.72000122070312,0.14705007307450346,0.018705202635979617,,
2025-09-02,prior_20d_vol_adjusted_momentum,AAPL,7.469330980111796,0.038089848308826335,229.72000122070312,238.47000122070312,0.12967786735036446,0.017361376500204778,,
2025-09-03,prior_20d_vol_adjusted_momentum,AAPL,9.846462253260544,0.005493343195739575,238.47000122070312,239.77999877929688,0.17519221058813494,0.01779240158363701,,
2025-09-04,prior_20d_vol_adjusted_momentum,AAPL,6.539315171727585,-0.00037532879451496193,239.77999877929688,239.69000244140625,0.12440796613972749,0.019024616931999142,,
2025-09-05,prior_20d_vol_adjusted_momentum,AAPL,5.528068969358972,-0.007551410322323426,239.69000244140625,237.8800048828125,0.08935146921411175,0.016163233438180644,,
2025-09-08,prior_20d_vol_adjusted_momentum,AMZN,3.589262890432828,0.010176429751274751,235.83999633789062,238.24000549316406,0.05905067022460675,0.01645203263934948,,
2025-09-09,prior_20d_vol_adjusted_momentum,AMZN,4.592297209362485,-0.03320182790348514,238.24000549316406,230.3300018310547,0.07654768281880364,0.016668712700637727,,
2025-09-10,prior_20d_vol_adjusted_momentum,AMZN,2.4109000011979336,-0.0016498279850283293,230.3300018310547,229.9499969482422,0.040005420876492614,0.016593562925303673,,
2025-09-11,prior_20d_vol_adjusted_momentum,TSLA,3.9581812028598797,0.07356092584909457,368.80999755859375,395.94000244140625,0.08671693161753402,0.02190827735599345,,
2025-09-12,prior_20d_vol_adjusted_momentum,TSLA,7.045086076378291,0.03561147147692467,395.94000244140625,410.0400085449219,0.17986774624339041,0.025530950834862773,,
2025-09-15,prior_20d_vol_adjusted_momentum,TSLA,8.14588108934647,0.028241113869250656,410.0400085449219,421.6199951171875,0.2404404996773386,0.029516819241542442,,
2025-09-16,prior_20d_vol_adjusted_momentum,TSLA,8.730210761424956,0.01005642588937583,421.6199951171875,425.8599853515625,0.25796631611880083,0.029548692828659184,,
2025-09-17,prior_20d_vol_adjusted_momentum,TSLA,9.841953067916442,-0.021157139806429193,425.8599853515625,416.8500061035156,0.2931887537844633,0.029789692326436974,,
2025-09-18,prior_20d_vol_adjusted_momentum,TSLA,9.900815944985872,0.022118270566640064,416.8500061035156,426.07000732421875,0.28697133052968593,0.02898461421000544,,
2025-09-19,prior_20d_vol_adjusted_momentum,TSLA,11.313481427623305,0.019104804353584193,426.07000732421875,434.2099914550781,0.3310112986831233,0.029258128967703703,,
2025-09-22,prior_20d_vol_adjusted_momentum,TSLA,9.645879661378686,-0.019253323313789705,434.2099914550781,425.8500061035156,0.27705061316985,0.02872217183873214,,
2025-09-23,prior_20d_vol_adjusted_momentum,TSLA,8.624300284573065,0.03977927016229388,425.8500061035156,442.7900085449219,0.2286497363082307,0.02651226519990656,,
2025-09-24,prior_20d_vol_adjusted_momentum,TSLA,9.460756988761553,-0.04381307961359793,442.7900085449219,423.3900146484375,0.2591065249750446,0.027387504539313042,,
2025-09-25,prior_20d_vol_adjusted_momentum,TSLA,7.499524553207936,0.0401756741055197,423.3900146484375,440.3999938964844,0.21106981480736264,0.028144426131264163,,
2025-09-26,prior_20d_vol_adjusted_momentum,TSLA,8.923726955006275,0.00638055766924972,440.3999938964844,443.2099914550781,0.2729058902593289,0.03058205295111889,,
2025-09-29,prior_20d_vol_adjusted_momentum,TSLA,10.601051591332855,0.0034069849388267404,443.2099914550781,444.7200012207031,0.3274927305147999,0.030892475873105785,,
2025-09-30,prior_20d_vol_adjusted_momentum,TSLA,12.13799331873987,0.033144428390707636,444.7200012207031,459.4599914550781,0.3502551038372317,0.028856096278820006,,
2025-10-01,prior_20d_vol_adjusted_momentum,TSLA,13.293709614499454,-0.051059922281332826,459.4599914550781,436.0,0.3752581534659041,0.028228249626922036,,
2025-10-02,prior_20d_vol_adjusted_momentum,TSLA,10.102681664338057,-0.014151406944344913,436.0,429.8299865722656,0.2879213114706809,0.028499493603468495,,
2025-10-03,prior_20d_vol_adjusted_momentum,TSLA,6.979432954269233,0.054486690457546505,429.8299865722656,453.25,0.22514533992384522,0.03225839998736955,,
2025-10-06,prior_20d_vol_adjusted_momentum,TSLA,9.541319854518415,-0.044478772558432134,453.25,433.0899963378906,0.308458452616041,0.03232869847351009,,
2025-10-07,prior_20d_vol_adjusted_momentum,TSLA,7.465037048063175,0.012930352007360923,433.0899963378906,438.69000244140625,0.2482058818174533,0.0332491158743614,,
2025-10-08,prior_20d_vol_adjusted_momentum,AAPL,8.691948671254933,-0.015577789314472068,258.05999755859375,254.0399932861328,0.13788088186505076,0.015863057535191783,,
2025-10-09,prior_20d_vol_adjusted_momentum,AAPL,7.863075240393836,-0.034522080166306646,254.0399932861328,245.27000427246094,0.10437766654023428,0.013274407702984964,,
2025-10-10,prior_20d_vol_adjusted_momentum,AAPL,3.413259225949029,0.009744360696440912,245.27000427246094,247.66000366210938,0.04784891954452197,0.014018542506456705,,
2025-10-13,prior_20d_vol_adjusted_momentum,AAPL,2.851619853463865,0.0004441597703503941,247.66000366210938,247.77000427246094,0.046303366519534706,0.01623756633034027,,
2025-10-14,prior_20d_vol_adjusted_momentum,AAPL,2.4937286657913234,0.0063364896410271765,247.77000427246094,249.33999633789062,0.04039475382123281,0.016198536101927726,,
2025-10-15,prior_20d_vol_adjusted_momentum,AAPL,2.6766932884126446,-0.007580008893106838,249.33999633789062,247.4499969482422,0.04330721204583021,0.01617937035718897,,
2025-10-16,prior_20d_vol_adjusted_momentum,AAPL,2.4826584169265287,0.019559492412937862,247.4499969482422,252.2899932861328,0.04023033407176935,0.016204538569415252,,
2025-10-17,prior_20d_vol_adjusted_momentum,AAPL,1.6985348691903634,0.03943873008454002,252.2899932861328,262.239990234375,0.027657813792801633,0.016283335888173562,,
2025-10-20,prior_20d_vol_adjusted_momentum,AAPL,1.5737913332092441,0.002021044840732289,262.239990234375,262.7699890136719,0.02405499837985592,0.0152847444716851,,
2025-10-21,prior_20d_vol_adjusted_momentum,AAPL,2.2187061797180836,-0.016440145325788524,262.7699890136719,258.45001220703125,0.03277913995194037,0.014773988665820277,,
2025-10-22,prior_20d_vol_adjusted_momentum,MSFT,2.3569253980224123,3.8459161822324006e-05,520.5399780273438,520.5599975585938,0.020366527992094152,0.008641142400681315,,
2025-10-23,prior_20d_vol_adjusted_momentum,MSFT,3.065990759327733,0.00585905142014953,520.5599975585938,523.6099853515625,0.026684809206301674,0.00870348650762168,,
2025-10-24,prior_20d_vol_adjusted_momentum,MSFT,2.78026289355448,0.015106729055933688,523.6099853515625,531.52001953125,0.023755511866956125,0.008544340149281867,,
2025-10-27,prior_20d_vol_adjusted_momentum,MSFT,3.8971280072018115,0.019848712005754443,531.52001953125,542.0700073242188,0.032879993680619446,0.008436980673936782,,
2025-10-28,prior_20d_vol_adjusted_momentum,MSFT,5.211114108760135,-0.0009593217190099201,542.0700073242188,541.5499877929688,0.046568191039150664,0.008936321498097168,,
2025-10-29,prior_20d_vol_adjusted_momentum,NVDA,4.5972634894553925,-0.020044407027916655,207.0399932861328,202.88999938964844,0.1057465670374147,0.0230020679214847,,
2025-10-30,prior_20d_vol_adjusted_momentum,AAPL,3.6055731960694093,-0.0037951319176879883,271.3999938964844,270.3699951171875,0.055497175524791276,0.015392053497982273,,
2025-10-31,prior_20d_vol_adjusted_momentum,AMZN,5.98599090701173,0.04004585509136338,244.22000122070312,254.0,0.11256893686951308,0.01880539723801697,,
2025-11-03,prior_20d_vol_adjusted_momentum,AMZN,5.318107795151327,-0.018425168014886806,254.0,249.32000732421875,0.14984158903610734,0.028175733702261965,,
2025-11-04,prior_20d_vol_adjusted_momentum,AMZN,4.2520168958005975,0.0035295587926045258,249.32000732421875,250.1999969482422,0.12417715166608945,0.02920429403484498,,
2025-11-05,prior_20d_vol_adjusted_momentum,AMZN,3.726094084569637,-0.028617121300727022,250.1999969482422,243.0399932861328,0.11091375362821365,0.029766761415801493,,
2025-11-06,prior_20d_vol_adjusted_momentum,AAPL,4.0156986201478775,-0.004818874767062664,269.7699890136719,268.4700012207031,0.06191936759273142,0.015419326361312257,,
2025-11-07,prior_20d_vol_adjusted_momentum,AAPL,6.363395503521413,0.003575786682732396,268.4700012207031,269.42999267578125,0.09458962182130604,0.014864646047689709,,
2025-11-10,prior_20d_vol_adjusted_momentum,AAPL,7.240262790953938,0.021601185771556786,269.42999267578125,275.25,0.0879027242661814,0.012140819581301386,,
2025-11-11,prior_20d_vol_adjusted_momentum,AAPL,9.180157248981935,-0.006466843884820661,275.25,273.4700012207031,0.11090929189846821,0.012081415262333101,,
2025-11-12,prior_20d_vol_adjusted_momentum,AAPL,7.656112645684698,-0.0019014480979659965,273.4700012207031,272.95001220703125,0.09677550829074755,0.012640293157820011,,
2025-11-13,prior_20d_vol_adjusted_momentum,AAPL,7.9829329573012995,-0.0019784155368063328,272.95001220703125,272.4100036621094,0.10305118437371719,0.012908937720623742,,
2025-11-14,prior_20d_vol_adjusted_momentum,AAPL,6.286937117486781,-0.018171183658773127,272.4100036621094,267.4599914550781,0.07974953787864902,0.012684958730830935,,
2025-11-17,prior_20d_vol_adjusted_momentum,AMZN,2.611681027325744,-0.04431653833391602,232.8699951171875,222.5500030517578,0.07571138078862871,0.028989520541164295,,
2025-11-18,prior_20d_vol_adjusted_momentum,AAPL,1.7632290003243527,0.004187836924032684,267.44000244140625,268.55999755859375,0.017772248060989204,0.01007937599581219,,
2025-11-19,prior_20d_vol_adjusted_momentum,AAPL,3.8809344111125044,-0.008601420835542606,268.55999755859375,266.25,0.039117759234091,0.010079469295353936,,
2025-11-20,prior_20d_vol_adjusted_momentum,AAPL,2.7845044635514156,0.019680714495305063,266.25,271.489990234375,0.025695407091322453,0.009227999964686711,,
2025-11-21,prior_20d_vol_adjusted_momentum,AAPL,3.4719039568919365,0.0163174457722548,271.489990234375,275.9200134277344,0.032988291106242906,0.009501498749917658,,
2025-11-24,prior_20d_vol_adjusted_momentum,AAPL,2.627529662911062,0.003805406428931457,275.9200134277344,276.9700012207031,0.026449968132568502,0.01006647746205246,,
2025-11-25,prior_20d_vol_adjusted_momentum,AAPL,3.1399236839741245,0.0020940411225383038,276.9700012207031,277.54998779296875,0.029628257326034024,0.009435980077240051,,
2025-11-26,prior_20d_vol_adjusted_momentum,AAPL,3.079929572176725,0.004683906927485104,277.54998779296875,278.8500061035156,0.029106322694236963,0.009450320863559946,,
2025-11-28,prior_20d_vol_adjusted_momentum,AAPL,2.9054418567430944,0.015241168753721723,278.8500061035156,283.1000061035156,0.027450303517223995,0.00944789290947811,,
2025-12-01,prior_20d_vol_adjusted_momentum,AAPL,5.002923412866105,0.010914857899228636,283.1000061035156,286.19000244140625,0.04708366762669258,0.009411230942613813,,
2025-12-02,prior_20d_vol_adjusted_momentum,AAPL,6.492251764651965,-0.00712816145749029,286.19000244140625,284.1499938964844,0.06370568825904033,0.009812572057956142,,
2025-12-03,prior_20d_vol_adjusted_momentum,AAPL,5.312453287409542,-0.012141410394363561,284.1499938964844,280.70001220703125,0.052251462394748316,0.009835655876463654,,
2025-12-04,prior_20d_vol_adjusted_momentum,AAPL,3.8712351796638456,-0.00684009028940924,280.70001220703125,278.7799987792969,0.03909083062846741,0.01009776694369207,,
2025-12-05,prior_20d_vol_adjusted_momentum,META,4.684910155533358,-0.009830410865711903,673.4199829101562,666.7999877929688,0.08802142413457514,0.01878828434534926,,
2025-12-08,prior_20d_vol_adjusted_momentum,META,4.073386879983001,-0.014756997601157229,666.7999877929688,656.9600219726562,0.07252571814307296,0.01780477039867512,,
2025-12-09,prior_20d_vol_adjusted_momentum,AAPL,2.6803949377290395,0.00577244442526248,277.17999267578125,278.7799987792969,0.02876442939047985,0.010731414608195936,,
2025-12-10,prior_20d_vol_adjusted_momentum,META,2.0106812182382843,0.0039684633388190615,650.1300048828125,652.7100219726562,0.03675765000444331,0.018281192299915934,,
2025-12-11,prior_20d_vol_adjusted_momentum,META,3.9050576166842754,-0.012992050402838018,652.7100219726562,644.22998046875,0.07175581929080121,0.018375098739702587,,
2025-12-12,prior_20d_vol_adjusted_momentum,TSLA,5.206636878840026,0.035624033484225714,458.9599914550781,475.30999755859375,0.14171994976165325,0.027219096138163316,,
2025-12-15,prior_20d_vol_adjusted_momentum,TSLA,7.831020372745488,0.030653694218629735,475.30999755859375,489.8800048828125,0.175491505833963,0.02240978793066748,,
2025-12-16,prior_20d_vol_adjusted_momentum,TSLA,8.494074616565438,-0.04617456293730249,489.8800048828125,467.260009765625,0.19798490853122708,0.023308590690398465,,
2025-12-17,prior_20d_vol_adjusted_momentum,TSLA,6.9028136203795105,0.034477560704677446,467.260009765625,483.3699951171875,0.1645109277647976,0.02383244526248022,,
2025-12-18,prior_20d_vol_adjusted_momentum,TSLA,7.4984313039419,-0.00448927929345333,483.3699951171875,481.20001220703125,0.19649002896522294,0.02620415137522548,,
2025-12-19,prior_20d_vol_adjusted_momentum,TSLA,8.09765079059081,0.01564837611861325,481.20001220703125,488.7300109863281,0.21751891008012803,0.02686197709746603,,
2025-12-22,prior_20d_vol_adjusted_momentum,TSLA,9.572810601189753,-0.00648622625268469,488.7300109863281,485.55999755859375,0.24966124309679172,0.026080244715774765,,
2025-12-23,prior_20d_vol_adjusted_momentum,TSLA,6.32749853251255,-0.00032952397832164415,485.55999755859375,485.3999938964844,0.16223849628355103,0.025640226615608344,,
2025-12-24,prior_20d_vol_adjusted_momentum,TSLA,7.106232603634503,-0.021034181259704576,485.3999938964844,475.19000244140625,0.15736767038744892,0.02214502102097851,,
2025-12-26,prior_20d_vol_adjusted_momentum,TSLA,5.132101918520785,-0.03272372674735757,475.19000244140625,459.6400146484375,0.1139528749572638,0.02220393841868756,,
2025-12-29,prior_20d_vol_adjusted_momentum,NVDA,3.202838964854026,-0.003612835671873982,188.22000122070312,187.5399932861328,0.06338983740510251,0.019791765399604345,,
2025-12-30,prior_20d_vol_adjusted_momentum,META,2.8542683424440174,-0.008799437261277077,665.9500122070312,660.0900268554688,0.03913432877327594,0.013710809243592872,,
2025-12-31,prior_20d_vol_adjusted_momentum,TSLA,1.9304838049357769,-0.02590499391813139,449.7200012207031,438.07000732421875,0.04771226225950098,0.024715183902352535,,
2026-01-02,prior_20d_vol_adjusted_momentum,NVDA,2.669537823284693,-0.0038655597709008616,188.85000610351562,188.1199951171875,0.051561946402642,0.01931493382596032,,
2026-01-05,prior_20d_vol_adjusted_momentum,AMZN,1.4780729647270987,0.033768107781812384,233.05999755859375,240.92999267578125,0.017240613407181415,0.011664250560434684,,
2026-01-06,prior_20d_vol_adjusted_momentum,AMZN,3.804598165457969,0.0026148877348795008,240.92999267578125,241.55999755859375,0.0496666839067339,0.013054383602888426,,
2026-01-07,prior_20d_vol_adjusted_momentum,AMZN,4.315964761574689,0.019581038977249277,241.55999755859375,246.2899932861328,0.06465687429330846,0.01498086241781971,,
2026-01-08,prior_20d_vol_adjusted_momentum,AMZN,5.515577268330608,0.004425724253495522,246.2899932861328,247.3800048828125,0.08059843482260276,0.014612873848288481,,
2026-01-09,prior_20d_vol_adjusted_momentum,AMZN,4.468101684594272,-0.003678565947722645,247.3800048828125,246.47000122070312,0.06730522989764132,0.015063495562266507,,
2026-01-12,prior_20d_vol_adjusted_momentum,AMZN,4.765130234749433,-0.0157016882298876,246.47000122070312,242.60000610351562,0.07030572575659488,0.014754208656018359,,
2026-01-13,prior_20d_vol_adjusted_momentum,AMZN,4.945720015204047,-0.024526018373191683,242.60000610351562,236.64999389648438,0.07254964182760615,0.014669176905400084,,
2026-01-14,prior_20d_vol_adjusted_momentum,AMZN,4.367137654078766,0.006465239039753046,236.64999389648438,238.17999267578125,0.06340433646104016,0.014518511089711713,,
2026-01-15,prior_20d_vol_adjusted_momentum,AMZN,4.6103290274119955,0.0039466053837939885,238.17999267578125,239.1199951171875,0.07018330018212371,0.015223056698302736,,
2026-01-16,prior_20d_vol_adjusted_momentum,AMZN,5.29977499223105,-0.033957825706746436,239.1199951171875,231.0,0.0806706309037124,0.015221519974332425,,
2026-01-20,prior_20d_vol_adjusted_momentum,NVDA,1.4823989163754347,0.029482786455111043,178.07000732421875,183.32000732421875,0.02256809433986895,0.015224035912714684,,
2026-01-21,prior_20d_vol_adjusted_momentum,AMZN,1.0584434910511382,0.01309929882528893,231.30999755859375,234.33999633789062,0.01741803980104173,0.01645627749455373,,
2026-01-22,prior_20d_vol_adjusted_momentum,AMZN,1.5725478586843786,0.020568436457892858,234.33999633789062,239.16000366210938,0.025872275321120686,0.016452456552111482,,
2026-01-23,prior_20d_vol_adjusted_momentum,AMZN,1.8154253744825242,-0.003094185824689788,239.16000366210938,238.4199981689453,0.030240390673379025,0.016657468325845595,,
2026-01-26,prior_20d_vol_adjusted_momentum,AMZN,1.5391860714059102,0.026256163723313408,238.4199981689453,244.67999267578125,0.025991880365002773,0.01688676947372678,,
2026-01-27,prior_20d_vol_adjusted_momentum,AMZN,3.09088683503251,-0.0068252338521122,244.67999267578125,243.00999450683594,0.052296525803739335,0.016919586058927738,,
2026-01-28,prior_20d_vol_adjusted_momentum,AMZN,2.647817339440811,-0.005267268047532414,243.00999450683594,241.72999572753906,0.04714089213317951,0.017803679819973963,,
2026-01-29,prior_20d_vol_adjusted_momentum,META,5.60488255081508,-0.02954043373476445,738.3099975585938,716.5,0.10865678207851315,0.01938609437279144,,
2026-01-30,prior_20d_vol_adjusted_momentum,META,2.837106623828725,-0.014082382212796563,716.5,706.4099731445312,0.08545799943873811,0.030121532522246572,,
2026-02-02,prior_20d_vol_adjusted_momentum,AMZN,4.021225301366297,-0.017863069956986388,242.9600067138672,238.6199951171875,0.07267111131950199,0.018071882541575185,,
2026-02-03,prior_20d_vol_adjusted_momentum,META,1.613090522377408,-0.03283218385408815,691.7000122070312,668.989990234375,0.04995527448403525,0.03096867397770714,,
2026-02-04,prior_20d_vol_adjusted_momentum,AAPL,3.4580495119561285,-0.0020976765624461935,276.489990234375,275.9100036621094,0.05385731693755913,0.01557447825756938,,
2026-02-05,prior_20d_vol_adjusted_momentum,AAPL,3.763710457712616,0.008009827210848641,275.9100036621094,278.1199951171875,0.059847185854322804,0.01590111315063666,,
2026-02-06,prior_20d_vol_adjusted_momentum,AAPL,4.675192810665524,-0.01258449612198953,278.1199951171875,274.6199951171875,0.07365652386842325,0.01575475640285691,,
2026-02-09,prior_20d_vol_adjusted_momentum,AAPL,3.7508323595561053,-0.003422920610733904,274.6199951171875,273.67999267578125,0.058796315252694464,0.015675538018354078,,
2026-02-10,prior_20d_vol_adjusted_momentum,AAPL,3.207586671206358,0.0066501292492171515,273.67999267578125,275.5,0.05160419856207965,0.016088169658926645,,
2026-02-11,prior_20d_vol_adjusted_momentum,AAPL,3.427224624618294,-0.049981811301894274,275.5,261.7300109863281,0.05535342992810688,0.01615109483355555,,
2026-02-12,prior_20d_vol_adjusted_momentum,META,1.7363165277440702,-0.015450636439982457,649.8099975585938,639.77001953125,0.055708956555884814,0.03208456273135022,,
2026-02-13,prior_20d_vol_adjusted_momentum,META,0.9472852158528214,-0.0007503344784083321,639.77001953125,639.2899780273438,0.030557397086495408,0.03225786339226799,,
2026-02-17,prior_20d_vol_adjusted_momentum,AAPL,1.584441470644891,0.0017811172199722058,263.8800048828125,264.3500061035156,0.032677204803368554,0.020623800505592958,,
2026-02-18,prior_20d_vol_adjusted_momentum,AAPL,3.303639005220771,-0.014261469431454121,264.3500061035156,260.5799865722656,0.07154442388978399,0.021656247482464544,,
2026-02-19,prior_20d_vol_adjusted_momentum,AAPL,2.6242603072996715,0.015350373037534393,260.5799865722656,264.5799865722656,0.052210753056533,0.019895416971899848,,
2026-02-20,prior_20d_vol_adjusted_momentum,AAPL,3.2202221941893345,0.006047343656806037,264.5799865722656,266.17999267578125,0.0653512384533026,0.02029401529224422,,
2026-02-23,prior_20d_vol_adjusted_momentum,AAPL,3.5694013322650187,0.022390946489790453,266.17999267578125,272.1400146484375,0.07313336510504809,0.020488972322605197,,
2026-02-24,prior_20d_vol_adjusted_momentum,AAPL,3.2003445111438116,0.007679856784716499,272.1400146484375,274.2300109863281,0.0655025674266887,0.020467348811543388,,
2026-02-25,prior_20d_vol_adjusted_momentum,AAPL,3.083745286971422,-0.004667610137537803,274.2300109863281,272.95001220703125,0.06179588280313664,0.02003923056298434,,
2026-02-26,prior_20d_vol_adjusted_momentum,AAPL,3.2219366483714627,-0.03213049693728531,272.95001220703125,264.17999267578125,0.06438156921090088,0.019982257951422704,,
2026-02-27,prior_20d_vol_adjusted_momentum,AAPL,1.1465254102322335,0.002044093269336189,264.17999267578125,264.7200012207031,0.022843402216081055,0.01992402611596199,,
2026-03-02,prior_20d_vol_adjusted_momentum,AAPL,0.9433673457572646,-0.0036642536122324376,264.7200012207031,263.75,0.020194196132707454,0.021406503228598682,,
2026-03-03,prior_20d_vol_adjusted_momentum,NVDA,-1.0000231615746935,0.016606443675068805,180.0500030517578,183.0399932861328,-0.029955269329834056,0.029954575534695396,,
2026-03-04,prior_20d_vol_adjusted_momentum,NVDA,0.5090034666285874,0.001639002746732121,183.0399932861328,183.33999633789062,0.014971703466065245,0.029413755401767987,,
2026-03-05,prior_20d_vol_adjusted_momentum,NVDA,1.8154516246444734,-0.03010793675101142,183.33999633789062,177.82000732421875,0.052528812034216665,0.028934294542000576,,
2026-03-06,prior_20d_vol_adjusted_momentum,MSFT,1.937698831384186,0.0011003819846291396,408.9599914550781,409.4100036621094,0.0388395801199386,0.020044177913960824,,
2026-03-09,prior_20d_vol_adjusted_momentum,MSFT,1.2565055644815875,-0.008915253325116002,409.4100036621094,405.760009765625,0.020616215564831508,0.016407579996143833,,
2026-03-10,prior_20d_vol_adjusted_momentum,AMZN,1.5898651767067475,-0.007838417021498345,214.3300018310547,212.64999389648438,0.026878116987070433,0.016905909621057216,,
2026-03-11,prior_20d_vol_adjusted_momentum,AMZN,1.6367459671449252,-0.014671973697334195,212.64999389648438,209.52999877929688,0.027493172584227343,0.01679745857702362,,
2026-03-12,prior_20d_vol_adjusted_momentum,AMZN,1.5915310913603617,-0.008877013416636048,209.52999877929688,207.6699981689453,0.026705198448370826,0.016779564403950505,,
2026-03-13,prior_20d_vol_adjusted_momentum,AMZN,2.40417543826193,0.0195984367511175,207.6699981689453,211.74000549316406,0.040430820734767225,0.016816917805298023,,
2026-03-16,prior_20d_vol_adjusted_momentum,AMZN,4.046736432049634,0.016340754535353108,211.74000549316406,215.1999969482422,0.06514418554454782,0.01609795612795887,,
2026-03-17,prior_20d_vol_adjusted_momentum,AMZN,4.236929163647091,-0.024767666852414494,215.1999969482422,209.8699951171875,0.06984838915276437,0.016485616458274656,,
2026-03-18,prior_20d_vol_adjusted_momentum,AMZN,1.490949800408201,-0.005288991452693126,209.8699951171875,208.75999450683594,0.02480590847989772,0.016637655052575355,,
2026-03-19,prior_20d_vol_adjusted_momentum,AMZN,1.093891472206503,-0.01623874055782004,208.75999450683594,205.3699951171875,0.019037361538928543,0.017403336640451204,,
2026-03-20,prior_20d_vol_adjusted_momentum,AMZN,-1.2916119400164763,0.02322639327005427,205.3699951171875,210.13999938964844,-0.02255963771069802,0.01746626599813737,,
2026-03-23,prior_20d_vol_adjusted_momentum,AMZN,1.4064127216466993,-0.013800294588880768,210.13999938964844,207.24000549316406,0.023724825916227932,0.01686903534863486,,
2026-03-24,prior_20d_vol_adjusted_momentum,AMZN,-0.37536758074432297,0.021569200454641724,207.24000549316406,211.7100067138672,-0.006329075953593888,0.016861008457480137,,
2026-03-25,prior_20d_vol_adjusted_momentum,AMZN,0.30219670508731944,-0.019696817795534227,211.7100067138672,207.5399932861328,0.005079791717238935,0.016809553617638334,,
2026-03-26,prior_20d_vol_adjusted_momentum,AMZN,-0.10522474249643958,-0.039510442389467326,207.5399932861328,199.33999633789062,-0.0018276495101915424,0.017369009102145186,,
2026-03-27,prior_20d_vol_adjusted_momentum,NVDA,-2.4888011361502387,-0.014028211816980884,167.52000427246094,165.1699981689453,-0.054574174816341636,0.02192789693947135,,
2026-03-30,prior_20d_vol_adjusted_momentum,AMZN,-1.8213893229588498,0.03642700888472339,200.9499969482422,208.27000427246094,-0.035702300797529674,0.019601685563595612,,
2026-03-31,prior_20d_vol_adjusted_momentum,AMZN,-0.11189034196833508,0.011043371606930696,208.27000427246094,210.57000732421875,-0.002203763064694164,0.019695739828177735,,
2026-04-01,prior_20d_vol_adjusted_momentum,AMZN,-1.3434079205618417,-0.0037992260242744047,210.57000732421875,209.77000427246094,-0.02882575310798763,0.021457185614874214,,
2026-04-02,prior_20d_vol_adjusted_momentum,AAPL,-1.3286666838732162,0.011487914987700076,255.9199981689453,258.8599853515625,-0.016789005465118967,0.01263597986530157,,
2026-04-06,prior_20d_vol_adjusted_momentum,AAPL,0.43402636933535743,-0.020706117804507373,258.8599853515625,253.5,0.00543771437485141,0.012528534575395517,,
2026-04-07,prior_20d_vol_adjusted_momentum,AMZN,0.06928177184632929,0.03499085736091123,213.77000427246094,221.25,0.0013115310885400966,0.018930391841726325,,
2026-04-08,prior_20d_vol_adjusted_momentum,AMZN,1.7032371425577428,0.056045170153601775,221.25,233.64999389648438,0.03228665193779068,0.018956052055855224,,
2026-04-09,prior_20d_vol_adjusted_momentum,AMZN,4.820725151673877,0.020244002182271403,233.64999389648438,238.3800048828125,0.09875382366680219,0.020485263224872378,,
2026-04-10,prior_20d_vol_adjusted_momentum,AMZN,5.823841504698133,0.006334400855383171,238.3800048828125,239.88999938964844,0.1376891436624501,0.02364232329320352,,
2026-04-13,prior_20d_vol_adjusted_momentum,AMZN,6.629646738109662,0.038059130876826774,239.88999938964844,249.02000427246094,0.15515000483840358,0.023402454303717866,,
2026-04-14,prior_20d_vol_adjusted_momentum,AMZN,7.617254810320736,-0.00208820280916866,249.02000427246094,248.5,0.17606497502665097,0.02311396683068785,,
2026-04-15,prior_20d_vol_adjusted_momentum,AMZN,6.454076699243447,0.004828961562342915,248.5,249.6999969482422,0.15473979332707333,0.023975511996194913,,
2026-04-16,prior_20d_vol_adjusted_momentum,AMZN,7.904742540795653,0.003444135445984209,249.6999969482422,250.55999755859375,0.18978416523436015,0.024008898993851023,,
2026-04-17,prior_20d_vol_adjusted_momentum,AMZN,8.782993291772314,-0.009099612075002872,250.55999755859375,248.27999877929688,0.20022994899240176,0.022797461223154084,,
2026-04-20,prior_20d_vol_adjusted_momentum,AMZN,9.248133502349209,0.0065651880571397925,248.27999877929688,249.91000366210938,0.2089399848192246,0.022592665294694298,,
2026-04-21,prior_20d_vol_adjusted_momentum,AMZN,8.517530344088907,0.021807838295304194,249.91000366210938,255.36000061035156,0.1892548034071233,0.022219445750312414,,
2026-04-22,prior_20d_vol_adjusted_momentum,AMZN,10.554574256211634,-0.001096486445127054,255.36000061035156,255.0800018310547,0.23219452731955648,0.021999421453016366,,
2026-04-23,prior_20d_vol_adjusted_momentum,AMZN,9.529030684673332,0.03493017225717909,255.0800018310547,263.989990234375,0.20485566927312715,0.021498059566816254,,
2026-04-24,prior_20d_vol_adjusted_momentum,AMZN,12.655073775774609,-0.010871605831113018,263.989990234375,261.1199951171875,0.27199575394808506,0.021493020014530604,,
2026-04-27,prior_20d_vol_adjusted_momentum,NVDA,14.798040872535402,-0.01588108781548958,216.61000061035156,213.1699981689453,0.2930396077237962,0.019802594833189475,,
2026-04-28,prior_20d_vol_adjusted_momentum,AMZN,16.152722085207472,0.012860978748156615,259.70001220703125,263.0400085449219,0.2923613642747207,0.018099820125207427,,
2026-04-29,prior_20d_vol_adjusted_momentum,AMZN,14.162344654420014,0.0076793983730687465,263.0400085449219,265.05999755859375,0.262975959806532,0.018568673918301953,,
2026-04-30,prior_20d_vol_adjusted_momentum,AMZN,14.589177590595556,0.012072784412985094,265.05999755859375,268.260009765625,0.258773749057603,0.01773737741217251,,
2026-05-01,prior_20d_vol_adjusted_momentum,AMZN,15.698302467625693,0.014128002271583506,268.260009765625,272.04998779296875,0.27882921438660024,0.017761743026777854,,
2026-05-04,prior_20d_vol_adjusted_momentum,AMZN,16.02142806120863,0.005513692583370089,272.04998779296875,273.54998779296875,0.2784905135419158,0.01738237768056407,,
2026-05-05,prior_20d_vol_adjusted_momentum,AMZN,16.089239843838126,0.005264129064761924,273.54998779296875,274.989990234375,0.27964626620072996,0.017380949561009197,,
2026-05-06,prior_20d_vol_adjusted_momentum,AMZN,13.99117667097872,-0.01389133038400725,274.989990234375,271.1700134277344,0.24289261122881345,0.0173604134191683,,
2026-05-07,prior_20d_vol_adjusted_momentum,AMZN,9.677600759057519,0.0055683857848436435,271.1700134277344,272.67999267578125,0.16058215498123563,0.016593178307231015,,
2026-05-08,prior_20d_vol_adjusted_momentum,AMZN,10.474218112333613,-0.013532354923427414,272.67999267578125,268.989990234375,0.14388785590398245,0.013737336225083135,,
2026-05-11,prior_20d_vol_adjusted_momentum,TSLA,10.296884132779677,-0.025955028748244402,445.0,433.45001220703125,0.2626978691471211,0.02551236527085257,,
2026-05-12,prior_20d_vol_adjusted_momentum,AAPL,8.41899951643284,0.013805995565634221,294.79998779296875,298.8699951171875,0.13897153763773917,0.016506894597925086,,
2026-05-13,prior_20d_vol_adjusted_momentum,AAPL,7.420195128379835,-0.00220833028705536,298.8699951171875,298.2099914550781,0.12175807278905904,0.01640901225405434,,
2026-05-14,prior_20d_vol_adjusted_momentum,AAPL,8.457499605874323,0.0067738157309671365,298.2099914550781,300.2300109863281,0.13215640989070798,0.01562594336970659,,
2026-05-15,prior_20d_vol_adjusted_momentum,AAPL,7.292844895678102,-0.007960612067346995,300.2300109863281,297.8399963378906,0.11101653695124858,0.015222665302677614,,
2026-05-18,prior_20d_vol_adjusted_momentum,AAPL,6.256645519443229,0.003793999787491842,297.8399963378906,298.9700012207031,0.0907892680944491,0.014510853749395142,,
2026-05-19,prior_20d_vol_adjusted_momentum,AAPL,8.352080995583547,0.0109709963070026,298.9700012207031,302.25,0.12322946289317449,0.014754342415780731,,
2026-05-20,prior_20d_vol_adjusted_momentum,AAPL,8.183439700931064,0.009065310949131433,302.25,304.989990234375,0.10645380218483824,0.013008442180215069,,
2026-05-21,prior_20d_vol_adjusted_momentum,AAPL,9.485599679152976,0.012557845216167651,304.989990234375,308.82000732421875,0.11542258861124988,0.012168190996392188,,
2026-05-22,prior_20d_vol_adjusted_momentum,AAPL,11.459362116479989,-0.001586751960143129,308.82000732421875,308.3299865722656,0.13930498821561677,0.012156434782288523,,
2026-05-26,prior_20d_vol_adjusted_momentum,AAPL,12.927246455109682,0.008173125031610828,308.3299865722656,310.8500061035156,0.15216174077812816,0.011770622715867231,,
2026-05-27,prior_20d_vol_adjusted_momentum,AAPL,13.420044477927691,0.005340207912225559,310.8500061035156,312.510009765625,0.1482768125132108,0.011048906190816703,,
2026-05-28,prior_20d_vol_adjusted_momentum,AAPL,14.242610312368036,-0.001439992937726231,312.510009765625,312.05999755859375,0.15671612034477622,0.011003328526701784,,
2026-05-29,prior_20d_vol_adjusted_momentum,AAPL,13.880548442062878,-0.018425943872925732,312.05999755859375,306.30999755859375,0.15002760471487853,0.010808478162162731,,
2026-06-01,prior_20d_vol_adjusted_momentum,AAPL,8.515779877811395,0.029022933365852488,306.30999755859375,315.20001220703125,0.09341751103639484,0.010969930220930475,,
2026-06-02,prior_20d_vol_adjusted_momentum,AAPL,12.981226928898863,-0.015672595971098935,315.20001220703125,310.260009765625,0.13860501931119096,0.01067734352618302,,
2026-06-03,prior_20d_vol_adjusted_momentum,AAPL,8.139318426091686,0.0031264139436979477,310.260009765625,311.2300109863281,0.09177288254630311,0.01127525398835764,,
2026-06-04,prior_20d_vol_adjusted_momentum,AAPL,7.3072503801373845,-0.012498841728371679,311.2300109863281,307.3399963378906,0.08250147965296728,0.011290358939557257,,
2026-06-05,prior_20d_vol_adjusted_momentum,AAPL,6.202235439393206,-0.01887156849768501,307.3399963378906,301.5400085449219,0.06923181786620303,0.01116239758111735,,
2025-06-16,prior_5d_momentum,TSLA,0.06659543458672856,-0.03882963749794621,329.1300048828125,316.3500061035156,,,,
2025-06-17,prior_5d_momentum,MSFT,0.015119330064913727,0.004602086959519358,478.0400085449219,480.239990234375,,,,
2025-06-18,prior_5d_momentum,NVDA,0.0185534821992015,-0.011204218256069765,145.47999572753906,143.85000610351562,,,,
2025-06-20,prior_5d_momentum,TSLA,0.009557890541051828,0.0823193093872907,322.1600036621094,348.67999267578125,,,,
2025-06-23,prior_5d_momentum,TSLA,0.07183915432226518,-0.023545920693855638,348.67999267578125,340.4700012207031,,,,
2025-06-24,prior_5d_momentum,TSLA,0.034454459239984025,-0.037947582404945,340.4700012207031,327.54998779296875,,,,
2025-06-25,prior_5d_momentum,NVDA,0.07070498741774522,0.00460117118203951,154.30999755859375,155.02000427246094,,,,
2025-06-26,prior_5d_momentum,NVDA,0.0655760848576652,0.01761060284026872,155.02000427246094,157.75,,,,
2025-06-27,prior_5d_momentum,NVDA,0.09662838586521727,0.0015214294336867162,157.75,157.99000549316406,,,,
2025-06-30,prior_5d_momentum,NVDA,0.09585910730208802,-0.029685437548827576,157.99000549316406,153.3000030517578,,,,
2025-07-01,prior_5d_momentum,AAPL,0.0375437052315859,0.022230752354752248,207.82000732421875,212.44000244140625,,,,
2025-07-02,prior_5d_momentum,AAPL,0.05397898895910469,0.005225007520218483,212.44000244140625,213.5500030517578,,,,
2025-07-03,prior_5d_momentum,AAPL,0.06243782612814841,-0.016857907057220234,213.5500030517578,209.9499969482422,,,,
2025-07-07,prior_5d_momentum,AAPL,0.044111771615359174,0.00028577070476720756,209.9499969482422,210.00999450683594,,,,
2025-07-08,prior_5d_momentum,AAPL,0.02359017585946055,0.005380719548448543,210.00999450683594,211.13999938964844,,,,
2025-07-09,prior_5d_momentum,NVDA,0.062491856753716046,0.007490184087241891,162.8800048828125,164.10000610351562,,,,
2025-07-10,prior_5d_momentum,NVDA,0.043561247081180365,0.004996904539494196,164.10000610351562,164.9199981689453,,,,
2025-07-11,prior_5d_momentum,NVDA,0.03501946754926455,-0.005153958611228138,164.9199981689453,164.07000732421875,,,,
2025-07-14,prior_5d_momentum,TSLA,0.07811114943313968,-0.01931207079538977,316.8999938964844,310.7799987792969,,,,
2025-07-15,prior_5d_momentum,NVDA,0.06687498092651367,0.003925003989006859,170.6999969482422,171.3699951171875,,,,
2025-07-16,prior_5d_momentum,TSLA,0.08716374246085468,-0.007025863995037018,321.6700134277344,319.4100036621094,,,,
2025-07-17,prior_5d_momentum,NVDA,0.054235183214254024,-0.003410383456015187,173.0,172.41000366210938,,,,
2025-07-18,prior_5d_momentum,TSLA,0.05148155921058262,-0.0035188948387289143,329.6499938964844,328.489990234375,,,,
2025-07-21,prior_5d_momentum,NVDA,0.044554136845672554,-0.025382226511722283,171.3800048828125,167.02999877929688,,,,
2025-07-22,prior_5d_momentum,TSLA,0.06863371727925549,0.0013550095657464123,332.1099853515625,332.55999755859375,,,,
2025-07-23,prior_5d_momentum,TSLA,0.03385452070839645,-0.08197020076301287,332.55999755859375,305.29998779296875,,,,
2025-07-24,prior_5d_momentum,AMZN,0.03729672441760612,-0.00340177109187767,232.22999572753906,231.44000244140625,,,,
2025-07-25,prior_5d_momentum,AMZN,0.023482056533566054,0.005833005662313484,231.44000244140625,232.7899932861328,,,,
2025-07-28,prior_5d_momentum,NVDA,0.031333848548198207,-0.007015589777448761,176.75,175.50999450683594,,,,
2025-07-29,prior_5d_momentum,NVDA,0.050769297668163293,0.021423337036675427,175.50999450683594,179.27000427246094,,,,
2025-07-30,prior_5d_momentum,NVDA,0.04971311367753262,-0.007809500317440987,179.27000427246094,177.8699951171875,,,,
2025-07-31,prior_5d_momentum,META,0.08203695530199373,-0.03029322585051608,773.4400024414062,750.010009765625,,,,
2025-08-01,prior_5d_momentum,META,0.0523797741952694,0.03514617806207654,750.010009765625,776.3699951171875,,,,
2025-08-04,prior_5d_momentum,META,0.08185275118752466,-0.016628634833553257,776.3699951171875,763.4600219726562,,,,
2025-08-05,prior_5d_momentum,META,0.09065717424665176,0.011172776591076294,763.4600219726562,771.989990234375,,,,
2025-08-06,prior_5d_momentum,META,0.11044140020285642,-0.01316075761739699,771.989990234375,761.8300170898438,,,,
2025-08-07,prior_5d_momentum,AAPL,0.060027899096308124,0.04235789381413979,220.02999877929688,229.35000610351562,,,,
2025-08-08,prior_5d_momentum,AAPL,0.13326415935368718,-0.009461579986856261,229.35000610351562,227.17999267578125,,,,
2025-08-11,prior_5d_momentum,AAPL,0.11718704626020493,0.010872441677679756,227.17999267578125,229.64999389648438,,,,
2025-08-12,prior_5d_momentum,AAPL,0.1317267690160555,0.01602441991019199,229.64999389648438,233.3300018310547,,,,
2025-08-13,prior_5d_momentum,AAPL,0.09416179053249563,-0.0023571895917441354,233.3300018310547,232.77999877929688,,,,
2025-08-14,prior_5d_momentum,AAPL,0.05794664396098548,-0.005112133549474374,232.77999877929688,231.58999633789062,,,,
2025-08-15,prior_5d_momentum,AMZN,0.03745114844158759,0.0019911124801876845,231.02999877929688,231.49000549316406,,,,
2025-08-18,prior_5d_momentum,AMZN,0.04604610167593637,-0.01503309388634011,231.49000549316406,228.00999450683594,,,,
2025-08-19,prior_5d_momentum,AMZN,0.02952992843313096,-0.01842023178556884,228.00999450683594,223.80999755859375,,,,
2025-08-20,prior_5d_momentum,AMZN,-0.003339864660464764,-0.008310623433453235,223.80999755859375,221.9499969482422,,,,
2025-08-21,prior_5d_momentum,AAPL,-0.033851726626580536,0.012716766064777785,224.89999389648438,227.75999450683594,,,,
2025-08-22,prior_5d_momentum,TSLA,0.028587888059129707,0.019381771561470362,340.010009765625,346.6000061035156,,,,
2025-08-25,prior_5d_momentum,TSLA,0.03413295833753316,0.01462783391499567,346.6000061035156,351.6700134277344,,,,
2025-08-26,prior_5d_momentum,TSLA,0.06789959623124453,-0.0058862207330171445,351.6700134277344,349.6000061035156,,,,
2025-08-27,prior_5d_momentum,TSLA,0.07934551618190144,-0.010354676927882056,349.6000061035156,345.9800109863281,,,,
2025-08-28,prior_5d_momentum,TSLA,0.08081605328978947,-0.03500206799409333,345.9800109863281,333.8699951171875,,,,
2025-08-29,prior_5d_momentum,AAPL,0.01923079113299253,-0.010424735828844955,232.13999938964844,229.72000122070312,,,,
2025-09-02,prior_5d_momentum,AAPL,0.011269578787301171,0.038089848308826335,229.72000122070312,238.47000122070312,,,,
2025-09-03,prior_5d_momentum,AAPL,0.039945941126133366,0.005493343195739575,238.47000122070312,239.77999877929688,,,,
2025-09-04,prior_5d_momentum,AAPL,0.040305406155271895,-0.00037532879451496193,239.77999877929688,239.69000244140625,,,,
2025-09-05,prior_5d_momentum,AAPL,0.030658776047742586,-0.007551410322323426,239.69000244140625,237.8800048828125,,,,
2025-09-08,prior_5d_momentum,TSLA,0.037529574273060584,0.001645517708609212,346.3999938964844,346.9700012207031,,,,
2025-09-09,prior_5d_momentum,AMZN,0.05724686857600836,-0.03320182790348514,238.24000549316406,230.3300018310547,,,,
2025-09-10,prior_5d_momentum,TSLA,0.04100695129217624,0.06043873744853956,347.7900085449219,368.80999755859375,,,,
2025-09-11,prior_5d_momentum,TSLA,0.08944554068615296,0.07356092584909457,368.80999755859375,395.94000244140625,,,,
2025-09-12,prior_5d_momentum,TSLA,0.12854864489304196,0.03561147147692467,395.94000244140625,410.0400085449219,,,,
2025-09-15,prior_5d_momentum,TSLA,0.18371829032842069,0.028241113869250656,410.0400085449219,421.6199951171875,,,,
2025-09-16,prior_5d_momentum,TSLA,0.21514826536545595,0.01005642588937583,421.6199951171875,425.8599853515625,,,,
2025-09-17,prior_5d_momentum,TSLA,0.22447446703046037,-0.021157139806429193,425.8599853515625,416.8500061035156,,,,
2025-09-18,prior_5d_momentum,TSLA,0.13025679581066574,0.022118270566640064,416.8500061035156,426.07000732421875,,,,
2025-09-19,prior_5d_momentum,TSLA,0.07609740035618495,0.019104804353584193,426.07000732421875,434.2099914550781,,,,
2025-09-22,prior_5d_momentum,AAPL,0.08187574936159026,-0.006443275472520216,256.0799865722656,254.42999267578125,,,,
2025-09-23,prior_5d_momentum,AAPL,0.0683602737624811,-0.008332331793480807,254.42999267578125,252.30999755859375,,,,
2025-09-24,prior_5d_momentum,AAPL,0.05573451508126226,0.018072995928489766,252.30999755859375,256.8699951171875,,,,
2025-09-25,prior_5d_momentum,AAPL,0.07983012377913012,-0.005489112898051984,256.8699951171875,255.4600067138672,,,,
2025-09-26,prior_5d_momentum,AAPL,0.04057029211351204,-0.004031997224675621,255.4600067138672,254.42999267578125,,,,
2025-09-29,prior_5d_momentum,TSLA,0.020727298259167526,0.0034069849388267404,443.2099914550781,444.7200012207031,,,,
2025-09-30,prior_5d_momentum,NVDA,0.04567622871611343,0.003537376222704669,186.5800018310547,187.24000549316406,,,,
2025-10-01,prior_5d_momentum,NVDA,0.0580324586179608,0.008812186755381202,187.24000549316406,188.88999938964844,,,,
2025-10-02,prior_5d_momentum,NVDA,0.06303110357565234,-0.0067235125023275,188.88999938964844,187.6199951171875,,,,
2025-10-03,prior_5d_momentum,NVDA,0.05292099751153034,-0.011086248188821868,187.6199951171875,185.5399932861328,,,,
2025-10-06,prior_5d_momentum,MSFT,0.02714736183649169,-0.008683857940984696,528.5700073242188,523.97998046875,,,,
2025-10-07,prior_5d_momentum,MSFT,0.011641988839858453,0.0016603594595525628,523.97998046875,524.8499755859375,,,,
2025-10-08,prior_5d_momentum,AMZN,0.02080404403892655,0.01118907849570383,225.22000122070312,227.74000549316406,,,,
2025-10-09,prior_5d_momentum,AMZN,0.023964757624626243,-0.049925397829666096,227.74000549316406,216.3699951171875,,,,
2025-10-10,prior_5d_momentum,META,-0.007402625793314854,0.014745533239843622,705.2999877929688,715.7000122070312,,,,
2025-10-13,prior_5d_momentum,NVDA,0.014983368215383708,-0.04402085929536681,188.32000732421875,180.02999877929688,,,,
2025-10-14,prior_5d_momentum,META,-0.006212476257377864,0.012559039119860449,708.6500244140625,717.5499877929688,,,,
2025-10-15,prior_5d_momentum,META,-0.00040404414862538207,-0.007637071370602655,717.5499877929688,712.0700073242188,,,,
2025-10-16,prior_5d_momentum,TSLA,-0.015589861807658867,0.02462973191508744,428.75,439.30999755859375,,,,
2025-10-17,prior_5d_momentum,TSLA,0.06244409280520524,0.018483519979771268,439.30999755859375,447.42999267578125,,,,
2025-10-20,prior_5d_momentum,AAPL,0.058870977778703315,0.002021044840732289,262.239990234375,262.7699890136719,,,,
2025-10-21,prior_5d_momentum,AAPL,0.060539954322784695,-0.016440145325788524,262.7699890136719,258.45001220703125,,,,
2025-10-22,prior_5d_momentum,AAPL,0.036536520425689334,0.004372119604812541,258.45001220703125,259.5799865722656,,,,
2025-10-23,prior_5d_momentum,AAPL,0.04901996271416653,0.012481781799657865,259.5799865722656,262.82000732421875,,,,
2025-10-24,prior_5d_momentum,AMZN,0.05243153295039771,0.012309863182682124,224.2100067138672,226.97000122070312,,,,
2025-10-27,prior_5d_momentum,AMZN,0.04845715862987521,0.010045375014470892,226.97000122070312,229.25,,,,
2025-10-28,prior_5d_momentum,NVDA,0.1096820198472066,0.029896008274039154,201.02999877929688,207.0399932861328,,,,
2025-10-29,prior_5d_momentum,NVDA,0.14843573712021252,-0.020044407027916655,207.0399932861328,202.88999938964844,,,,
2025-10-30,prior_5d_momentum,NVDA,0.11380102827617078,-0.0019714815796129104,202.88999938964844,202.49000549316406,,,,
2025-10-31,prior_5d_momentum,AMZN,0.08924666119997204,0.04004585509136338,244.22000122070312,254.0,,,,
2025-11-03,prior_5d_momentum,AMZN,0.11909062269869408,-0.018425168014886806,254.0,249.32000732421875,,,,
2025-11-04,prior_5d_momentum,AMZN,0.08754637873159754,0.0035295587926045258,249.32000732421875,250.1999969482422,,,,
2025-11-05,prior_5d_momentum,AMZN,0.08640900405030405,-0.028617121300727022,250.1999969482422,243.0399932861328,,,,
2025-11-06,prior_5d_momentum,AMZN,0.0905500880396386,0.005636975040415049,243.0399932861328,244.41000366210938,,,,
2025-11-07,prior_5d_momentum,AMZN,0.0007779970537078462,0.01632498741700883,244.41000366210938,248.39999389648438,,,,
2025-11-10,prior_5d_momentum,AAPL,0.0014123950940481134,0.021601185771556786,269.42999267578125,275.25,,,,
2025-11-11,prior_5d_momentum,AAPL,0.01929340575550831,-0.006466843884820661,275.25,273.4700012207031,,,,
2025-11-12,prior_5d_momentum,AAPL,0.01232689121083852,-0.0019014480979659965,273.4700012207031,272.95001220703125,,,,
2025-11-13,prior_5d_momentum,MSFT,0.0124522276511847,0.01368988856102904,503.2900085449219,510.17999267578125,,,,
2025-11-14,prior_5d_momentum,MSFT,0.026890997050454724,-0.005272653730103771,510.17999267578125,507.489990234375,,,,
2025-11-17,prior_5d_momentum,MSFT,0.002944644731966317,-0.026995570263614543,507.489990234375,493.7900085449219,,,,
2025-11-18,prior_5d_momentum,AAPL,-0.028374196398160745,0.004187836924032684,267.44000244140625,268.55999755859375,,,,
2025-11-19,prior_5d_momentum,AAPL,-0.01795445072655988,-0.008601420835542606,268.55999755859375,266.25,,,,
2025-11-20,prior_5d_momentum,TSLA,-0.016816287500356797,-0.010474950113494086,395.2300109863281,391.0899963378906,,,,
2025-11-21,prior_5d_momentum,AAPL,-0.0033773114620105904,0.0163174457722548,271.489990234375,275.9200134277344,,,,
2025-11-24,prior_5d_momentum,AAPL,0.0316309812418325,0.003805406428931457,275.9200134277344,276.9700012207031,,,,
2025-11-25,prior_5d_momentum,META,0.06446480299876844,-0.0041023316961869005,636.219970703125,633.6099853515625,,,,
2025-11-26,prior_5d_momentum,META,0.07333306933567618,0.022632261465248327,633.6099853515625,647.9500122070312,,,,
2025-11-28,prior_5d_momentum,META,0.09980477867491921,-0.010926795210216889,647.9500122070312,640.8699951171875,,,,
2025-12-01,prior_5d_momentum,TSLA,0.09984918733847836,-0.0020923987153301793,430.1400146484375,429.239990234375,,,,
2025-12-02,prior_5d_momentum,META,0.055541943513532255,-0.011590171971817664,647.0999755859375,639.5999755859375,,,,
2025-12-03,prior_5d_momentum,TSLA,0.06518835654689736,0.017437455153354264,446.739990234375,454.5299987792969,,,,
2025-12-04,prior_5d_momentum,TSLA,0.06552115215629395,0.0010340378456106247,454.5299987792969,455.0,,,,
2025-12-05,prior_5d_momentum,TSLA,0.057721332954875804,-0.033890139401614006,455.0,439.5799865722656,,,,
2025-12-08,prior_5d_momentum,META,0.04046061271918311,-0.014756997601157229,666.7999877929688,656.9600219726562,,,,
2025-12-09,prior_5d_momentum,TSLA,0.03711215999390283,0.014106967203253218,445.1700134277344,451.45001220703125,,,,
2025-12-10,prior_5d_momentum,NVDA,0.023330934499953715,-0.015507705530775517,183.77999877929688,180.92999267578125,,,,
2025-12-11,prior_5d_momentum,MSFT,0.005469605072046413,-0.01021780550795981,483.4700012207031,478.5299987792969,,,,
2025-12-12,prior_5d_momentum,TSLA,0.008703277923248542,0.035624033484225714,458.9599914550781,475.30999755859375,,,,
2025-12-15,prior_5d_momentum,TSLA,0.08128216042077296,0.030653694218629735,475.30999755859375,489.8800048828125,,,,
2025-12-16,prior_5d_momentum,TSLA,0.1004335200181583,-0.04617456293730249,489.8800048828125,467.260009765625,,,,
2025-12-17,prior_5d_momentum,TSLA,0.03502048317886275,0.034477560704677446,467.260009765625,483.3699951171875,,,,
2025-12-18,prior_5d_momentum,TSLA,0.08163077999728485,-0.00448927929345333,483.3699951171875,481.20001220703125,,,,
2025-12-19,prior_5d_momentum,TSLA,0.048457428024268,0.01564837611861325,481.20001220703125,488.7300109863281,,,,
2025-12-22,prior_5d_momentum,NVDA,0.04197634260081129,0.030050651636426062,183.69000244140625,189.2100067138672,,,,
2025-12-23,prior_5d_momentum,NVDA,0.06465229245016202,-0.003171111898024437,189.2100067138672,188.61000061035156,,,,
2025-12-24,prior_5d_momentum,NVDA,0.1033695911815733,0.010179726222003582,188.61000061035156,190.52999877929688,,,,
2025-12-26,prior_5d_momentum,NVDA,0.09411967065059446,-0.012124062212741427,190.52999877929688,188.22000122070312,,,,
2025-12-29,prior_5d_momentum,NVDA,0.03994693357701529,-0.003612835671873982,188.22000122070312,187.5399932861328,,,,
2025-12-30,prior_5d_momentum,NVDA,0.020959174661422608,-0.005545448029029565,187.5399932861328,186.5,,,,
2025-12-31,prior_5d_momentum,AAPL,-0.001835805650211797,-0.0031265196488491354,271.8599853515625,271.010009765625,,,,
2026-01-02,prior_5d_momentum,NVDA,0.0012724961157275505,-0.0038655597709008616,188.85000610351562,188.1199951171875,,,,
2026-01-05,prior_5d_momentum,AMZN,0.002322351953426116,0.033768107781812384,233.05999755859375,240.92999267578125,,,,
2026-01-06,prior_5d_momentum,AMZN,0.03817807158158293,0.0026148877348795008,240.92999267578125,241.55999755859375,,,,
2026-01-07,prior_5d_momentum,AMZN,0.03883369383176927,0.019581038977249277,241.55999755859375,246.2899932861328,,,,
2026-01-08,prior_5d_momentum,AMZN,0.06702185889884449,0.004425724253495522,246.2899932861328,247.3800048828125,,,,
2026-01-09,prior_5d_momentum,AMZN,0.09218545202124728,-0.003678565947722645,247.3800048828125,246.47000122070312,,,,
2026-01-12,prior_5d_momentum,AMZN,0.05753884751817151,-0.0157016882298876,246.47000122070312,242.60000610351562,,,,
2026-01-13,prior_5d_momentum,TSLA,0.03288992293282278,-0.017889087168218576,447.20001220703125,439.20001220703125,,,,
2026-01-14,prior_5d_momentum,TSLA,0.01805708833544628,-0.0014344373071545347,439.20001220703125,438.57000732421875,,,,
2026-01-15,prior_5d_momentum,NVDA,0.010862569382592113,-0.004383893669287153,187.0500030517578,186.22999572753906,,,,
2026-01-16,prior_5d_momentum,NVDA,0.0074109873020891115,-0.04381672442960616,186.22999572753906,178.07000732421875,,,,
2026-01-20,prior_5d_momentum,NVDA,-0.03714715597759377,0.029482786455111043,178.07000732421875,183.32000732421875,,,,
2026-01-21,prior_5d_momentum,NVDA,-0.013400733367911477,0.008291451848916997,183.32000732421875,184.83999633789062,,,,
2026-01-22,prior_5d_momentum,META,0.052167247746086165,0.01718574618053159,647.6300048828125,658.760009765625,,,,
2026-01-23,prior_5d_momentum,META,0.06114694381294927,0.020644810529370394,658.760009765625,672.3599853515625,,,,
2026-01-26,prior_5d_momentum,META,0.08401448666112454,0.0009072303005115412,672.3599853515625,672.969970703125,,,,
2026-01-27,prior_5d_momentum,META,0.11396738419919705,-0.0063004152026947535,672.969970703125,668.72998046875,,,,
2026-01-28,prior_5d_momentum,META,0.09098465886341534,0.10404800012266713,668.72998046875,738.3099975585938,,,,
2026-01-29,prior_5d_momentum,META,0.1400182079151655,-0.02954043373476445,738.3099975585938,716.5,,,,
2026-01-30,prior_5d_momentum,META,0.08764950722330256,-0.014082382212796563,716.5,706.4099731445312,,,,
2026-02-02,prior_5d_momentum,AAPL,0.05716301591236994,-0.0019628856713753695,270.010009765625,269.4800109863281,,,,
2026-02-03,prior_5d_momentum,AAPL,0.04340427633681765,0.026012984125945104,269.4800109863281,276.489990234375,,,,
2026-02-04,prior_5d_momentum,AAPL,0.07818588208581057,-0.0020976765624461935,276.489990234375,275.9100036621094,,,,
2026-02-05,prior_5d_momentum,AAPL,0.06825927275103294,0.008009827210848641,275.9100036621094,278.1199951171875,,,,
2026-02-06,prior_5d_momentum,AAPL,0.07183591545262225,-0.01258449612198953,278.1199951171875,274.6199951171875,,,,
2026-02-09,prior_5d_momentum,NVDA,0.023867208993124667,-0.007893075420927542,190.0399932861328,188.5399932861328,,,,
2026-02-10,prior_5d_momentum,NVDA,0.04546965240521805,0.008008962657240382,188.5399932861328,190.0500030517578,,,,
2026-02-11,prior_5d_momentum,NVDA,0.0910500050982348,-0.01636411765541823,190.0500030517578,186.94000244140625,,,,
2026-02-12,prior_5d_momentum,NVDA,0.08761925256437841,-0.02209267587929442,186.94000244140625,182.80999755859375,,,,
2026-02-13,prior_5d_momentum,TSLA,0.015397381030360036,-0.016313715788533356,417.44000244140625,410.6300048828125,,,,
2026-02-17,prior_5d_momentum,TSLA,-0.01603086917471641,0.0016803507615161806,410.6300048828125,411.32000732421875,,,,
2026-02-18,prior_5d_momentum,NVDA,-0.0029701791584552106,-0.00042558693942440495,187.97999572753906,187.89999389648438,,,,
2026-02-19,prior_5d_momentum,AMZN,0.003822024560459214,0.025627257563010764,204.86000061035156,210.11000061035156,,,,
2026-02-20,prior_5d_momentum,AMZN,0.05265528149024856,-0.023035535309270605,210.11000061035156,205.27000427246094,,,,
2026-02-23,prior_5d_momentum,NVDA,0.04780923149655836,0.006786755578419568,191.5500030517578,192.85000610351562,,,,
2026-02-24,prior_5d_momentum,NVDA,0.0426015290631383,0.014052327556699717,192.85000610351562,195.55999755859375,,,,
2026-02-25,prior_5d_momentum,NVDA,0.04032344932085885,-0.05456125128938172,195.55999755859375,184.88999938964844,,,,
2026-02-26,prior_5d_momentum,AAPL,0.047471126994379054,-0.03213049693728531,272.95001220703125,264.17999267578125,,,,
2026-02-27,prior_5d_momentum,AMZN,-0.0005235381944316275,-0.007666669573102691,210.0,208.38999938964844,,,,
2026-03-02,prior_5d_momentum,MSFT,0.036621808015089075,0.013498946299321357,398.54998779296875,403.92999267578125,,,,
2026-03-03,prior_5d_momentum,MSFT,0.038380443896609995,0.0031441575378865494,403.92999267578125,405.20001220703125,,,,
2026-03-04,prior_5d_momentum,AMZN,0.029339194609179442,0.009777672934109694,216.82000732421875,218.94000244140625,,,,
2026-03-05,prior_5d_momentum,AMZN,0.05300117530544912,-0.026171534044230005,218.94000244140625,213.2100067138672,,,,
2026-03-06,prior_5d_momentum,MSFT,0.041299591648468414,0.0011003819846291396,408.9599914550781,409.4100036621094,,,,
2026-03-09,prior_5d_momentum,MSFT,0.027248817467740105,-0.008915253325116002,409.4100036621094,405.760009765625,,,,
2026-03-10,prior_5d_momentum,AMZN,0.026828947530979086,-0.007838417021498345,214.3300018310547,212.64999389648438,,,,
2026-03-11,prior_5d_momentum,NVDA,0.016335257882631238,-0.015535125563684415,186.02999877929688,183.13999938964844,,,,
2026-03-12,prior_5d_momentum,NVDA,-0.0010908527993728212,-0.015780274103308733,183.13999938964844,180.25,,,,
2026-03-13,prior_5d_momentum,NVDA,0.013665462690880759,0.01647712189016981,180.25,183.22000122070312,,,,
2026-03-16,prior_5d_momentum,NVDA,0.003120762897708129,-0.00704076266961684,183.22000122070312,181.92999267578125,,,,
2026-03-17,prior_5d_momentum,AMZN,0.004059138290276598,-0.024767666852414494,215.1999969482422,209.8699951171875,,,,
2026-03-18,prior_5d_momentum,AMZN,-0.013073119487838514,-0.005288991452693126,209.8699951171875,208.75999450683594,,,,
2026-03-19,prior_5d_momentum,AMZN,-0.0036749118357606303,-0.01623874055782004,208.75999450683594,205.3699951171875,,,,
2026-03-20,prior_5d_momentum,AAPL,-0.008515871044318057,0.01411347200480817,247.99000549316406,251.49000549316406,,,,
2026-03-23,prior_5d_momentum,AAPL,-0.005260666848051598,0.0005964209042432778,251.49000549316406,251.63999938964844,,,,
2026-03-24,prior_5d_momentum,AAPL,-0.010187611145092257,0.00389443542328749,251.63999938964844,252.6199951171875,,,,
2026-03-25,prior_5d_momentum,AAPL,0.010722544008974877,0.0010688159198788405,252.6199951171875,252.88999938964844,,,,
2026-03-26,prior_5d_momentum,AAPL,0.015785638535501967,-0.016173025219509918,252.88999938964844,248.8000030517578,,,,
2026-03-27,prior_5d_momentum,AAPL,0.003266250819193184,-0.008721857485242457,248.8000030517578,246.6300048828125,,,,
2026-03-30,prior_5d_momentum,AAPL,-0.019324826053509603,0.029031294901536553,246.6300048828125,253.7899932861328,,,,
2026-03-31,prior_5d_momentum,AAPL,0.008543927442772103,0.007250134541771258,253.7899932861328,255.6300048828125,,,,
2026-04-01,prior_5d_momentum,AAPL,0.011915168331108061,0.0011344258521832629,255.6300048828125,255.9199981689453,,,,
2026-04-02,prior_5d_momentum,META,0.049165440014625084,-0.002506706100211087,574.4600219726562,573.02001953125,,,,
2026-04-06,prior_5d_momentum,META,0.0899719460245414,0.0035425782564793007,573.02001953125,575.0499877929688,,,,
2026-04-07,prior_5d_momentum,NVDA,0.07828303007756143,0.02234697131467711,178.10000610351562,182.0800018310547,,,,
2026-04-08,prior_5d_momentum,META,0.0704210191451089,0.026076927899042923,612.4199829101562,628.3900146484375,,,,
2026-04-09,prior_5d_momentum,AMZN,0.10960718891332388,0.020244002182271403,233.64999389648438,238.3800048828125,,,,
2026-04-10,prior_5d_momentum,AMZN,0.13638747212490543,0.006334400855383171,238.3800048828125,239.88999938964844,,,,
2026-04-13,prior_5d_momentum,AMZN,0.1273556415177617,0.038059130876826774,239.88999938964844,249.02000427246094,,,,
2026-04-14,prior_5d_momentum,AMZN,0.16489684846089103,-0.00208820280916866,249.02000427246094,248.5,,,,
2026-04-15,prior_5d_momentum,TSLA,0.1418791324312636,-0.007781651270713175,391.95001220703125,388.8999938964844,,,,
2026-04-16,prior_5d_momentum,MSFT,0.12649101111040406,0.0060200797613549906,420.260009765625,422.7900085449219,,,,
2026-04-17,prior_5d_momentum,TSLA,0.14807273564300827,-0.02026857175416885,400.6199951171875,392.5,,,,
2026-04-20,prior_5d_momentum,TSLA,0.11372789582077525,-0.015490411649084379,392.5,386.4200134277344,,,,
2026-04-21,prior_5d_momentum,MSFT,0.07898557520175564,0.02065260677572822,424.1600036621094,432.9200134277344,,,,
2026-04-22,prior_5d_momentum,MSFT,0.052769836444275464,-0.03966093711350327,432.9200134277344,415.75,,,,
2026-04-23,prior_5d_momentum,AAPL,0.038078963597997006,-0.008667648687676,273.42999267578125,271.05999755859375,,,,
2026-04-24,prior_5d_momentum,AMZN,0.053599907433909744,-0.010871605831113018,263.989990234375,261.1199951171875,,,,
2026-04-27,prior_5d_momentum,NVDA,0.07200833033534293,-0.01588108781548958,216.61000061035156,213.1699981689453,,,,
2026-04-28,prior_5d_momentum,NVDA,0.06648985872261015,-0.01838907070702589,213.1699981689453,209.25,,,,
2026-04-29,prior_5d_momentum,NVDA,0.03333333333333344,-0.04626041900014932,209.25,199.57000732421875,,,,
2026-04-30,prior_5d_momentum,AMZN,0.039124963367959564,0.012072784412985094,265.05999755859375,268.260009765625,,,,
2026-05-01,prior_5d_momentum,TSLA,0.038586287542583086,0.00432424750456617,390.82000732421875,392.510009765625,,,,
2026-05-04,prior_5d_momentum,AMZN,0.04185812224328522,0.005513692583370089,272.04998779296875,273.54998779296875,,,,
2026-05-05,prior_5d_momentum,AMZN,0.05333066975328582,0.005264129064761924,273.54998779296875,274.989990234375,,,,
2026-05-06,prior_5d_momentum,TSLA,0.0695547855215044,0.03275398690529352,398.7300109863281,411.7900085449219,,,,
2026-05-07,prior_5d_momentum,TSLA,0.07902943499259352,0.040214665764012114,411.7900085449219,428.3500061035156,,,,
2026-05-08,prior_5d_momentum,TSLA,0.0960288574688104,0.038870068073398656,428.3500061035156,445.0,,,,
2026-05-11,prior_5d_momentum,TSLA,0.13372904875908187,-0.025955028748244402,445.0,433.45001220703125,,,,
2026-05-12,prior_5d_momentum,NVDA,0.12356233475469147,0.02287346263103318,220.77999877929688,225.8300018310547,,,,
2026-05-13,prior_5d_momentum,TSLA,0.11672052954383605,-0.004424284747029383,445.2699890136719,443.29998779296875,,,,
2026-05-14,prior_5d_momentum,NVDA,0.11460995505042115,-0.04420122985552177,235.74000549316406,225.32000732421875,,,,
2026-05-15,prior_5d_momentum,NVDA,0.047026071187215246,-0.013314396868819633,225.32000732421875,222.32000732421875,,,,
2026-05-18,prior_5d_momentum,MSFT,0.02636554254412582,-0.014449626938935034,423.5400085449219,417.4200134277344,,,,
2026-05-19,prior_5d_momentum,MSFT,0.0236653620277556,0.008720195519541285,417.4200134277344,421.05999755859375,,,,
2026-05-20,prior_5d_momentum,MSFT,0.03911553623492714,-0.004678671049555105,421.05999755859375,419.0899963378906,,,,
2026-05-21,prior_5d_momentum,MSFT,0.023593786080442047,-0.001240757398686787,419.0899963378906,418.57000732421875,,,,
2026-05-22,prior_5d_momentum,AAPL,0.028611384683597807,-0.001586751960143129,308.82000732421875,308.3299865722656,,,,
2026-05-26,prior_5d_momentum,TSLA,0.05756239582830891,0.015613803526030035,433.5899963378906,440.3599853515625,,,,
2026-05-27,prior_5d_momentum,TSLA,0.08970330185843767,0.003951359818862743,440.3599853515625,442.1000061035156,,,,
2026-05-28,prior_5d_momentum,TSLA,0.059531217362150946,-0.014272783242432974,442.1000061035156,435.7900085449219,,,,
2026-05-29,prior_5d_momentum,MSFT,0.074327696124175,0.022832265019252507,450.239990234375,460.5199890136719,,,,
2026-06-01,prior_5d_momentum,MSFT,0.10022213955946269,-0.04171369737114239,460.5199890136719,441.30999755859375,,,,
2026-06-02,prior_5d_momentum,MSFT,0.060764845932919975,-0.03165575513355168,441.30999755859375,427.3399963378906,,,,
2026-06-03,prior_5d_momentum,MSFT,0.03554894330291636,0.0016614205577816232,427.3399963378906,428.04998779296875,,,,
2026-06-04,prior_5d_momentum,NVDA,0.020583447664454413,-0.062014073591381225,218.66000366210938,205.10000610351562,,,,
2026-06-05,prior_5d_momentum,AAPL,-0.015125300447446421,-0.01887156849768501,307.3399963378906,301.5400085449219,,,,
2025-07-10,simple_composite,NVDA,2.0,0.004996904539494196,164.10000610351562,164.9199981689453,1.0,1.0,,
2025-07-11,simple_composite,NVDA,2.0,-0.005153958611228138,164.9199981689453,164.07000732421875,1.0,1.0,,
2025-07-14,simple_composite,NVDA,3.0,0.04040951623121414,164.07000732421875,170.6999969482422,2.0,1.0,,
2025-07-15,simple_composite,NVDA,2.0,0.003925003989006859,170.6999969482422,171.3699951171875,1.0,1.0,,
2025-07-16,simple_composite,NVDA,3.0,0.009511611888054494,171.3699951171875,173.0,2.0,1.0,,
2025-07-17,simple_composite,NVDA,2.0,-0.003410383456015187,173.0,172.41000366210938,1.0,1.0,,
2025-07-18,simple_composite,NVDA,3.0,-0.005974124223762978,172.41000366210938,171.3800048828125,2.0,1.0,,
2025-07-21,simple_composite,NVDA,2.0,-0.025382226511722283,171.3800048828125,167.02999877929688,1.0,1.0,,
2025-07-22,simple_composite,AAPL,5.0,-0.0011660448093142595,214.39999389648438,214.14999389648438,2.0,3.0,,
2025-07-23,simple_composite,AAPL,5.0,-0.0018211505989440546,214.14999389648438,213.75999450683594,3.0,2.0,,
2025-07-24,simple_composite,AMZN,2.0,-0.00340177109187767,232.22999572753906,231.44000244140625,1.0,1.0,,
2025-07-25,simple_composite,AAPL,4.0,0.0007948296477664485,213.8800048828125,214.0500030517578,2.0,2.0,,
2025-07-28,simple_composite,NVDA,2.0,-0.007015589777448761,176.75,175.50999450683594,1.0,1.0,,
2025-07-29,simple_composite,NVDA,2.0,0.021423337036675427,175.50999450683594,179.27000427246094,1.0,1.0,,
2025-07-30,simple_composite,NVDA,2.0,-0.007809500317440987,179.27000427246094,177.8699951171875,1.0,1.0,,
2025-07-31,simple_composite,MSFT,3.0,-0.01760077722293818,533.5,524.1099853515625,2.0,1.0,,
2025-08-01,simple_composite,MSFT,4.0,0.021999255154699693,524.1099853515625,535.6400146484375,2.0,2.0,,
2025-08-04,simple_composite,MSFT,4.0,-0.014730069510613508,535.6400146484375,527.75,2.0,2.0,,
2025-08-05,simple_composite,MSFT,4.0,-0.005324486136605855,527.75,524.9400024414062,2.0,2.0,,
2025-08-06,simple_composite,MSFT,4.0,-0.007810369883928137,524.9400024414062,520.8400268554688,2.0,2.0,,
2025-08-07,simple_composite,AAPL,4.0,0.04235789381413979,220.02999877929688,229.35000610351562,1.0,3.0,,
2025-08-08,simple_composite,AAPL,3.0,-0.009461579986856261,229.35000610351562,227.17999267578125,1.0,2.0,,
2025-08-11,simple_composite,AAPL,3.0,0.010872441677679756,227.17999267578125,229.64999389648438,1.0,2.0,,
2025-08-12,simple_composite,AAPL,2.0,0.01602441991019199,229.64999389648438,233.3300018310547,1.0,1.0,,
2025-08-13,simple_composite,AAPL,2.0,-0.0023571895917441354,233.3300018310547,232.77999877929688,1.0,1.0,,
2025-08-14,simple_composite,AAPL,2.0,-0.005112133549474374,232.77999877929688,231.58999633789062,1.0,1.0,,
2025-08-15,simple_composite,AAPL,4.0,-0.0030225698834628334,231.58999633789062,230.88999938964844,3.0,1.0,,
2025-08-18,simple_composite,AAPL,3.0,-0.001429259958971918,230.88999938964844,230.55999755859375,2.0,1.0,,
2025-08-19,simple_composite,AAPL,3.0,-0.019734572779050663,230.55999755859375,226.00999450683594,2.0,1.0,,
2025-08-20,simple_composite,AAPL,4.0,-0.004911289931109564,226.00999450683594,224.89999389648438,3.0,1.0,,
2025-08-21,simple_composite,AAPL,2.0,0.012716766064777785,224.89999389648438,227.75999450683594,1.0,1.0,,
2025-08-22,simple_composite,TSLA,2.0,0.019381771561470362,340.010009765625,346.6000061035156,1.0,1.0,,
2025-08-25,simple_composite,TSLA,3.0,0.01462783391499567,346.6000061035156,351.6700134277344,1.0,2.0,,
2025-08-26,simple_composite,TSLA,3.0,-0.0058862207330171445,351.6700134277344,349.6000061035156,1.0,2.0,,
2025-08-27,simple_composite,TSLA,3.0,-0.010354676927882056,349.6000061035156,345.9800109863281,1.0,2.0,,
2025-08-28,simple_composite,TSLA,3.0,-0.03500206799409333,345.9800109863281,333.8699951171875,1.0,2.0,,
2025-08-29,simple_composite,AAPL,2.0,-0.010424735828844955,232.13999938964844,229.72000122070312,1.0,1.0,,
2025-09-02,simple_composite,AAPL,2.0,0.038089848308826335,229.72000122070312,238.47000122070312,1.0,1.0,,
2025-09-03,simple_composite,AAPL,2.0,0.005493343195739575,238.47000122070312,239.77999877929688,1.0,1.0,,
2025-09-04,simple_composite,AAPL,2.0,-0.00037532879451496193,239.77999877929688,239.69000244140625,1.0,1.0,,
2025-09-05,simple_composite,AAPL,2.0,-0.007551410322323426,239.69000244140625,237.8800048828125,1.0,1.0,,
2025-09-08,simple_composite,AMZN,3.0,0.010176429751274751,235.83999633789062,238.24000549316406,2.0,1.0,,
2025-09-09,simple_composite,AMZN,2.0,-0.03320182790348514,238.24000549316406,230.3300018310547,1.0,1.0,,
2025-09-10,simple_composite,TSLA,3.0,0.06043873744853956,347.7900085449219,368.80999755859375,1.0,2.0,,
2025-09-11,simple_composite,TSLA,2.0,0.07356092584909457,368.80999755859375,395.94000244140625,1.0,1.0,,
2025-09-12,simple_composite,TSLA,2.0,0.03561147147692467,395.94000244140625,410.0400085449219,1.0,1.0,,
2025-09-15,simple_composite,TSLA,2.0,0.028241113869250656,410.0400085449219,421.6199951171875,1.0,1.0,,
2025-09-16,simple_composite,TSLA,2.0,0.01005642588937583,421.6199951171875,425.8599853515625,1.0,1.0,,
2025-09-17,simple_composite,TSLA,2.0,-0.021157139806429193,425.8599853515625,416.8500061035156,1.0,1.0,,
2025-09-18,simple_composite,TSLA,2.0,0.022118270566640064,416.8500061035156,426.07000732421875,1.0,1.0,,
2025-09-19,simple_composite,TSLA,2.0,0.019104804353584193,426.07000732421875,434.2099914550781,1.0,1.0,,
2025-09-22,simple_composite,AAPL,3.0,-0.006443275472520216,256.0799865722656,254.42999267578125,1.0,2.0,,
2025-09-23,simple_composite,AAPL,3.0,-0.008332331793480807,254.42999267578125,252.30999755859375,1.0,2.0,,
2025-09-24,simple_composite,AAPL,3.0,0.018072995928489766,252.30999755859375,256.8699951171875,1.0,2.0,,
2025-09-25,simple_composite,AAPL,3.0,-0.005489112898051984,256.8699951171875,255.4600067138672,1.0,2.0,,
2025-09-26,simple_composite,AAPL,3.0,-0.004031997224675621,255.4600067138672,254.42999267578125,1.0,2.0,,
2025-09-29,simple_composite,TSLA,2.0,0.0034069849388267404,443.2099914550781,444.7200012207031,1.0,1.0,,
2025-09-30,simple_composite,TSLA,3.0,0.033144428390707636,444.7200012207031,459.4599914550781,2.0,1.0,,
2025-10-01,simple_composite,NVDA,3.0,0.008812186755381202,187.24000549316406,188.88999938964844,1.0,2.0,,
2025-10-02,simple_composite,NVDA,3.0,-0.0067235125023275,188.88999938964844,187.6199951171875,1.0,2.0,,
2025-10-03,simple_composite,NVDA,3.0,-0.011086248188821868,187.6199951171875,185.5399932861328,1.0,2.0,,
2025-10-06,simple_composite,MSFT,3.0,-0.008683857940984696,528.5700073242188,523.97998046875,1.0,2.0,,
2025-10-07,simple_composite,MSFT,4.0,0.0016603594595525628,523.97998046875,524.8499755859375,1.0,3.0,,
2025-10-08,simple_composite,AAPL,3.0,-0.015577789314472068,258.05999755859375,254.0399932861328,2.0,1.0,,
2025-10-09,simple_composite,NVDA,5.0,-0.04886536482426518,192.57000732421875,183.16000366210938,2.0,3.0,,
2025-10-10,simple_composite,MSFT,6.0,0.0060474330467461535,510.9599914550781,514.0499877929688,2.0,4.0,,
2025-10-13,simple_composite,NVDA,3.0,-0.04402085929536681,188.32000732421875,180.02999877929688,1.0,2.0,,
2025-10-14,simple_composite,MSFT,6.0,-0.0002726301116511287,513.5700073242188,513.4299926757812,3.0,3.0,,
2025-10-15,simple_composite,AAPL,5.0,-0.007580008893106838,249.33999633789062,247.4499969482422,4.0,1.0,,
2025-10-16,simple_composite,AAPL,4.0,0.019559492412937862,247.4499969482422,252.2899932861328,3.0,1.0,,
2025-10-17,simple_composite,AAPL,3.0,0.03943873008454002,252.2899932861328,262.239990234375,2.0,1.0,,
2025-10-20,simple_composite,AAPL,2.0,0.002021044840732289,262.239990234375,262.7699890136719,1.0,1.0,,
2025-10-21,simple_composite,AAPL,2.0,-0.016440145325788524,262.7699890136719,258.45001220703125,1.0,1.0,,
2025-10-22,simple_composite,AAPL,3.0,0.004372119604812541,258.45001220703125,259.5799865722656,1.0,2.0,,
2025-10-23,simple_composite,TSLA,4.0,-0.03398817183887881,448.9800109863281,433.7200012207031,2.0,2.0,,
2025-10-24,simple_composite,AAPL,5.0,0.02279122619072771,262.82000732421875,268.80999755859375,2.0,3.0,,
2025-10-27,simple_composite,MSFT,4.0,0.019848712005754443,531.52001953125,542.0700073242188,3.0,1.0,,
2025-10-28,simple_composite,MSFT,3.0,-0.0009593217190099201,542.0700073242188,541.5499877929688,2.0,1.0,,
2025-10-29,simple_composite,NVDA,2.0,-0.020044407027916655,207.0399932861328,202.88999938964844,1.0,1.0,,
2025-10-30,simple_composite,AAPL,3.0,-0.0037951319176879883,271.3999938964844,270.3699951171875,2.0,1.0,,
2025-10-31,simple_composite,AMZN,2.0,0.04004585509136338,244.22000122070312,254.0,1.0,1.0,,
2025-11-03,simple_composite,AMZN,2.0,-0.018425168014886806,254.0,249.32000732421875,1.0,1.0,,
2025-11-04,simple_composite,AMZN,2.0,0.0035295587926045258,249.32000732421875,250.1999969482422,1.0,1.0,,
2025-11-05,simple_composite,AMZN,2.0,-0.028617121300727022,250.1999969482422,243.0399932861328,1.0,1.0,,
2025-11-06,simple_composite,AMZN,3.0,0.005636975040415049,243.0399932861328,244.41000366210938,1.0,2.0,,
2025-11-07,simple_composite,AAPL,3.0,0.003575786682732396,268.4700012207031,269.42999267578125,2.0,1.0,,
2025-11-10,simple_composite,AAPL,2.0,0.021601185771556786,269.42999267578125,275.25,1.0,1.0,,
2025-11-11,simple_composite,AAPL,2.0,-0.006466843884820661,275.25,273.4700012207031,1.0,1.0,,
2025-11-12,simple_composite,AAPL,2.0,-0.0019014480979659965,273.4700012207031,272.95001220703125,1.0,1.0,,
2025-11-13,simple_composite,AAPL,3.0,-0.0019784155368063328,272.95001220703125,272.4100036621094,2.0,1.0,,
2025-11-14,simple_composite,AAPL,3.0,-0.018171183658773127,272.4100036621094,267.4599914550781,2.0,1.0,,
2025-11-17,simple_composite,AAPL,4.0,-7.473646268785217e-05,267.4599914550781,267.44000244140625,2.0,2.0,,
2025-11-18,simple_composite,AAPL,2.0,0.004187836924032684,267.44000244140625,268.55999755859375,1.0,1.0,,
2025-11-19,simple_composite,AAPL,2.0,-0.008601420835542606,268.55999755859375,266.25,1.0,1.0,,
2025-11-20,simple_composite,AAPL,3.0,0.019680714495305063,266.25,271.489990234375,2.0,1.0,,
2025-11-21,simple_composite,AAPL,2.0,0.0163174457722548,271.489990234375,275.9200134277344,1.0,1.0,,
2025-11-24,simple_composite,AAPL,2.0,0.003805406428931457,275.9200134277344,276.9700012207031,1.0,1.0,,
2025-11-25,simple_composite,AAPL,4.0,0.0020940411225383038,276.9700012207031,277.54998779296875,3.0,1.0,,
2025-11-26,simple_composite,AAPL,4.0,0.004683906927485104,277.54998779296875,278.8500061035156,3.0,1.0,,
2025-11-28,simple_composite,AAPL,5.0,0.015241168753721723,278.8500061035156,283.1000061035156,4.0,1.0,,
2025-12-01,simple_composite,META,4.0,0.009721129895636338,640.8699951171875,647.0999755859375,2.0,2.0,,
2025-12-02,simple_composite,AAPL,3.0,-0.00712816145749029,286.19000244140625,284.1499938964844,2.0,1.0,,
2025-12-03,simple_composite,AAPL,3.0,-0.012141410394363561,284.1499938964844,280.70001220703125,2.0,1.0,,
2025-12-04,simple_composite,META,4.0,0.017973414791039533,661.530029296875,673.4199829101562,2.0,2.0,,
2025-12-05,simple_composite,META,3.0,-0.009830410865711903,673.4199829101562,666.7999877929688,2.0,1.0,,
2025-12-08,simple_composite,META,2.0,-0.014756997601157229,666.7999877929688,656.9600219726562,1.0,1.0,,
2025-12-09,simple_composite,TSLA,4.0,0.014106967203253218,445.1700134277344,451.45001220703125,1.0,3.0,,
2025-12-10,simple_composite,META,3.0,0.0039684633388190615,650.1300048828125,652.7100219726562,2.0,1.0,,
2025-12-11,simple_composite,AAPL,5.0,0.0008991835452922814,278.0299987792969,278.2799987792969,3.0,2.0,,
2025-12-12,simple_composite,TSLA,2.0,0.035624033484225714,458.9599914550781,475.30999755859375,1.0,1.0,,
2025-12-15,simple_composite,TSLA,2.0,0.030653694218629735,475.30999755859375,489.8800048828125,1.0,1.0,,
2025-12-16,simple_composite,TSLA,2.0,-0.04617456293730249,489.8800048828125,467.260009765625,1.0,1.0,,
2025-12-17,simple_composite,TSLA,2.0,0.034477560704677446,467.260009765625,483.3699951171875,1.0,1.0,,
2025-12-18,simple_composite,TSLA,2.0,-0.00448927929345333,483.3699951171875,481.20001220703125,1.0,1.0,,
2025-12-19,simple_composite,TSLA,2.0,0.01564837611861325,481.20001220703125,488.7300109863281,1.0,1.0,,
2025-12-22,simple_composite,TSLA,3.0,-0.00648622625268469,488.7300109863281,485.55999755859375,2.0,1.0,,
2025-12-23,simple_composite,MSFT,6.0,0.0024031691393415766,486.8500061035156,488.0199890136719,3.0,3.0,,
2025-12-24,simple_composite,NVDA,4.0,0.010179726222003582,188.61000061035156,190.52999877929688,1.0,3.0,,
2025-12-26,simple_composite,NVDA,4.0,-0.012124062212741427,190.52999877929688,188.22000122070312,1.0,3.0,,
2025-12-29,simple_composite,NVDA,2.0,-0.003612835671873982,188.22000122070312,187.5399932861328,1.0,1.0,,
2025-12-30,simple_composite,NVDA,4.0,-0.005545448029029565,187.5399932861328,186.5,1.0,3.0,,
2025-12-31,simple_composite,META,6.0,-0.014664747711840564,660.0900268554688,650.4099731445312,4.0,2.0,,
2026-01-02,simple_composite,NVDA,2.0,-0.0038655597709008616,188.85000610351562,188.1199951171875,1.0,1.0,,
2026-01-05,simple_composite,AMZN,2.0,0.033768107781812384,233.05999755859375,240.92999267578125,1.0,1.0,,
2026-01-06,simple_composite,AMZN,2.0,0.0026148877348795008,240.92999267578125,241.55999755859375,1.0,1.0,,
2026-01-07,simple_composite,AMZN,2.0,0.019581038977249277,241.55999755859375,246.2899932861328,1.0,1.0,,
2026-01-08,simple_composite,AMZN,2.0,0.004425724253495522,246.2899932861328,247.3800048828125,1.0,1.0,,
2026-01-09,simple_composite,AMZN,2.0,-0.003678565947722645,247.3800048828125,246.47000122070312,1.0,1.0,,
2026-01-12,simple_composite,AMZN,2.0,-0.0157016882298876,246.47000122070312,242.60000610351562,1.0,1.0,,
2026-01-13,simple_composite,AMZN,3.0,-0.024526018373191683,242.60000610351562,236.64999389648438,2.0,1.0,,
2026-01-14,simple_composite,AMZN,4.0,0.006465239039753046,236.64999389648438,238.17999267578125,3.0,1.0,,
2026-01-15,simple_composite,NVDA,3.0,-0.004383893669287153,187.0500030517578,186.22999572753906,1.0,2.0,,
2026-01-16,simple_composite,NVDA,3.0,-0.04381672442960616,186.22999572753906,178.07000732421875,1.0,2.0,,
2026-01-20,simple_composite,NVDA,2.0,0.029482786455111043,178.07000732421875,183.32000732421875,1.0,1.0,,
2026-01-21,simple_composite,NVDA,3.0,0.008291451848916997,183.32000732421875,184.83999633789062,1.0,2.0,,
2026-01-22,simple_composite,META,4.0,0.01718574618053159,647.6300048828125,658.760009765625,1.0,3.0,,
2026-01-23,simple_composite,META,4.0,0.020644810529370394,658.760009765625,672.3599853515625,1.0,3.0,,
2026-01-26,simple_composite,META,3.0,0.0009072303005115412,672.3599853515625,672.969970703125,1.0,2.0,,
2026-01-27,simple_composite,META,3.0,-0.0063004152026947535,672.969970703125,668.72998046875,1.0,2.0,,
2026-01-28,simple_composite,META,4.0,0.10404800012266713,668.72998046875,738.3099975585938,1.0,3.0,,
2026-01-29,simple_composite,META,2.0,-0.02954043373476445,738.3099975585938,716.5,1.0,1.0,,
2026-01-30,simple_composite,META,2.0,-0.014082382212796563,716.5,706.4099731445312,1.0,1.0,,
2026-02-02,simple_composite,AAPL,4.0,-0.0019628856713753695,270.010009765625,269.4800109863281,1.0,3.0,,
2026-02-03,simple_composite,META,3.0,-0.03283218385408815,691.7000122070312,668.989990234375,2.0,1.0,,
2026-02-04,simple_composite,AAPL,2.0,-0.0020976765624461935,276.489990234375,275.9100036621094,1.0,1.0,,
2026-02-05,simple_composite,AAPL,2.0,0.008009827210848641,275.9100036621094,278.1199951171875,1.0,1.0,,
2026-02-06,simple_composite,AAPL,2.0,-0.01258449612198953,278.1199951171875,274.6199951171875,1.0,1.0,,
2026-02-09,simple_composite,AAPL,3.0,-0.003422920610733904,274.6199951171875,273.67999267578125,2.0,1.0,,
2026-02-10,simple_composite,AAPL,3.0,0.0066501292492171515,273.67999267578125,275.5,2.0,1.0,,
2026-02-11,simple_composite,NVDA,4.0,-0.01636411765541823,190.0500030517578,186.94000244140625,1.0,3.0,,
2026-02-12,simple_composite,NVDA,3.0,-0.02209267587929442,186.94000244140625,182.80999755859375,1.0,2.0,,
2026-02-13,simple_composite,META,5.0,-0.0007503344784083321,639.77001953125,639.2899780273438,4.0,1.0,,
2026-02-17,simple_composite,AAPL,5.0,0.0017811172199722058,263.8800048828125,264.3500061035156,4.0,1.0,,
2026-02-18,simple_composite,NVDA,3.0,-0.00042558693942440495,187.97999572753906,187.89999389648438,1.0,2.0,,
2026-02-19,simple_composite,NVDA,5.0,0.010218272964884312,187.89999389648438,189.82000732421875,2.0,3.0,,
2026-02-20,simple_composite,AAPL,4.0,0.006047343656806037,264.5799865722656,266.17999267578125,3.0,1.0,,
2026-02-23,simple_composite,AAPL,3.0,0.022390946489790453,266.17999267578125,272.1400146484375,2.0,1.0,,
2026-02-24,simple_composite,NVDA,3.0,0.014052327556699717,192.85000610351562,195.55999755859375,1.0,2.0,,
2026-02-25,simple_composite,AAPL,3.0,-0.004667610137537803,274.2300109863281,272.95001220703125,2.0,1.0,,
2026-02-26,simple_composite,AAPL,2.0,-0.03213049693728531,272.95001220703125,264.17999267578125,1.0,1.0,,
2026-02-27,simple_composite,AAPL,3.0,0.002044093269336189,264.17999267578125,264.7200012207031,2.0,1.0,,
2026-03-02,simple_composite,MSFT,5.0,0.013498946299321357,398.54998779296875,403.92999267578125,1.0,4.0,,
2026-03-03,simple_composite,MSFT,4.0,0.0031441575378865494,403.92999267578125,405.20001220703125,1.0,3.0,,
2026-03-04,simple_composite,MSFT,5.0,0.013524136978431578,405.20001220703125,410.67999267578125,3.0,2.0,,
2026-03-05,simple_composite,MSFT,5.0,-0.004188178755669236,410.67999267578125,408.9599914550781,2.0,3.0,,
2026-03-06,simple_composite,MSFT,2.0,0.0011003819846291396,408.9599914550781,409.4100036621094,1.0,1.0,,
2026-03-09,simple_composite,MSFT,2.0,-0.008915253325116002,409.4100036621094,405.760009765625,1.0,1.0,,
2026-03-10,simple_composite,AMZN,2.0,-0.007838417021498345,214.3300018310547,212.64999389648438,1.0,1.0,,
2026-03-11,simple_composite,NVDA,3.0,-0.015535125563684415,186.02999877929688,183.13999938964844,1.0,2.0,,
2026-03-12,simple_composite,NVDA,4.0,-0.015780274103308733,183.13999938964844,180.25,1.0,3.0,,
2026-03-13,simple_composite,NVDA,4.0,0.01647712189016981,180.25,183.22000122070312,1.0,3.0,,
2026-03-16,simple_composite,NVDA,3.0,-0.00704076266961684,183.22000122070312,181.92999267578125,1.0,2.0,,
2026-03-17,simple_composite,AMZN,2.0,-0.024767666852414494,215.1999969482422,209.8699951171875,1.0,1.0,,
2026-03-18,simple_composite,AMZN,2.0,-0.005288991452693126,209.8699951171875,208.75999450683594,1.0,1.0,,
2026-03-19,simple_composite,AMZN,2.0,-0.01623874055782004,208.75999450683594,205.3699951171875,1.0,1.0,,
2026-03-20,simple_composite,AMZN,3.0,0.02322639327005427,205.3699951171875,210.13999938964844,2.0,1.0,,
2026-03-23,simple_composite,AMZN,3.0,-0.013800294588880768,210.13999938964844,207.24000549316406,2.0,1.0,,
2026-03-24,simple_composite,AMZN,3.0,0.021569200454641724,207.24000549316406,211.7100067138672,2.0,1.0,,
2026-03-25,simple_composite,AMZN,3.0,-0.019696817795534227,211.7100067138672,207.5399932861328,2.0,1.0,,
2026-03-26,simple_composite,AMZN,3.0,-0.039510442389467326,207.5399932861328,199.33999633789062,2.0,1.0,,
2026-03-27,simple_composite,AAPL,5.0,-0.008721857485242457,248.8000030517578,246.6300048828125,1.0,4.0,,
2026-03-30,simple_composite,AMZN,3.0,0.03642700888472339,200.9499969482422,208.27000427246094,2.0,1.0,,
2026-03-31,simple_composite,AMZN,3.0,0.011043371606930696,208.27000427246094,210.57000732421875,2.0,1.0,,
2026-04-01,simple_composite,AAPL,4.0,0.0011344258521832629,255.6300048828125,255.9199981689453,1.0,3.0,,
2026-04-02,simple_composite,NVDA,4.0,0.0014093240930164175,177.38999938964844,177.63999938964844,2.0,2.0,,
2026-04-06,simple_composite,NVDA,5.0,0.0025895446715138437,177.63999938964844,178.10000610351562,3.0,2.0,,
2026-04-07,simple_composite,NVDA,3.0,0.02234697131467711,178.10000610351562,182.0800018310547,1.0,2.0,,
2026-04-08,simple_composite,AMZN,3.0,0.056045170153601775,221.25,233.64999389648438,2.0,1.0,,
2026-04-09,simple_composite,AMZN,2.0,0.020244002182271403,233.64999389648438,238.3800048828125,1.0,1.0,,
2026-04-10,simple_composite,AMZN,2.0,0.006334400855383171,238.3800048828125,239.88999938964844,1.0,1.0,,
2026-04-13,simple_composite,AMZN,2.0,0.038059130876826774,239.88999938964844,249.02000427246094,1.0,1.0,,
2026-04-14,simple_composite,AMZN,2.0,-0.00208820280916866,249.02000427246094,248.5,1.0,1.0,,
2026-04-15,simple_composite,AMZN,3.0,0.004828961562342915,248.5,249.6999969482422,2.0,1.0,,
2026-04-16,simple_composite,MSFT,5.0,0.0060200797613549906,420.260009765625,422.7900085449219,1.0,4.0,,
2026-04-17,simple_composite,MSFT,6.0,-0.011163937475598185,422.7900085449219,418.07000732421875,2.0,4.0,,
2026-04-20,simple_composite,NVDA,5.0,-0.010788838474320439,202.05999755859375,199.8800048828125,3.0,2.0,,
2026-04-21,simple_composite,MSFT,4.0,0.02065260677572822,424.1600036621094,432.9200134277344,1.0,3.0,,
2026-04-22,simple_composite,MSFT,3.0,-0.03966093711350327,432.9200134277344,415.75,1.0,2.0,,
2026-04-23,simple_composite,AMZN,3.0,0.03493017225717909,255.0800018310547,263.989990234375,2.0,1.0,,
2026-04-24,simple_composite,AMZN,2.0,-0.010871605831113018,263.989990234375,261.1199951171875,1.0,1.0,,
2026-04-27,simple_composite,NVDA,2.0,-0.01588108781548958,216.61000061035156,213.1699981689453,1.0,1.0,,
2026-04-28,simple_composite,NVDA,3.0,-0.01838907070702589,213.1699981689453,209.25,1.0,2.0,,
2026-04-29,simple_composite,NVDA,3.0,-0.04626041900014932,209.25,199.57000732421875,1.0,2.0,,
2026-04-30,simple_composite,AMZN,2.0,0.012072784412985094,265.05999755859375,268.260009765625,1.0,1.0,,
2026-05-01,simple_composite,AAPL,4.0,-0.011815620415119188,280.1400146484375,276.8299865722656,2.0,2.0,,
2026-05-04,simple_composite,AMZN,2.0,0.005513692583370089,272.04998779296875,273.54998779296875,1.0,1.0,,
2026-05-05,simple_composite,AMZN,2.0,0.005264129064761924,273.54998779296875,274.989990234375,1.0,1.0,,
2026-05-06,simple_composite,TSLA,3.0,0.03275398690529352,398.7300109863281,411.7900085449219,1.0,2.0,,
2026-05-07,simple_composite,TSLA,3.0,0.040214665764012114,411.7900085449219,428.3500061035156,1.0,2.0,,
2026-05-08,simple_composite,TSLA,3.0,0.038870068073398656,428.3500061035156,445.0,1.0,2.0,,
2026-05-11,simple_composite,TSLA,2.0,-0.025955028748244402,445.0,433.45001220703125,1.0,1.0,,
2026-05-12,simple_composite,AAPL,4.0,0.013805995565634221,294.79998779296875,298.8699951171875,3.0,1.0,,
2026-05-13,simple_composite,AAPL,4.0,-0.00220833028705536,298.8699951171875,298.2099914550781,3.0,1.0,,
2026-05-14,simple_composite,NVDA,3.0,-0.04420122985552177,235.74000549316406,225.32000732421875,1.0,2.0,,
2026-05-15,simple_composite,AAPL,3.0,-0.007960612067346995,300.2300109863281,297.8399963378906,2.0,1.0,,
2026-05-18,simple_composite,AAPL,4.0,0.003793999787491842,297.8399963378906,298.9700012207031,3.0,1.0,,
2026-05-19,simple_composite,AAPL,3.0,0.0109709963070026,298.9700012207031,302.25,2.0,1.0,,
2026-05-20,simple_composite,AAPL,3.0,0.009065310949131433,302.25,304.989990234375,2.0,1.0,,
2026-05-21,simple_composite,AAPL,3.0,0.012557845216167651,304.989990234375,308.82000732421875,2.0,1.0,,
2026-05-22,simple_composite,AAPL,2.0,-0.001586751960143129,308.82000732421875,308.3299865722656,1.0,1.0,,
2026-05-26,simple_composite,AAPL,3.0,0.008173125031610828,308.3299865722656,310.8500061035156,2.0,1.0,,
2026-05-27,simple_composite,TSLA,3.0,0.003951359818862743,440.3599853515625,442.1000061035156,1.0,2.0,,
2026-05-28,simple_composite,TSLA,3.0,-0.014272783242432974,442.1000061035156,435.7900085449219,1.0,2.0,,
2026-05-29,simple_composite,MSFT,3.0,0.022832265019252507,450.239990234375,460.5199890136719,1.0,2.0,,
2026-06-01,simple_composite,MSFT,3.0,-0.04171369737114239,460.5199890136719,441.30999755859375,1.0,2.0,,
2026-06-02,simple_composite,AAPL,4.0,-0.015672595971098935,315.20001220703125,310.260009765625,3.0,1.0,,
2026-06-03,simple_composite,AAPL,4.0,0.0031264139436979477,310.260009765625,311.2300109863281,3.0,1.0,,
2026-06-04,simple_composite,NVDA,3.0,-0.062014073591381225,218.66000366210938,205.10000610351562,1.0,2.0,,
2026-06-05,simple_composite,AAPL,2.0,-0.01887156849768501,307.3399963378906,301.5400085449219,1.0,1.0,,
