as_of_date,symbol,recomputed_rank,recomputed_ticket_score,recomputed_market_score,persisted_catalyst_score,pool_status,pool_size,universe_source,catalyst_policy,t1,t3,t5,t10,t1_source
2026-05-26,GS,1,0.4988026292,0.6650701722,0,FULL_ASOF_PANEL,68,daily_klines_as_of_membership,unavailable_as_of_equals_zero,0.001969657179,0.03135300297,0.07531160987,0.04241328458,kline_close_unadjusted
2026-05-26,WELL,2,0.453973435,0.6052979133,0,FULL_ASOF_PANEL,68,daily_klines_as_of_membership,unavailable_as_of_equals_zero,-0.01810846743,-0.05868060331,-0.1044331362,-0.05207903544,kline_close_unadjusted
2026-05-26,KDP,3,0.4213194715,0.5617592953,0,FULL_ASOF_PANEL,68,daily_klines_as_of_membership,unavailable_as_of_equals_zero,0.0187585266,0.01637107776,0.02762619372,0.06582537517,kline_close_unadjusted
2026-05-26,VRTX,4,0.4002990185,0.5337320246,0,FULL_ASOF_PANEL,68,daily_klines_as_of_membership,unavailable_as_of_equals_zero,0.002959190696,0.02663271626,-0.02486637763,0.02257243135,kline_close_unadjusted
2026-05-26,ASML,5,0.3974498269,0.5299331025,0,FULL_ASOF_PANEL,68,daily_klines_as_of_membership,unavailable_as_of_equals_zero,-0.02093098779,-0.01180738099,0.04493789943,0.08929982905,kline_close_unadjusted
2026-05-26,TSLA,6,0.3928806712,0.5238408949,0,FULL_ASOF_PANEL,68,daily_klines_as_of_membership,unavailable_as_of_equals_zero,0.01561382873,0.005073917756,-0.02271731359,-0.08512650199,kline_close_unadjusted
2026-05-26,CASY,7,0.3788437942,0.505125059,0,FULL_ASOF_PANEL,68,daily_klines_as_of_membership,unavailable_as_of_equals_zero,-0.03092375928,-0.05222322432,-0.06819782311,-0.05958661247,kline_close_unadjusted
2026-05-26,AMAT,8,0.3769801297,0.5026401729,0,FULL_ASOF_PANEL,68,daily_klines_as_of_membership,unavailable_as_of_equals_zero,-0.01459693552,-0.01061795159,0.07729341159,0.09743014795,kline_close_unadjusted
2026-05-26,NKE,9,0.3746621333,0.4995495111,0,FULL_ASOF_PANEL,68,daily_klines_as_of_membership,unavailable_as_of_equals_zero,0.02335504155,0.02896923422,-0.01796541657,0.002694812486,kline_close_unadjusted
2026-05-26,PDD,10,0.3735792565,0.4981056754,0,FULL_ASOF_PANEL,68,daily_klines_as_of_membership,unavailable_as_of_equals_zero,-0.1037872517,-0.1262417219,-0.08754139073,-0.152214404,kline_close_unadjusted
2026-05-26,CRM,11,0.3677558303,0.4903411071,0,FULL_ASOF_PANEL,68,daily_klines_as_of_membership,unavailable_as_of_equals_zero,-0.008788625168,0.06728616211,0.1218092253,-0.02087998209,kline_close_unadjusted
2026-05-26,KO,12,0.3588148277,0.4784197703,0,FULL_ASOF_PANEL,68,daily_klines_as_of_membership,unavailable_as_of_equals_zero,0.01451269861,-0.01814087326,-0.02564744151,0.01100963343,kline_close_unadjusted
2026-05-26,AVGO,13,0.3561757983,0.4749010643,0,FULL_ASOF_PANEL,68,daily_klines_as_of_membership,unavailable_as_of_equals_zero,-0.0003559901272,0.05876210366,0.1413518132,-0.07084203531,kline_close_unadjusted
2026-05-26,JNJ,14,0.3442113863,0.458948515,0,FULL_ASOF_PANEL,68,daily_klines_as_of_membership,unavailable_as_of_equals_zero,0.004822312972,-0.02107046659,-0.03167086628,0.02962898601,kline_close_unadjusted
2026-05-26,AMZN,15,0.3406281531,0.4541708708,0,FULL_ASOF_PANEL,68,daily_klines_as_of_membership,unavailable_as_of_equals_zero,0.02472765653,0.02016661012,-0.03305816277,-0.07953560255,kline_close_unadjusted
2026-05-26,GOOGL,16,0.3375293556,0.4500391408,0,FULL_ASOF_PANEL,68,daily_klines_as_of_membership,unavailable_as_of_equals_zero,-0.0001286471466,-0.02197293264,-0.06954664746,-0.06277980754,kline_close_unadjusted
2026-05-26,APP,17,0.3373642649,0.4498190199,0,FULL_ASOF_PANEL,68,daily_klines_as_of_membership,unavailable_as_of_equals_zero,0.1042120411,0.19222542,0.177718575,0.01283447418,kline_close_unadjusted
2026-05-26,CCI,18,0.3344995513,0.4459994017,0,FULL_ASOF_PANEL,68,daily_klines_as_of_membership,unavailable_as_of_equals_zero,0.002567609054,0.009600625157,-0.00803773269,0.02154558902,kline_close_unadjusted
2026-05-26,AKAM,19,0.3306427597,0.440857013,0,FULL_ASOF_PANEL,68,daily_klines_as_of_membership,unavailable_as_of_equals_zero,-0.02550435193,0.008973753458,0.08170838675,-0.07017070373,kline_close_unadjusted
2026-05-26,ABBV,20,0.3234574067,0.4312765422,0,FULL_ASOF_PANEL,68,daily_klines_as_of_membership,unavailable_as_of_equals_zero,0.0106981982,0.02158408408,0.0106981982,0.05771396396,kline_close_unadjusted
2026-05-26,MCK,21,0.3189028024,0.4252037366,0,FULL_ASOF_PANEL,68,daily_klines_as_of_membership,unavailable_as_of_equals_zero,0.002746888187,-0.01587090953,-0.02229358529,0.04067252316,kline_close_unadjusted
2026-05-26,ADBE,22,0.3164255089,0.4219006786,0,FULL_ASOF_PANEL,68,daily_klines_as_of_membership,unavailable_as_of_equals_zero,-0.009356147363,0.0778423144,0.08990218044,-0.01085313094,kline_close_unadjusted
2026-05-26,GOOG,23,0.3143117225,0.4190822966,0,FULL_ASOF_PANEL,68,daily_klines_as_of_membership,unavailable_as_of_equals_zero,-2.5999688e-05,-0.02186573761,-0.06876917477,-0.05805730331,kline_close_unadjusted
2026-05-26,MMM,24,0.3106440371,0.4141920494,0,FULL_ASOF_PANEL,68,daily_klines_as_of_membership,unavailable_as_of_equals_zero,0.007401155619,-0.005843017594,-0.007336233201,0.01532169058,kline_close_unadjusted
2026-05-26,TXN,25,0.3104196201,0.4138928268,0,FULL_ASOF_PANEL,68,daily_klines_as_of_membership,unavailable_as_of_equals_zero,-0.02290005848,-0.05912770476,-0.05161747053,-0.1116070054,kline_close_unadjusted
2026-05-26,NUE,26,0.305533444,0.4073779253,0,FULL_ASOF_PANEL,68,daily_klines_as_of_membership,unavailable_as_of_equals_zero,0.02577900138,0.04050390022,0.07579360113,0.05852417303,kline_close_unadjusted
2026-05-26,ALL,27,0.3009946158,0.4013261544,0,FULL_ASOF_PANEL,68,daily_klines_as_of_membership,unavailable_as_of_equals_zero,-0.01874940965,-0.03178426372,-0.006045149712,0.02569188628,kline_close_unadjusted
2026-05-27,GS,1,0.5228697033,0.6971596044,0,FULL_ASOF_PANEL,68,daily_klines_as_of_membership,unavailable_as_of_equals_zero,0.01199633053,0.05706825811,0.04944705989,0.009395445427,kline_close_unadjusted
2026-05-27,NKE,2,0.451982852,0.6026438027,0,FULL_ASOF_PANEL,68,daily_klines_as_of_membership,unavailable_as_of_equals_zero,0.03050252359,0.007899934167,-0.03862190037,-0.03533026114,kline_close_unadjusted
2026-05-27,MGM,3,0.4375234327,0.5833645769,0,FULL_ASOF_PANEL,68,daily_klines_as_of_membership,unavailable_as_of_equals_zero,0.02336114422,0.2083432658,0.1513706794,0.1182359952,kline_close_unadjusted
2026-05-27,APP,4,0.4281901346,0.5709201795,0,FULL_ASOF_PANEL,68,daily_klines_as_of_membership,unavailable_as_of_equals_zero,0.05646056038,0.08078121973,0.005283271402,-0.1318176215,kline_close_unadjusted
2026-05-27,WELL,5,0.399469756,0.5326263414,0,FULL_ASOF_PANEL,68,daily_klines_as_of_membership,unavailable_as_of_equals_zero,-0.0181622934,-0.07853207582,-0.06812027267,-0.01316649547,kline_close_unadjusted
2026-05-27,VRTX,6,0.3964592345,0.5286123127,0,FULL_ASOF_PANEL,68,daily_klines_as_of_membership,unavailable_as_of_equals_zero,0.02458716436,0.002698870134,-0.02031014135,-0.0034536389,kline_close_unadjusted
2026-05-27,KDP,7,0.3962266006,0.5283021342,0,FULL_ASOF_PANEL,68,daily_klines_as_of_membership,unavailable_as_of_equals_zero,-0.002008704386,0.003347840643,0.01506528289,0.05356545028,kline_close_unadjusted
2026-05-27,ASML,8,0.3935685087,0.5247580116,0,FULL_ASOF_PANEL,68,daily_klines_as_of_membership,unavailable_as_of_equals_zero,0.004944081809,0.01921301483,0.08041330021,0.08531351111,kline_close_unadjusted
2026-05-27,TSLA,9,0.3868069608,0.5157426145,0,FULL_ASOF_PANEL,68,daily_klines_as_of_membership,unavailable_as_of_equals_zero,0.003951312562,-0.05559088019,-0.03783268235,-0.1334589881,kline_close_unadjusted
2026-05-27,GOOGL,10,0.3752544547,0.500339273,0,FULL_ASOF_PANEL,68,daily_klines_as_of_membership,unavailable_as_of_equals_zero,0.003345256169,-0.03206299375,-0.07678649546,-0.08293662026,kline_close_unadjusted
2026-05-27,AMAT,11,0.3658024552,0.4877366069,0,FULL_ASOF_PANEL,68,daily_klines_as_of_membership,unavailable_as_of_equals_zero,0.003190184049,0.02213050753,0.1171667596,0.1087785834,kline_close_unadjusted
2026-05-27,AVGO,12,0.3594210856,0.4792281141,0,FULL_ASOF_PANEL,68,daily_klines_as_of_membership,unavailable_as_of_equals_zero,0.01120581183,0.09047743406,0.1362028442,-0.1181358467,kline_close_unadjusted
2026-05-27,AMZN,13,0.3592697569,0.4790263425,0,FULL_ASOF_PANEL,68,daily_klines_as_of_membership,unavailable_as_of_equals_zero,0.007908773221,-0.03895530624,-0.08030163693,-0.124517197,kline_close_unadjusted
2026-05-27,KO,14,0.3566057613,0.4754743484,0,FULL_ASOF_PANEL,68,daily_klines_as_of_membership,unavailable_as_of_equals_zero,-0.01492169195,-0.03674929091,-0.03526945369,0.02429399433,kline_close_unadjusted
2026-05-27,CRM,15,0.3563466634,0.4751288846,0,FULL_ASOF_PANEL,68,daily_klines_as_of_membership,unavailable_as_of_equals_zero,-0.007567628621,0.181227763,0.073982041,-0.03721691986,kline_close_unadjusted
2026-05-27,GOOG,16,0.3542315768,0.472308769,0,FULL_ASOF_PANEL,68,daily_klines_as_of_membership,unavailable_as_of_equals_zero,0.003354046957,-0.03185044591,-0.07579106107,-0.08135513897,kline_close_unadjusted
2026-05-27,TXN,17,0.3432788558,0.4577051411,0,FULL_ASOF_PANEL,68,daily_klines_as_of_membership,unavailable_as_of_equals_zero,-0.004725153567,-0.07638998267,-0.02790990707,-0.1116396283,kline_close_unadjusted
2026-05-27,PDD,18,0.3407643703,0.4543524937,0,FULL_ASOF_PANEL,68,daily_klines_as_of_membership,unavailable_as_of_equals_zero,-0.04133471885,0.007273986838,-0.01397067313,-0.05530539199,kline_close_unadjusted
2026-05-27,CASY,19,0.3380495164,0.4507326885,0,FULL_ASOF_PANEL,68,daily_klines_as_of_membership,unavailable_as_of_equals_zero,-0.004347382646,-0.04946582014,-0.01299115225,0.1672913639,kline_close_unadjusted
2026-05-27,NUE,20,0.3373756751,0.4498342334,0,FULL_ASOF_PANEL,68,daily_klines_as_of_membership,unavailable_as_of_equals_zero,0.01150827539,0.02041397259,0.04578910984,0.01634744419,kline_close_unadjusted
2026-05-27,DLTR,21,0.330413312,0.4405510827,0,FULL_ASOF_PANEL,68,daily_klines_as_of_membership,unavailable_as_of_equals_zero,0.1786794618,0.1614686555,0.1734640659,0.15072494,kline_close_unadjusted
2026-05-27,MCK,22,0.3230591431,0.4307455242,0,FULL_ASOF_PANEL,68,daily_klines_as_of_membership,unavailable_as_of_equals_zero,0.0006749156355,-0.02756567194,-0.02133262754,0.04603983326,kline_close_unadjusted
2026-05-27,JNJ,23,0.3160089073,0.4213452097,0,FULL_ASOF_PANEL,68,daily_klines_as_of_membership,unavailable_as_of_equals_zero,-0.002118552467,-0.03363742488,-0.03480479052,0.03112975053,kline_close_unadjusted
2026-05-27,ABBV,24,0.3106121392,0.414149519,0,FULL_ASOF_PANEL,68,daily_klines_as_of_membership,unavailable_as_of_equals_zero,0.01499535747,-0.01146703807,0.008031569174,0.04433611885,kline_close_unadjusted
2026-05-27,BSX,25,0.3095228603,0.4126971471,0,FULL_ASOF_PANEL,68,daily_klines_as_of_membership,unavailable_as_of_equals_zero,-0.02675386445,-0.04914783987,-0.05489496631,-0.04201347602,kline_close_unadjusted
2026-05-28,APP,1,0.603192517,0.8042566893,0,FULL_ASOF_PANEL,68,daily_klines_as_of_membership,unavailable_as_of_equals_zero,0.02200403407,0.009568420877,-0.06837920285,-0.2022370768,kline_close_unadjusted
2026-05-28,DLTR,2,0.5662054359,0.7549405812,0,FULL_ASOF_PANEL,68,daily_klines_as_of_membership,unavailable_as_of_equals_zero,0.03044247788,-0.03194690265,-0.03300884956,0.01672566372,kline_close_unadjusted
2026-05-28,HOOD,3,0.5590835684,0.7454447579,0,FULL_ASOF_PANEL,68,daily_klines_as_of_membership,unavailable_as_of_equals_zero,0.1115040075,0.03913248468,0.04113625648,0.08710513909,kline_close_unadjusted
2026-05-28,GS,4,0.4811802103,0.6415736138,0,FULL_ASOF_PANEL,68,daily_klines_as_of_membership,unavailable_as_of_equals_zero,0.01712383077,0.06047595804,0.08839790013,0.03164752408,kline_close_unadjusted
2026-05-28,MGM,5,0.4777308239,0.6369744319,0,FULL_ASOF_PANEL,68,daily_klines_as_of_membership,unavailable_as_of_equals_zero,0.01723736315,0.1264849755,0.1167016073,0.0999301188,kline_close_unadjusted
2026-05-28,AXON,6,0.4707148026,0.6276197368,0,FULL_ASOF_PANEL,68,daily_klines_as_of_membership,unavailable_as_of_equals_zero,0.021396704,0.1156332514,0.1681689884,0.01566056633,kline_close_unadjusted
2026-05-28,VRTX,7,0.4209434682,0.5612579576,0,FULL_ASOF_PANEL,68,daily_klines_as_of_membership,unavailable_as_of_equals_zero,-0.0009598857066,-0.05107484876,-0.01390718128,-0.006540616559,kline_close_unadjusted
2026-05-28,TXN,8,0.4013785682,0.5351714243,0,FULL_ASOF_PANEL,68,daily_klines_as_of_membership,unavailable_as_of_equals_zero,-0.03250514322,-0.02478240228,-0.03348631113,-0.05966133882,kline_close_unadjusted
2026-05-28,NKE,9,0.4004857065,0.533980942,0,FULL_ASOF_PANEL,68,daily_klines_as_of_membership,unavailable_as_of_equals_zero,-0.02427597956,-0.06878194208,-0.07112436116,-0.02129471891,kline_close_unadjusted
2026-05-28,KDP,10,0.3924477413,0.5232636551,0,FULL_ASOF_PANEL,68,daily_klines_as_of_membership,unavailable_as_of_equals_zero,-0.0003354579,0.0107346528,0.0006709158001,0.0399194901,kline_close_unadjusted
2026-05-28,NUE,11,0.3878280196,0.5171040261,0,FULL_ASOF_PANEL,68,daily_klines_as_of_membership,unavailable_as_of_equals_zero,0.002814183485,0.03682560103,0.05218300233,0.0466350406,kline_close_unadjusted
2026-05-28,CASY,12,0.3851093398,0.5134791198,0,FULL_ASOF_PANEL,68,daily_klines_as_of_membership,unavailable_as_of_equals_zero,-0.01770874681,-0.0342650806,-0.02484090298,0.173258896,kline_close_unadjusted
2026-05-28,TSLA,13,0.3809934597,0.5079912796,0,FULL_ASOF_PANEL,68,daily_klines_as_of_membership,unavailable_as_of_equals_zero,-0.01427278896,-0.04152906582,-0.05349468446,-0.09714996607,kline_close_unadjusted
2026-05-28,AMZN,14,0.3774803588,0.503307145,0,FULL_ASOF_PANEL,68,daily_klines_as_of_membership,unavailable_as_of_equals_zero,-0.01226277372,-0.06379562044,-0.07375912409,-0.1185766423,kline_close_unadjusted
2026-05-28,AVGO,15,0.3726755262,0.4969007015,0,FULL_ASOF_PANEL,68,daily_klines_as_of_membership,unavailable_as_of_equals_zero,0.04740215528,0.1291057216,-0.01800765384,-0.09628342685,kline_close_unadjusted
2026-05-28,GOOG,16,0.3724773203,0.496636427,0,FULL_ASOF_PANEL,68,daily_klines_as_of_membership,unavailable_as_of_equals_zero,-0.02511013216,-0.0718579943,-0.0436641617,-0.0760300596,kline_close_unadjusted
2026-05-28,ASML,17,0.3690753683,0.492100491,0,FULL_ASOF_PANEL,68,daily_klines_as_of_membership,unavailable_as_of_equals_zero,0.004353051807,0.06202631759,0.09447181103,0.1829091339,kline_close_unadjusted
2026-05-28,GOOGL,18,0.3689288158,0.4919050878,0,FULL_ASOF_PANEL,68,daily_klines_as_of_membership,unavailable_as_of_equals_zero,-0.02510835834,-0.0725295581,-0.04601061783,-0.08242927855,kline_close_unadjusted
2026-05-28,CRM,19,0.3560682901,0.4747577201,0,FULL_ASOF_PANEL,68,daily_klines_as_of_membership,unavailable_as_of_equals_zero,0.08495988164,0.1403858192,0.07158709384,-0.05280828544,kline_close_unadjusted
2026-05-28,AMAT,20,0.3509512208,0.4679349611,0,FULL_ASOF_PANEL,68,daily_klines_as_of_membership,unavailable_as_of_equals_zero,0.0008450453656,0.08977495108,0.1156822629,0.228962818,kline_close_unadjusted
2026-05-28,MCK,21,0.3316960719,0.4422614292,0,FULL_ASOF_PANEL,68,daily_klines_as_of_membership,unavailable_as_of_equals_zero,-0.01922873466,-0.0256294964,0.001044752433,0.04103628862,kline_close_unadjusted
2026-05-28,PDD,22,0.3307794369,0.4410392492,0,FULL_ASOF_PANEL,68,daily_klines_as_of_membership,unavailable_as_of_equals_zero,0.0169818138,0.06202577382,0.03432494279,-0.02083584247,kline_close_unadjusted
2026-05-28,KO,23,0.3225247505,0.4300330007,0,FULL_ASOF_PANEL,68,daily_klines_as_of_membership,unavailable_as_of_equals_zero,-0.01752628943,-0.02503755633,-0.04494241362,0.02653980971,kline_close_unadjusted
2026-05-28,JNJ,24,0.3197825822,0.4263767762,0,FULL_ASOF_PANEL,68,daily_klines_as_of_membership,unavailable_as_of_equals_zero,-0.02370017331,-0.03427209705,-0.01139514731,0.03262564991,kline_close_unadjusted
2026-05-28,BSX,25,0.3136965135,0.418262018,0,FULL_ASOF_PANEL,68,daily_klines_as_of_membership,unavailable_as_of_equals_zero,-0.01628996131,-0.02911830584,-0.005294237426,-0.03950315618,kline_close_unadjusted
2026-05-28,META,26,0.3015621535,0.4020828714,0,FULL_ASOF_PANEL,68,daily_klines_as_of_membership,unavailable_as_of_equals_zero,-0.004379573543,-0.05932904303,-0.01216198121,-0.1053303191,kline_close_unadjusted
2026-05-29,HOOD,1,0.6014132482,0.801884331,0,FULL_ASOF_PANEL,68,daily_klines_as_of_membership,unavailable_as_of_equals_zero,-0.03785790032,-0.1214209968,-0.1254506893,-0.0117709438,kline_close_unadjusted
2026-05-29,APP,2,0.5505170011,0.7340226681,0,FULL_ASOF_PANEL,68,daily_klines_as_of_membership,unavailable_as_of_equals_zero,0.0009949599569,-0.06892952095,-0.0911611672,-0.1897274462,kline_close_unadjusted
2026-05-29,DLTR,3,0.5263879476,0.7018505967,0,FULL_ASOF_PANEL,68,daily_klines_as_of_membership,unavailable_as_of_equals_zero,-0.04371350052,-0.03383716936,-0.06561319134,-0.02095499828,kline_close_unadjusted
2026-05-29,CRM,4,0.5199755598,0.6933007464,0,FULL_ASOF_PANEL,68,daily_klines_as_of_membership,unavailable_as_of_equals_zero,0.09703136473,-0.002570019931,-0.02853246617,-0.12991713,kline_close_unadjusted
2026-05-29,AVGO,5,0.5079287625,0.67723835,0,FULL_ASOF_PANEL,68,daily_klines_as_of_membership,unavailable_as_of_equals_zero,0.02958845154,0.07276069219,-0.1368241729,-0.1450282435,kline_close_unadjusted
2026-05-29,NUE,6,0.5064170817,0.6752227756,0,FULL_ASOF_PANEL,68,daily_klines_as_of_membership,unavailable_as_of_equals_zero,0.005973380372,0.03098941629,0.01759942271,0.06554682489,kline_close_unadjusted
2026-05-29,TXN,7,0.5017652974,0.6690203965,0,FULL_ASOF_PANEL,68,daily_klines_as_of_membership,unavailable_as_of_equals_zero,-0.04082700864,0.009519759225,-0.06745616331,-0.01491756085,kline_close_unadjusted
2026-05-29,MGM,8,0.4842613908,0.6456818544,0,FULL_ASOF_PANEL,68,daily_klines_as_of_membership,unavailable_as_of_equals_zero,0.1607510877,0.106022441,0.08793221891,0.1213647813,kline_close_unadjusted
2026-05-29,META,9,0.4668213412,0.6224284549,0,FULL_ASOF_PANEL,68,daily_klines_as_of_membership,unavailable_as_of_equals_zero,-0.05069740579,-0.01507947182,-0.06251730658,-0.1036891698,kline_close_unadjusted
2026-05-29,AXON,10,0.4597346361,0.6129795148,0,FULL_ASOF_PANEL,68,daily_klines_as_of_membership,unavailable_as_of_equals_zero,0.06275628454,0.07300766625,0.08334819041,-0.01557764307,kline_close_unadjusted
2026-05-29,NKE,11,0.4270264671,0.5693686228,0,FULL_ASOF_PANEL,68,daily_klines_as_of_membership,unavailable_as_of_equals_zero,0.002400698385,-0.04386730685,-0.06198166739,-0.01942383239,kline_close_unadjusted
2026-05-29,AMZN,12,0.4226966479,0.5635955305,0,FULL_ASOF_PANEL,68,daily_klines_as_of_membership,unavailable_as_of_equals_zero,-0.03465858705,-0.07618977239,-0.0909326042,-0.1185707952,kline_close_unadjusted
2026-05-29,FFIV,13,0.4120130784,0.5493507712,0,FULL_ASOF_PANEL,68,daily_klines_as_of_membership,unavailable_as_of_equals_zero,0.03173816664,0.05792150215,0.02581822923,0.03314643369,kline_close_unadjusted
2026-05-29,GS,14,0.405023008,0.5400306773,0,FULL_ASOF_PANEL,68,daily_klines_as_of_membership,unavailable_as_of_equals_zero,0.02695228224,0.01954821269,0.01725657481,0.04083001578,kline_close_unadjusted
2026-05-29,VRTX,15,0.391773664,0.5223648854,0,FULL_ASOF_PANEL,68,daily_klines_as_of_membership,unavailable_as_of_equals_zero,-0.02042275551,-0.04290119319,-0.001586450373,-0.005843053135,kline_close_unadjusted
2026-05-29,ADBE,16,0.3872552506,0.5163403342,0,FULL_ASOF_PANEL,68,daily_klines_as_of_membership,unavailable_as_of_equals_zero,0.05717517594,-0.01145741144,-0.02997568705,-0.2129208182,kline_close_unadjusted
2026-05-29,KO,17,0.3826671084,0.5102228112,0,FULL_ASOF_PANEL,68,daily_klines_as_of_membership,unavailable_as_of_equals_zero,-0.004714576962,-0.003185524975,0.005988786952,0.04599898063,kline_close_unadjusted
2026-05-29,KDP,18,0.3738215562,0.4984287416,0,FULL_ASOF_PANEL,68,daily_klines_as_of_membership,unavailable_as_of_equals_zero,0.005704697987,0.01744966443,0.01677852349,0.05637583893,kline_close_unadjusted
2026-05-29,GOOG,19,0.3627819509,0.4837092679,0,FULL_ASOF_PANEL,68,daily_klines_as_of_membership,unavailable_as_of_equals_zero,-0.0102336461,-0.05515536535,-0.0283618192,-0.04797852263,kline_close_unadjusted
2026-05-29,TSLA,20,0.3575668107,0.4767557476,0,FULL_ASOF_PANEL,68,daily_klines_as_of_membership,unavailable_as_of_equals_zero,-0.04568714289,-0.02774272012,-0.1027788614,-0.06737189931,kline_close_unadjusted
2026-05-29,CCI,21,0.3453474752,0.4604633003,0,FULL_ASOF_PANEL,68,daily_klines_as_of_membership,unavailable_as_of_equals_zero,-0.005196959226,-0.03184519696,0.03306150657,0.007297857636,kline_close_unadjusted
2026-05-29,MMM,22,0.3423881879,0.4565175839,0,FULL_ASOF_PANEL,68,daily_klines_as_of_membership,unavailable_as_of_equals_zero,-0.01436687782,-0.009664990531,0.004114151375,0.03389277085,kline_close_unadjusted
2026-05-29,GOOGL,23,0.3421578023,0.4562104031,0,FULL_ASOF_PANEL,68,daily_klines_as_of_membership,unavailable_as_of_equals_zero,-0.01044407029,-0.05616647375,-0.03106913606,-0.0537724929,kline_close_unadjusted
2026-05-29,AMAT,24,0.3375496569,0.4500662092,0,FULL_ASOF_PANEL,68,daily_klines_as_of_membership,unavailable_as_of_equals_zero,0.01801981958,0.1126738657,0.006554681598,0.2603875039,kline_close_unadjusted
2026-05-29,ASML,25,0.3201902063,0.426920275,0,FULL_ASOF_PANEL,68,daily_klines_as_of_membership,unavailable_as_of_equals_zero,0.009803008507,0.07043825492,0.01796919566,0.1555036087,kline_close_unadjusted
2026-05-29,LH,26,0.3193780418,0.425837389,0,FULL_ASOF_PANEL,68,daily_klines_as_of_membership,unavailable_as_of_equals_zero,-0.01226640006,-0.004383603784,0.01957240637,0.02345612551,kline_close_unadjusted
2026-05-29,PDD,27,0.3186661082,0.4248881443,0,FULL_ASOF_PANEL,68,daily_klines_as_of_membership,unavailable_as_of_equals_zero,0.03315963998,0.01136901942,0.007460918996,-0.03410705827,kline_close_unadjusted
2026-05-29,JNJ,28,0.3027458879,0.4036611839,0,FULL_ASOF_PANEL,68,daily_klines_as_of_membership,unavailable_as_of_equals_zero,-0.00807704256,-0.009275285137,0.03301823991,0.06896551724,kline_close_unadjusted
2026-06-01,HOOD,1,0.6188214405,0.825095254,0,FULL_ASOF_PANEL,68,daily_klines_as_of_membership,unavailable_as_of_equals_zero,-0.02832580183,-0.02645211066,-0.06271354568,0.0814504574,kline_close_unadjusted
2026-06-01,APP,2,0.6040632021,0.8054176028,0,FULL_ASOF_PANEL,68,daily_klines_as_of_membership,unavailable_as_of_equals_zero,-0.01314974743,-0.08934332736,-0.08148932703,-0.1512791266,kline_close_unadjusted
2026-06-01,CRM,3,0.5743066337,0.7657421783,0,FULL_ASOF_PANEL,68,daily_klines_as_of_membership,unavailable_as_of_equals_zero,-0.04188181297,-0.09968445209,-0.1293268311,-0.2132816982,kline_close_unadjusted
2026-06-01,AVGO,4,0.5424227407,0.723230321,0,FULL_ASOF_PANEL,68,daily_klines_as_of_membership,unavailable_as_of_equals_zero,0.04702603849,-0.08939301576,-0.1379648176,-0.1437559871,kline_close_unadjusted
2026-06-01,DLTR,5,0.5166821235,0.688909498,0,FULL_ASOF_PANEL,68,daily_klines_as_of_membership,unavailable_as_of_equals_zero,-0.01760215537,-0.01867983835,-0.03286933094,0.01374045802,kline_close_unadjusted
2026-06-01,MGM,6,0.5125731056,0.6834308075,0,FULL_ASOF_PANEL,68,daily_klines_as_of_membership,unavailable_as_of_equals_zero,-0.0459656737,-0.05425133162,-0.06766620635,-0.04083645689,kline_close_unadjusted
2026-06-01,NUE,7,0.5118975243,0.6825300325,0,FULL_ASOF_PANEL,68,daily_klines_as_of_membership,unavailable_as_of_equals_zero,0.02777667078,0.04300003985,0.007611684534,0.03120392141,kline_close_unadjusted
2026-06-01,ADBE,8,0.4773947395,0.6365263194,0,FULL_ASOF_PANEL,68,daily_klines_as_of_membership,unavailable_as_of_equals_zero,-0.04349920481,-0.05696520808,-0.1059756211,-0.2469489832,kline_close_unadjusted
2026-06-01,AXON,9,0.4494890112,0.5993186816,0,FULL_ASOF_PANEL,68,daily_klines_as_of_membership,unavailable_as_of_equals_zero,0.02776379802,0.07616171783,-0.01220432813,-0.0706047643,kline_close_unadjusted
2026-06-01,FFIV,10,0.4385704409,0.5847605878,0,FULL_ASOF_PANEL,68,daily_klines_as_of_membership,unavailable_as_of_equals_zero,0.03414893079,0.0329609221,0.001440776503,0.003007936909,kline_close_unadjusted
2026-06-01,TXN,11,0.4368550021,0.5824733361,0,FULL_ASOF_PANEL,68,daily_klines_as_of_membership,unavailable_as_of_equals_zero,0.05088676671,0.04150750341,-0.007844474761,0.06869031378,kline_close_unadjusted
2026-06-01,GS,12,0.4228682234,0.5638242979,0,FULL_ASOF_PANEL,68,daily_klines_as_of_membership,unavailable_as_of_equals_zero,0.01525873086,0.04199011997,-0.003414141029,0.02631177402,kline_close_unadjusted
2026-06-01,KDP,13,0.3926260711,0.5235014281,0,FULL_ASOF_PANEL,68,daily_klines_as_of_membership,unavailable_as_of_equals_zero,0.005338672005,-0.004671338005,0.01835168502,0.05238571905,kline_close_unadjusted
2026-06-01,META,14,0.3909302923,0.5212403897,0,FULL_ASOF_PANEL,68,daily_klines_as_of_membership,unavailable_as_of_equals_zero,-0.004733767262,0.04517080732,-0.02513563743,-0.0107759878,kline_close_unadjusted
2026-06-01,NKE,15,0.3893813566,0.5191751421,0,FULL_ASOF_PANEL,68,daily_klines_as_of_membership,unavailable_as_of_equals_zero,-0.0478989767,-0.05029392554,-0.05878510777,-0.01589375136,kline_close_unadjusted
2026-06-01,STX,16,0.3745674087,0.4994232116,0,FULL_ASOF_PANEL,68,daily_klines_as_of_membership,unavailable_as_of_equals_zero,0.005811932386,0.005138400035,-0.04833137792,0.1059618477,kline_close_unadjusted
2026-06-01,GOOG,17,0.3704094772,0.4938793029,0,FULL_ASOF_PANEL,68,daily_klines_as_of_membership,unavailable_as_of_equals_zero,-0.03810828231,-0.008889246965,-0.030051563,-0.01409925878,kline_close_unadjusted
2026-06-01,AON,18,0.3594449574,0.4792599432,0,FULL_ASOF_PANEL,68,daily_klines_as_of_membership,unavailable_as_of_equals_zero,-0.007958553104,0.005711432227,0.01697824662,0.02840111108,kline_close_unadjusted
2026-06-01,AMZN,19,0.3582633404,0.4776844539,0,FULL_ASOF_PANEL,68,daily_klines_as_of_membership,unavailable_as_of_equals_zero,-0.01814284621,-0.028592207,-0.06139477915,-0.0583326954,kline_close_unadjusted
2026-06-01,GOOGL,20,0.3508384239,0.4677845653,0,FULL_ASOF_PANEL,68,daily_klines_as_of_membership,unavailable_as_of_equals_zero,-0.03860162169,-0.01111258806,-0.03413531836,-0.01807789446,kline_close_unadjusted
2026-06-01,AMAT,21,0.3493180147,0.465757353,0,FULL_ASOF_PANEL,68,daily_klines_as_of_membership,unavailable_as_of_equals_zero,0.06958115983,0.09500840299,0.07420826331,0.278521073,kline_close_unadjusted
2026-06-01,CCI,22,0.348264708,0.464352944,0,FULL_ASOF_PANEL,68,daily_klines_as_of_membership,unavailable_as_of_equals_zero,-0.01233778865,0.03067774474,0.008447494929,-0.01364381582,kline_close_unadjusted
2026-06-01,KO,23,0.3448947236,0.4598596314,0,FULL_ASOF_PANEL,68,daily_klines_as_of_membership,unavailable_as_of_equals_zero,-0.002944565357,-0.02330047369,0.01152221226,0.0358468826,kline_close_unadjusted
2026-06-01,ABBV,24,0.3429641606,0.4572855475,0,FULL_ASOF_PANEL,68,daily_klines_as_of_membership,unavailable_as_of_equals_zero,0.01160005636,0.05640351289,0.04762128399,0.04067064293,kline_close_unadjusted
2026-06-01,TSLA,25,0.3401229019,0.4534972025,0,FULL_ASOF_PANEL,68,daily_klines_as_of_membership,unavailable_as_of_equals_zero,0.0188996826,0.006179667212,-0.01666346061,-0.01137347312,kline_close_unadjusted
2026-06-01,PDD,26,0.3293225753,0.4390967671,0,FULL_ASOF_PANEL,68,daily_klines_as_of_membership,unavailable_as_of_equals_zero,0.01077487391,-0.01558917928,-0.05295735901,-0.04229711142,kline_close_unadjusted
2026-06-01,NBIS,27,0.3260850764,0.4347801019,0,FULL_ASOF_PANEL,68,daily_klines_as_of_membership,unavailable_as_of_equals_zero,-0.01485766134,-0.01829798495,-0.175834562,-0.01678575479,kline_close_unadjusted
2026-06-01,MMM,28,0.3214610514,0.4286147352,0,FULL_ASOF_PANEL,68,daily_klines_as_of_membership,unavailable_as_of_equals_zero,0.0130524084,0.01219108196,0.01934671702,0.04836679255,kline_close_unadjusted
2026-06-01,ASML,29,0.3180661357,0.424088181,0,FULL_ASOF_PANEL,68,daily_klines_as_of_membership,unavailable_as_of_equals_zero,0.0471580004,0.0791492585,0.07397293785,0.1621607399,kline_close_unadjusted
2026-06-01,MA,30,0.3169774547,0.4226366063,0,FULL_ASOF_PANEL,68,daily_klines_as_of_membership,unavailable_as_of_equals_zero,-0.03553946357,-0.02728670254,-0.01937780655,-0.009324810874,kline_close_unadjusted
2026-06-01,JNJ,31,0.3142321492,0.4189761989,0,FULL_ASOF_PANEL,68,daily_klines_as_of_membership,unavailable_as_of_equals_zero,-0.002773925104,0.02084917901,0.03870072927,0.05435998389,kline_close_unadjusted
2026-06-01,VRTX,32,0.3127045556,0.4169394074,0,FULL_ASOF_PANEL,68,daily_klines_as_of_membership,unavailable_as_of_equals_zero,-0.03036040146,0.007618613139,0.01040145985,0.02750912409,kline_close_unadjusted
2026-06-01,LH,33,0.3062487853,0.4083317137,0,FULL_ASOF_PANEL,68,daily_klines_as_of_membership,unavailable_as_of_equals_zero,0.003231206447,0.01596138124,0.02001012185,0.03176704169,kline_close_unadjusted
2026-06-01,PANW,34,0.3025189033,0.4033585377,0,FULL_ASOF_PANEL,68,daily_klines_as_of_membership,unavailable_as_of_equals_zero,-0.01098242812,-0.07065362087,-0.1136514909,-0.0530484558,kline_close_unadjusted
2026-06-02,HOOD,1,0.6097483908,0.8129978545,0,FULL_ASOF_PANEL,68,daily_klines_as_of_membership,unavailable_as_of_equals_zero,-0.06023139746,-0.06454174229,-0.04979582577,0.09698275862,kline_close_unadjusted
2026-06-02,AVGO,2,0.5777997707,0.7703996942,0,FULL_ASOF_PANEL,68,daily_klines_as_of_membership,unavailable_as_of_equals_zero,-0.004865674125,-0.1992847043,-0.1859144972,-0.2180404225,kline_close_unadjusted
2026-06-02,CRM,3,0.5526658984,0.7368878646,0,FULL_ASOF_PANEL,68,daily_klines_as_of_membership,unavailable_as_of_equals_zero,-0.05104790419,-0.07574850299,-0.1271956088,-0.1930638723,kline_close_unadjusted
2026-06-02,DLTR,4,0.5365223417,0.7153631223,0,FULL_ASOF_PANEL,68,daily_klines_as_of_membership,unavailable_as_of_equals_zero,0.02843038669,-0.005393546028,0.02523082549,0.01234116464,kline_close_unadjusted
2026-06-02,APP,5,0.5026719263,0.6702292351,0,FULL_ASOF_PANEL,68,daily_klines_as_of_membership,unavailable_as_of_equals_zero,-0.05746082592,-0.07996631607,-0.1400029721,-0.1493155887,kline_close_unadjusted
2026-06-02,MGM,6,0.4890722911,0.6520963881,0,FULL_ASOF_PANEL,68,daily_klines_as_of_membership,unavailable_as_of_equals_zero,-0.001240694789,-0.01757650951,-0.02502067825,-0.007857733664,kline_close_unadjusted
2026-06-02,AXON,7,0.4681726668,0.6242302225,0,FULL_ASOF_PANEL,68,daily_klines_as_of_membership,unavailable_as_of_equals_zero,-0.01762833592,-0.008161266629,-0.07673630948,-0.1116665306,kline_close_unadjusted
2026-06-02,NUE,8,0.4524500731,0.6032667641,0,FULL_ASOF_PANEL,68,daily_klines_as_of_membership,unavailable_as_of_equals_zero,-0.002830554478,-0.01578131059,-0.01605273362,0.002404032571,kline_close_unadjusted
2026-06-02,GS,9,0.423522821,0.5646970946,0,FULL_ASOF_PANEL,68,daily_klines_as_of_membership,unavailable_as_of_equals_zero,-0.02213079336,-0.02432874937,-0.03059422495,0.02450731744,kline_close_unadjusted
2026-06-02,MMM,10,0.4142915996,0.5523887994,0,FULL_ASOF_PANEL,68,daily_klines_as_of_membership,unavailable_as_of_equals_zero,-0.008175277959,0.005624591236,0.02282537606,0.05709614127,kline_close_unadjusted
2026-06-02,ADBE,11,0.4117546679,0.5490062239,0,FULL_ASOF_PANEL,68,daily_klines_as_of_membership,unavailable_as_of_equals_zero,-0.02239572444,-0.04070909366,-0.0924443617,-0.209039479,kline_close_unadjusted
2026-06-02,TXN,12,0.4102947953,0.5470597271,0,FULL_ASOF_PANEL,68,daily_klines_as_of_membership,unavailable_as_of_equals_zero,0.001525379722,-0.07484097105,-0.06325457614,-0.007821627937,kline_close_unadjusted
2026-06-02,NKE,13,0.4094533279,0.5459377706,0,FULL_ASOF_PANEL,68,daily_klines_as_of_membership,unavailable_as_of_equals_zero,0.001829407729,-0.01715069746,0.02103818889,0.02995655157,kline_close_unadjusted
2026-06-02,ABBV,14,0.4061942155,0.5415922873,0,FULL_ASOF_PANEL,68,daily_klines_as_of_membership,unavailable_as_of_equals_zero,0.008031569174,0.05492107707,0.04651810585,0.03282265552,kline_close_unadjusted
2026-06-02,KDP,15,0.4055410125,0.54072135,0,FULL_ASOF_PANEL,68,daily_klines_as_of_membership,unavailable_as_of_equals_zero,0.006306007302,0.005642217059,0.03717225357,0.05443079987,kline_close_unadjusted
2026-06-02,JNJ,16,0.3882542674,0.5176723565,0,FULL_ASOF_PANEL,68,daily_klines_as_of_membership,unavailable_as_of_equals_zero,0.001570281305,0.04432679797,0.06330476917,0.05513930638,kline_close_unadjusted
2026-06-02,META,17,0.3655959916,0.4874613221,0,FULL_ASOF_PANEL,68,daily_klines_as_of_membership,unavailable_as_of_equals_zero,0.04245484463,-0.007754080103,-0.02183870509,0.005200090436,kline_close_unadjusted
2026-06-02,GRMN,18,0.3549910192,0.4733213589,0,FULL_ASOF_PANEL,68,daily_klines_as_of_membership,unavailable_as_of_equals_zero,-0.01287607301,-0.01858488207,-0.01325110426,-0.02091840987,kline_close_unadjusted
2026-06-02,AON,19,0.3523868981,0.4698491975,0,FULL_ASOF_PANEL,68,daily_klines_as_of_membership,unavailable_as_of_equals_zero,-0.007110048449,0.03356823759,0.04319511735,0.04275467187,kline_close_unadjusted
2026-06-02,GOOG,20,0.3499126997,0.4665502663,0,FULL_ASOF_PANEL,68,daily_klines_as_of_membership,unavailable_as_of_equals_zero,-0.007566239495,0.02057682106,0.01150291761,0.03610017589,kline_close_unadjusted
2026-06-02,TSLA,21,0.3334366085,0.4445821446,0,FULL_ASOF_PANEL,68,daily_klines_as_of_membership,unavailable_as_of_equals_zero,-9.439750791e-05,-0.07726436022,-0.0638599141,-0.04502761127,kline_close_unadjusted
2026-06-02,GOOGL,22,0.3311744266,0.4415659021,0,FULL_ASOF_PANEL,68,daily_klines_as_of_membership,unavailable_as_of_equals_zero,-0.007908635899,0.01847191881,0.007272626718,0.03213228991,kline_close_unadjusted
2026-06-02,AMZN,23,0.3307485928,0.4409981237,0,FULL_ASOF_PANEL,68,daily_klines_as_of_membership,unavailable_as_of_equals_zero,-0.02533915484,-0.04089349758,-0.04806642757,-0.04101044753,kline_close_unadjusted
2026-06-02,KO,24,0.3297661895,0.4396882527,0,FULL_ASOF_PANEL,68,daily_klines_as_of_membership,unavailable_as_of_equals_zero,0.004494093477,0.01373908577,0.03762198254,0.03081664099,kline_close_unadjusted
2026-06-02,NBIS,25,0.3192615187,0.425682025,0,FULL_ASOF_PANEL,68,daily_klines_as_of_membership,unavailable_as_of_equals_zero,-0.03415457825,-0.1257579246,-0.1552690153,0.01734592064,kline_close_unadjusted
2026-06-02,PDD,26,0.3166458172,0.4221944229,0,FULL_ASOF_PANEL,68,daily_klines_as_of_membership,unavailable_as_of_equals_zero,-0.03152642323,-0.03526876843,-0.07087775006,-0.07473349966,kline_close_unadjusted
2026-06-02,MA,27,0.3099003573,0.4132004764,0,FULL_ASOF_PANEL,68,daily_klines_as_of_membership,unavailable_as_of_equals_zero,-0.01285627399,0.02810343743,0.03682808666,0.04960046979,kline_close_unadjusted
2026-06-02,LH,28,0.3091799975,0.4122399967,0,FULL_ASOF_PANEL,68,daily_klines_as_of_membership,unavailable_as_of_equals_zero,0.004734187039,0.02890958479,0.05254171517,0.02739619713,kline_close_unadjusted
2026-06-02,PANW,29,0.3006075792,0.4008101057,0,FULL_ASOF_PANEL,68,daily_klines_as_of_membership,unavailable_as_of_equals_zero,-0.05636314691,-0.08456154519,-0.1233595801,-0.05814657783,kline_close_unadjusted
2026-06-03,AVGO,1,0.6047029083,0.8062705445,0,FULL_ASOF_PANEL,68,daily_klines_as_of_membership,unavailable_as_of_equals_zero,-0.1260395336,-0.1726566091,-0.2238497221,-0.1803878139,kline_close_unadjusted
2026-06-03,HOOD,2,0.5800534793,0.7734046391,0,FULL_ASOF_PANEL,68,daily_klines_as_of_membership,unavailable_as_of_equals_zero,0.06614363307,0.02643331322,0.04236572118,0.2697646349,kline_close_unadjusted
2026-06-03,DLTR,3,0.5035953358,0.6714604477,0,FULL_ASOF_PANEL,68,daily_klines_as_of_membership,unavailable_as_of_equals_zero,-0.02871111111,-0.04275555556,-0.01937777778,-0.05413333333,kline_close_unadjusted
2026-06-03,TXN,4,0.4953217623,0.6604290164,0,FULL_ASOF_PANEL,68,daily_klines_as_of_membership,unavailable_as_of_equals_zero,-0.01043455718,-0.05732525357,-0.08613370492,-0.0217440617,kline_close_unadjusted
2026-06-03,MGM,5,0.4947099017,0.6596132023,0,FULL_ASOF_PANEL,68,daily_klines_as_of_membership,unavailable_as_of_equals_zero,-0.007453416149,-0.0215320911,-0.02877846791,-0.0281573499,kline_close_unadjusted
2026-06-03,AXON,6,0.4842060743,0.6456080991,0,FULL_ASOF_PANEL,68,daily_klines_as_of_membership,unavailable_as_of_equals_zero,0.06588020271,-0.02164160505,-0.07038713965,-0.121438066,kline_close_unadjusted
2026-06-03,CRM,7,0.4665204671,0.6220272895,0,FULL_ASOF_PANEL,68,daily_klines_as_of_membership,unavailable_as_of_equals_zero,-0.009780722511,-0.04238313088,-0.1035389388,-0.1848346217,kline_close_unadjusted
2026-06-03,META,8,0.4599672843,0.6132897124,0,FULL_ASOF_PANEL,68,daily_klines_as_of_membership,unavailable_as_of_equals_zero,0.007374027038,-0.0603899077,-0.0835401756,-0.08815898338,kline_close_unadjusted
2026-06-03,GS,9,0.4581522648,0.6108696864,0,FULL_ASOF_PANEL,68,daily_klines_as_of_membership,unavailable_as_of_equals_zero,0.04955716509,0.003823173426,-0.03816449252,0.05582985918,kline_close_unadjusted
2026-06-03,FFIV,10,0.4462535922,0.5950047896,0,FULL_ASOF_PANEL,68,daily_klines_as_of_membership,unavailable_as_of_equals_zero,0.007395355717,-0.02334467288,-0.03670561554,-0.05122516393,kline_close_unadjusted
2026-06-03,NBIS,11,0.4441601986,0.5922135982,0,FULL_ASOF_PANEL,68,daily_klines_as_of_membership,unavailable_as_of_equals_zero,0.03174666243,-0.1338207247,-0.1588922441,0.1161395423,kline_close_unadjusted
2026-06-03,NUE,12,0.4355597701,0.5807463602,0,FULL_ASOF_PANEL,68,daily_klines_as_of_membership,unavailable_as_of_equals_zero,0.01769257689,-0.01683711164,-0.02815258389,-0.01994789439,kline_close_unadjusted
2026-06-03,ADBE,13,0.4136553241,0.5515404321,0,FULL_ASOF_PANEL,68,daily_klines_as_of_membership,unavailable_as_of_equals_zero,0.008507861576,-0.04390524896,-0.08921546589,-0.2340052202,kline_close_unadjusted
2026-06-03,KDP,14,0.4127207837,0.5502943783,0,FULL_ASOF_PANEL,68,daily_klines_as_of_membership,unavailable_as_of_equals_zero,-0.01616094987,0.006596306069,0.03792875989,0.01121372032,kline_close_unadjusted
2026-06-03,NKE,15,0.4082595681,0.5443460908,0,FULL_ASOF_PANEL,68,daily_klines_as_of_membership,unavailable_as_of_equals_zero,-0.004336909381,-0.01323898653,0.003423875827,0.008673818763,kline_close_unadjusted
2026-06-03,ABBV,16,0.4064052093,0.5418736124,0,FULL_ASOF_PANEL,68,daily_klines_as_of_membership,unavailable_as_of_equals_zero,0.03596923502,0.02735688297,0.03601529038,0.018882697,kline_close_unadjusted
2026-06-03,MMM,17,0.4063329781,0.5417773042,0,FULL_ASOF_PANEL,68,daily_klines_as_of_membership,unavailable_as_of_equals_zero,0.00738542697,0.01450708869,0.03428948236,0.04998351467,kline_close_unadjusted
2026-06-03,MDT,18,0.4062923312,0.5417231082,0,FULL_ASOF_PANEL,68,daily_klines_as_of_membership,unavailable_as_of_equals_zero,0.05153437783,0.03547844102,0.02978117312,0.002460183866,kline_close_unadjusted
2026-06-03,AMAT,19,0.3909016769,0.5212022358,0,FULL_ASOF_PANEL,68,daily_klines_as_of_membership,unavailable_as_of_equals_zero,0.001857140004,-0.01717355273,-0.007508437007,0.1840166144,kline_close_unadjusted
2026-06-03,VRTX,20,0.3723347908,0.4964463877,0,FULL_ASOF_PANEL,68,daily_klines_as_of_membership,unavailable_as_of_equals_zero,0.03128355979,0.03413176449,0.01720595788,0.07155530653,kline_close_unadjusted
2026-06-03,AON,21,0.3691428941,0.4921905255,0,FULL_ASOF_PANEL,68,daily_klines_as_of_membership,unavailable_as_of_equals_zero,0.02103929024,0.03247782003,0.06568441065,0.03513941698,kline_close_unadjusted
2026-06-03,PANW,22,0.3648383072,0.4864510763,0,FULL_ASOF_PANEL,68,daily_klines_as_of_membership,unavailable_as_of_equals_zero,-0.004207823699,-0.05027992725,-0.06137003887,0.006062118889,kline_close_unadjusted
2026-06-03,STX,23,0.3545945587,0.4727927449,0,FULL_ASOF_PANEL,68,daily_klines_as_of_membership,unavailable_as_of_equals_zero,-0.01563912974,-0.06800361721,-0.1326666312,0.1333899676,kline_close_unadjusted
2026-06-03,GOOG,24,0.3520425037,0.4693900049,0,FULL_ASOF_PANEL,68,daily_klines_as_of_membership,unavailable_as_of_equals_zero,0.03823214989,0.01606369212,-0.006020367974,0.01868002026,kline_close_unadjusted
2026-06-03,GRMN,25,0.3482942388,0.4643923183,0,FULL_ASOF_PANEL,68,daily_klines_as_of_membership,unavailable_as_of_equals_zero,0.01696990164,-0.01143990882,-0.02625691249,-0.02110684284,kline_close_unadjusted
2026-06-03,KO,26,0.339539718,0.452719624,0,FULL_ASOF_PANEL,68,daily_klines_as_of_membership,unavailable_as_of_equals_zero,-0.02479867059,0.009970599514,0.06174102007,0.02173079381,kline_close_unadjusted
2026-06-03,TSLA,27,0.3390426105,0.452056814,0,FULL_ASOF_PANEL,68,daily_klines_as_of_membership,unavailable_as_of_equals_zero,-0.01239084258,-0.03481236724,-0.09938635827,-0.06447958461,kline_close_unadjusted
2026-06-03,GOOGL,28,0.3368824428,0.4491765904,0,FULL_ASOF_PANEL,68,daily_klines_as_of_membership,unavailable_as_of_equals_zero,0.03679237394,0.0126543468,-0.006661649525,0.0139922513,kline_close_unadjusted
2026-06-03,GEHC,29,0.3355720988,0.447429465,0,FULL_ASOF_PANEL,68,daily_klines_as_of_membership,unavailable_as_of_equals_zero,0.02869579236,0.04256005159,0.02788973078,-0.01418668386,kline_close_unadjusted
2026-06-03,ASML,30,0.334193723,0.4455916306,0,FULL_ASOF_PANEL,68,daily_klines_as_of_membership,unavailable_as_of_equals_zero,0.01802057508,0.01313746843,0.004535496652,0.08194698672,kline_close_unadjusted
2026-06-03,LH,31,0.3296090933,0.4394787911,0,FULL_ASOF_PANEL,68,daily_klines_as_of_membership,unavailable_as_of_equals_zero,0.007917503476,0.01193418817,0.0375019311,0.002471805963,kline_close_unadjusted
2026-06-03,MA,32,0.3264936397,0.4353248529,0,FULL_ASOF_PANEL,68,daily_klines_as_of_membership,unavailable_as_of_equals_zero,0.02169202006,0.02999915017,0.03724398742,0.04555111753,kline_close_unadjusted
2026-06-03,AMZN,33,0.3120803006,0.4161070675,0,FULL_ASOF_PANEL,68,daily_klines_as_of_membership,unavailable_as_of_equals_zero,0.0150787937,-0.01919846412,-0.04807615391,-0.05007599392,kline_close_unadjusted
2026-06-03,SHOP,34,0.3091176234,0.4121568313,0,FULL_ASOF_PANEL,68,daily_klines_as_of_membership,unavailable_as_of_equals_zero,0.02744820259,-0.01912519922,-0.04196918718,-0.04294315566,kline_close_unadjusted
2026-06-03,PDD,35,0.3077004508,0.4102672677,0,FULL_ASOF_PANEL,68,daily_klines_as_of_membership,unavailable_as_of_equals_zero,0.005620608899,-0.03255269321,-0.04192037471,-0.06487119438,kline_close_unadjusted
2026-06-03,JNJ,36,0.3000466064,0.4000621418,0,FULL_ASOF_PANEL,68,daily_klines_as_of_membership,unavailable_as_of_equals_zero,0.02208385594,0.03995699695,0.06831213044,0.04909514424,kline_close_unadjusted
2026-06-04,HOOD,1,0.6037977835,0.8050637113,0,FULL_ASOF_PANEL,68,daily_klines_as_of_membership,unavailable_as_of_equals_zero,-0.06634212612,-0.05162458961,0.04415260953,0.2243858259,kline_close_unadjusted
2026-06-04,MDT,2,0.5173257359,0.6897676479,0,FULL_ASOF_PANEL,68,daily_klines_as_of_membership,unavailable_as_of_equals_zero,-0.003201576161,0.0006156877232,-0.01970200714,-0.03189262406,kline_close_unadjusted
2026-06-04,TXN,3,0.5064987364,0.6753316486,0,FULL_ASOF_PANEL,68,daily_klines_as_of_membership,unavailable_as_of_equals_zero,-0.0665094803,-0.05481874447,-0.02708190065,0.05727478141,kline_close_unadjusted
2026-06-04,MGM,4,0.496077034,0.6614360453,0,FULL_ASOF_PANEL,68,daily_klines_as_of_membership,unavailable_as_of_equals_zero,-0.008969545265,-0.016478932,-0.01501877347,-0.02294534835,kline_close_unadjusted
2026-06-04,GS,5,0.4831145818,0.6441527757,0,FULL_ASOF_PANEL,68,daily_klines_as_of_membership,unavailable_as_of_equals_zero,-0.0493587831,-0.05546352312,-0.05214120317,0.003615288163,kline_close_unadjusted
2026-06-04,CRM,6,0.4719593891,0.6292791854,0,FULL_ASOF_PANEL,68,daily_klines_as_of_membership,unavailable_as_of_equals_zero,-0.01640911263,-0.07115925867,-0.1160851787,-0.1939886358,kline_close_unadjusted
2026-06-04,META,7,0.4673419156,0.6231225541,0,FULL_ASOF_PANEL,68,daily_klines_as_of_membership,unavailable_as_of_equals_zero,-0.05513160937,-0.06854372493,-0.09431540001,-0.07946000686,kline_close_unadjusted
2026-06-04,AMAT,8,0.4623745159,0.6164993545,0,FULL_ASOF_PANEL,68,daily_klines_as_of_membership,unavailable_as_of_equals_zero,-0.0970500299,-0.004963125374,0.1015347817,0.2300378712,kline_close_unadjusted
2026-06-04,FFIV,9,0.4510360326,0.6013813768,0,FULL_ASOF_PANEL,68,daily_klines_as_of_membership,unavailable_as_of_equals_zero,-0.03746390643,-0.03286350511,-0.03626486566,-0.05669749914,kline_close_unadjusted
2026-06-04,ABBV,10,0.450067154,0.6000895386,0,FULL_ASOF_PANEL,68,daily_klines_as_of_membership,unavailable_as_of_equals_zero,0.01018049258,0.002133902374,-0.0007557570908,-0.03756557304,kline_close_unadjusted
2026-06-04,NUE,11,0.4495418057,0.5993890743,0,FULL_ASOF_PANEL,68,daily_klines_as_of_membership,unavailable_as_of_equals_zero,-0.03014672169,-0.0304141831,-0.005272810637,-0.07049518569,kline_close_unadjusted
2026-06-04,AXON,12,0.4361999869,0.5815999825,0,FULL_ASOF_PANEL,68,daily_klines_as_of_membership,unavailable_as_of_equals_zero,-0.05276695246,-0.1182579891,-0.1305533905,-0.1749805144,kline_close_unadjusted
2026-06-04,ADBE,13,0.4328670665,0.5771560887,0,FULL_ASOF_PANEL,68,daily_klines_as_of_membership,unavailable_as_of_equals_zero,-0.02701096227,-0.07948498067,-0.1533201039,-0.2448013572,kline_close_unadjusted
2026-06-04,NBIS,14,0.4325754875,0.5767673166,0,FULL_ASOF_PANEL,68,daily_klines_as_of_membership,unavailable_as_of_equals_zero,-0.1226941888,-0.1523086995,-0.1441444911,0.1040551469,kline_close_unadjusted
2026-06-04,AVGO,15,0.4190619619,0.5587492826,0,FULL_ASOF_PANEL,68,daily_klines_as_of_membership,unavailable_as_of_equals_zero,-0.07932864725,-0.06395543442,-0.07971118443,-0.01807488165,kline_close_unadjusted
2026-06-04,KDP,16,0.4188054917,0.5584073223,0,FULL_ASOF_PANEL,68,daily_klines_as_of_membership,unavailable_as_of_equals_zero,0.01575595039,0.04760308414,0.03922225947,0.02346630908,kline_close_unadjusted
2026-06-04,JNJ,17,0.4077108663,0.5436144884,0,FULL_ASOF_PANEL,68,daily_klines_as_of_membership,unavailable_as_of_equals_zero,0.02016040671,0.0386992155,0.04452820266,0.0009641933646,kline_close_unadjusted
2026-06-04,AON,18,0.4069568849,0.5426091798,0,FULL_ASOF_PANEL,68,daily_klines_as_of_membership,unavailable_as_of_equals_zero,0.01951961271,0.02901564052,0.04012537239,-0.01396474677,kline_close_unadjusted
2026-06-04,CCI,19,0.3976580578,0.5302107438,0,FULL_ASOF_PANEL,68,daily_klines_as_of_membership,unavailable_as_of_equals_zero,0.007549001105,-0.0131568305,-0.01887250276,-0.1151492276,kline_close_unadjusted
2026-06-04,NKE,20,0.3935694915,0.524759322,0,FULL_ASOF_PANEL,68,daily_klines_as_of_membership,unavailable_as_of_equals_zero,-0.01467216873,0.02361302155,0.05364511692,0.03622191655,kline_close_unadjusted
2026-06-04,PANW,21,0.3898911218,0.5198548291,0,FULL_ASOF_PANEL,68,daily_klines_as_of_membership,unavailable_as_of_equals_zero,-0.02578334825,-0.06707251567,0.001002685765,0.03054610564,kline_close_unadjusted
2026-06-04,VRTX,22,0.3838486455,0.511798194,0,FULL_ASOF_PANEL,68,daily_klines_as_of_membership,unavailable_as_of_equals_zero,0.01152261511,0.009123013537,0.007470457735,0.02238873546,kline_close_unadjusted
2026-06-04,GOOG,23,0.3796328575,0.5061771434,0,FULL_ASOF_PANEL,68,daily_klines_as_of_membership,unavailable_as_of_equals_zero,-0.009510906381,-0.01831730118,-0.03384365262,-0.004308359301,kline_close_unadjusted
2026-06-04,STX,24,0.3779511585,0.503934878,0,FULL_ASOF_PANEL,68,daily_klines_as_of_membership,unavailable_as_of_equals_zero,-0.08486355039,-0.0864415023,-0.06257768171,0.1558930019,kline_close_unadjusted
2026-06-04,GOOGL,25,0.3770828335,0.5027771113,0,FULL_ASOF_PANEL,68,daily_klines_as_of_membership,unavailable_as_of_equals_zero,-0.009839503186,-0.02072747802,-0.03817512165,-0.01059225206,kline_close_unadjusted
2026-06-04,MMM,26,0.3765353695,0.5020471593,0,FULL_ASOF_PANEL,68,daily_klines_as_of_membership,unavailable_as_of_equals_zero,0.006480329908,0.02369575178,0.03364534922,0.05125351836,kline_close_unadjusted
2026-06-04,ASML,27,0.3742090141,0.4989453522,0,FULL_ASOF_PANEL,68,daily_klines_as_of_membership,unavailable_as_of_equals_zero,-0.06585034168,0.01155069503,0.08080365525,0.09798750477,kline_close_unadjusted
2026-06-04,GEHC,28,0.3586608718,0.4782144958,0,FULL_ASOF_PANEL,68,daily_klines_as_of_membership,unavailable_as_of_equals_zero,0.01347751136,0.03447735465,0.01097006739,-0.03479078514,kline_close_unadjusted
2026-06-04,DLTR,29,0.3555201497,0.4740268663,0,FULL_ASOF_PANEL,68,daily_klines_as_of_membership,unavailable_as_of_equals_zero,-0.004301272078,0.02635673103,0.05143223209,0.02178090967,kline_close_unadjusted
2026-06-04,CRWD,30,0.3480000938,0.4640001251,0,FULL_ASOF_PANEL,68,daily_klines_as_of_membership,unavailable_as_of_equals_zero,-0.06684837781,-0.1031303453,-0.03832621786,-0.04760183009,kline_close_unadjusted
2026-06-04,MA,31,0.344006982,0.458675976,0,FULL_ASOF_PANEL,68,daily_klines_as_of_membership,unavailable_as_of_equals_zero,0.01938073156,0.02803135852,0.009877518767,0.01669820541,kline_close_unadjusted
2026-06-04,TSLA,32,0.3339979264,0.4453305685,0,FULL_ASOF_PANEL,68,daily_klines_as_of_membership,unavailable_as_of_equals_zero,-0.06559923527,-0.05202533158,-0.04612259529,-0.04292030111,kline_close_unadjusted
2026-06-04,ISRG,33,0.3240496507,0.4320662009,0,FULL_ASOF_PANEL,68,daily_klines_as_of_membership,unavailable_as_of_equals_zero,0.007736020247,0.01859987584,-0.01413495058,-0.02874743326,kline_close_unadjusted
2026-06-04,LH,34,0.3190111556,0.4253482074,0,FULL_ASOF_PANEL,68,daily_klines_as_of_membership,unavailable_as_of_equals_zero,0.01601716672,0.03935318236,0.01647698969,-0.01973406905,kline_close_unadjusted
2026-06-04,SHOP,35,0.3179804731,0.4239739641,0,FULL_ASOF_PANEL,68,daily_klines_as_of_membership,unavailable_as_of_equals_zero,-0.05601516718,-0.04843157532,-0.04800068942,-0.06196139262,kline_close_unadjusted
2026-06-04,AJG,36,0.3010496017,0.401399469,0,FULL_ASOF_PANEL,68,daily_klines_as_of_membership,unavailable_as_of_equals_zero,0.02776985259,0.03209700428,0.0504041845,0.01787922016,kline_close_unadjusted
2026-06-04,MRNA,37,0.3009196526,0.4012262034,0,FULL_ASOF_PANEL,68,daily_klines_as_of_membership,unavailable_as_of_equals_zero,-0.08044194611,-0.07482070169,-0.03779802287,0.2397751502,kline_close_unadjusted
2026-06-04,AWK,38,0.3005356172,0.4007141563,0,FULL_ASOF_PANEL,68,daily_klines_as_of_membership,unavailable_as_of_equals_zero,0.0181595092,0.02683026585,0.01799591002,0.02306748466,kline_close_unadjusted
2026-06-05,AMAT,1,0.504958519,0.6732780253,0,FULL_ASOF_PANEL,68,daily_klines_as_of_membership,unavailable_as_of_equals_zero,0.08644400786,0.09712809872,0.2521798636,0.4131696872,kline_close_unadjusted
2026-06-05,AXON,2,0.5008021928,0.6677362571,0,FULL_ASOF_PANEL,68,daily_klines_as_of_membership,unavailable_as_of_equals_zero,-0.03098000494,-0.07926026496,-0.09131490167,-0.1565251378,kline_close_unadjusted
2026-06-05,GS,3,0.4693161675,0.6257548901,0,FULL_ASOF_PANEL,68,daily_klines_as_of_membership,unavailable_as_of_equals_zero,0.006084549035,-0.03599770516,0.02317354496,0.06516915073,kline_close_unadjusted
2026-06-05,ASML,4,0.46488945,0.6198526,0,FULL_ASOF_PANEL,68,daily_klines_as_of_membership,unavailable_as_of_equals_zero,0.06535748657,0.05631214443,0.1351066551,0.1751251721,kline_close_unadjusted
2026-06-05,ABBV,5,0.4402457194,0.5869942926,0,FULL_ASOF_PANEL,68,daily_klines_as_of_membership,unavailable_as_of_equals_zero,-0.0183074418,-0.01003388637,0.002200413678,0.01223430005,kline_close_unadjusted
2026-06-05,MDT,6,0.435759172,0.5810122293,0,FULL_ASOF_PANEL,68,daily_klines_as_of_membership,unavailable_as_of_equals_zero,-0.01210623842,-0.0175416924,-0.01815935763,-0.02964793082,kline_close_unadjusted
2026-06-05,CCI,7,0.390479849,0.5206397987,0,FULL_ASOF_PANEL,68,daily_klines_as_of_membership,unavailable_as_of_equals_zero,-0.02889941398,-0.01188087019,-0.02493912392,-0.1103261888,kline_close_unadjusted
2026-06-05,KO,8,0.3879171567,0.5172228756,0,FULL_ASOF_PANEL,68,daily_klines_as_of_membership,unavailable_as_of_equals_zero,0.0007599746675,0.05205826472,0.0397720076,0.007346421786,kline_close_unadjusted
2026-06-05,VRTX,9,0.3778988471,0.5038651294,0,FULL_ASOF_PANEL,68,daily_klines_as_of_membership,unavailable_as_of_equals_zero,-0.008661012018,-0.02488642213,-0.004263366381,0.04467023253,kline_close_unadjusted
2026-06-05,AVGO,10,0.361672062,0.482229416,0,FULL_ASOF_PANEL,68,daily_klines_as_of_membership,unavailable_as_of_equals_zero,0.0282279007,-0.03539524255,-0.009504518542,0.01830788408,kline_close_unadjusted
2026-06-05,KDP,11,0.3576109264,0.4768145686,0,FULL_ASOF_PANEL,68,daily_klines_as_of_membership,unavailable_as_of_equals_zero,0.007260726073,0.03861386139,0.03894389439,0.01122112211,kline_close_unadjusted
2026-06-05,META,12,0.3525407165,0.4700542886,0,FULL_ASOF_PANEL,68,daily_klines_as_of_membership,unavailable_as_of_equals_zero,-0.01284442382,-0.03716612515,-0.04391746487,-0.04831427486,kline_close_unadjusted
2026-06-05,GOOGL,13,0.3519188467,0.469225129,0,FULL_ASOF_PANEL,68,daily_klines_as_of_membership,unavailable_as_of_equals_zero,-0.01357552062,-0.0323911922,-0.02343134859,-0.05058238983,kline_close_unadjusted
2026-06-05,GOOG,14,0.3493369053,0.4657825404,0,FULL_ASOF_PANEL,68,daily_klines_as_of_membership,unavailable_as_of_equals_zero,-0.01195491601,-0.03342999398,-0.02018930897,-0.04584997538,kline_close_unadjusted
2026-06-05,TXN,15,0.3481318374,0.4641757832,0,FULL_ASOF_PANEL,68,daily_klines_as_of_membership,unavailable_as_of_equals_zero,0.02048691504,-0.01069950186,0.05633901635,0.165649337,kline_close_unadjusted
2026-06-05,MA,16,0.3481043312,0.4641391083,0,FULL_ASOF_PANEL,68,daily_klines_as_of_membership,unavailable_as_of_equals_zero,-0.01103608658,-0.004079884131,-0.002243936272,-0.01425919504,kline_close_unadjusted
2026-06-05,PANW,17,0.3400945197,0.4534593596,0,FULL_ASOF_PANEL,68,daily_klines_as_of_membership,unavailable_as_of_equals_zero,-0.02102554677,-0.03245726888,0.02782576732,0.05274765668,kline_close_unadjusted
2026-06-05,GEHC,18,0.3322095158,0.4429460211,0,FULL_ASOF_PANEL,68,daily_klines_as_of_membership,unavailable_as_of_equals_zero,0,-0.01407143962,0.007886191433,-0.06231637544,kline_close_unadjusted
2026-06-05,CRM,19,0.332167926,0.4428905679,0,FULL_ASOF_PANEL,68,daily_klines_as_of_membership,unavailable_as_of_equals_zero,-0.01679084332,-0.07958103876,-0.1043623799,-0.1895043732,kline_close_unadjusted
2026-06-05,JNJ,20,0.3257053942,0.434273859,0,FULL_ASOF_PANEL,68,daily_klines_as_of_membership,unavailable_as_of_equals_zero,-0.002620612622,0.02457361344,0.03479829875,-0.006358207673,kline_close_unadjusted
2026-06-05,HOOD,21,0.3106689363,0.4142252484,0,FULL_ASOF_PANEL,68,daily_klines_as_of_membership,unavailable_as_of_equals_zero,0.0311628471,0.04716866739,0.1299866618,0.2817994422,kline_close_unadjusted
2026-06-05,ALL,22,0.3074801566,0.4099735422,0,FULL_ASOF_PANEL,68,daily_klines_as_of_membership,unavailable_as_of_equals_zero,-0.02710284603,0.01054250939,0.002805302927,0.007013257319,kline_close_unadjusted
2026-06-05,FTNT,23,0.3039784533,0.4053046044,0,FULL_ASOF_PANEL,68,daily_klines_as_of_membership,unavailable_as_of_equals_zero,-0.0113353608,-0.04008847111,0.01119712469,0.004907381808,kline_close_unadjusted
2026-06-08,AMAT,1,0.5548367146,0.7397822861,0,FULL_ASOF_PANEL,68,daily_klines_as_of_membership,unavailable_as_of_equals_zero,0.01430400065,0.122864051,0.1901985086,0.1904016905,kline_close_unadjusted
2026-06-08,ASML,2,0.5352652065,0.713686942,0,FULL_ASOF_PANEL,68,daily_klines_as_of_membership,unavailable_as_of_equals_zero,0.01642615378,0.0860128985,0.08211361661,0.0168206559,kline_close_unadjusted
2026-06-08,MDT,3,0.4973027639,0.6630703518,0,FULL_ASOF_PANEL,68,daily_klines_as_of_membership,unavailable_as_of_equals_zero,0.01613104914,-0.004501688133,-0.00387645367,-0.0007502813555,kline_close_unadjusted
2026-06-08,ABBV,4,0.4498071497,0.5997428663,0,FULL_ASOF_PANEL,68,daily_klines_as_of_membership,unavailable_as_of_equals_zero,0.0105348097,0.007620926167,-0.006634688663,0.05240507464,kline_close_unadjusted
2026-06-08,TXN,5,0.4323582579,0.5764776772,0,FULL_ASOF_PANEL,68,daily_klines_as_of_membership,unavailable_as_of_equals_zero,-0.007803368855,0.02131316604,0.07713991062,0.04627019594,kline_close_unadjusted
2026-06-08,HOOD,6,0.4189417354,0.5585889805,0,FULL_ASOF_PANEL,68,daily_klines_as_of_membership,unavailable_as_of_equals_zero,-0.01493414864,0.08454844779,0.1538099718,0.2141345249,kline_close_unadjusted
2026-06-08,KO,7,0.4175992624,0.5567990165,0,FULL_ASOF_PANEL,68,daily_klines_as_of_membership,unavailable_as_of_equals_zero,0.02278192634,0.03784331097,0.02404758891,0.01645361347,kline_close_unadjusted
2026-06-08,AXON,8,0.414979966,0.5533066213,0,FULL_ASOF_PANEL,68,daily_klines_as_of_membership,unavailable_as_of_equals_zero,-0.03937927228,-0.05277459347,-0.05912198021,-0.08071158663,kline_close_unadjusted
2026-06-08,NUE,9,0.3855954754,0.5141273005,0,FULL_ASOF_PANEL,68,daily_klines_as_of_membership,unavailable_as_of_equals_zero,0.003638664768,0.029663028,0.02341401677,-0.05446131941,kline_close_unadjusted
2026-06-08,AMD,10,0.3828854438,0.5105139251,0,FULL_ASOF_PANEL,68,daily_klines_as_of_membership,unavailable_as_of_equals_zero,-0.03023473987,-0.00383415251,0.11610548,0.06020435217,kline_close_unadjusted
2026-06-08,GS,11,0.3795308119,0.5060410825,0,FULL_ASOF_PANEL,68,daily_klines_as_of_membership,unavailable_as_of_equals_zero,-0.01243062201,-0.008956937799,0.0298277512,0.04731090909,kline_close_unadjusted
2026-06-08,CCI,12,0.3776210091,0.5034946788,0,FULL_ASOF_PANEL,68,daily_klines_as_of_membership,unavailable_as_of_equals_zero,0.008597172853,0.002755504119,-0.02190625775,-0.07051335042,kline_close_unadjusted
2026-06-08,VRTX,13,0.3718294925,0.4957726567,0,FULL_ASOF_PANEL,68,daily_klines_as_of_membership,unavailable_as_of_equals_zero,0.006343687918,0.004695683583,0.01693155138,0.05747697309,kline_close_unadjusted
2026-06-08,META,14,0.3583359181,0.4777812242,0,FULL_ASOF_PANEL,68,daily_klines_as_of_membership,unavailable_as_of_equals_zero,-0.001367837022,-0.02899814487,0.01472989493,-0.03875253264,kline_close_unadjusted
2026-06-08,GOOG,15,0.3518983345,0.4691977793,0,FULL_ASOF_PANEL,68,daily_klines_as_of_membership,unavailable_as_of_equals_zero,0.003101032755,-0.01276407232,0.01644654872,-0.04178087881,kline_close_unadjusted
2026-06-08,GOOGL,16,0.3495321295,0.4660428393,0,FULL_ASOF_PANEL,68,daily_klines_as_of_membership,unavailable_as_of_equals_zero,0.002614846825,-0.0152486857,0.01662492087,-0.04728744048,kline_close_unadjusted
2026-06-08,AVGO,17,0.3485175197,0.4646900263,0,FULL_ASOF_PANEL,68,daily_klines_as_of_membership,unavailable_as_of_equals_zero,-0.01121353706,-0.02785705266,-0.006718019952,-0.03990402829,kline_close_unadjusted
2026-06-08,MA,18,0.330158044,0.4402107253,0,FULL_ASOF_PANEL,68,daily_klines_as_of_membership,unavailable_as_of_equals_zero,0.01974009901,0.001732673267,0.01025165017,0.00495049505,kline_close_unadjusted
2026-06-08,AJG,19,0.3288901023,0.4385201364,0,FULL_ASOF_PANEL,68,daily_klines_as_of_membership,unavailable_as_of_equals_zero,0.02131564088,0.03943158291,0.01515151515,0.01533973273,kline_close_unadjusted
2026-06-08,NFLX,20,0.3258044192,0.4344058922,0,FULL_ASOF_PANEL,68,daily_klines_as_of_membership,unavailable_as_of_equals_zero,-0.01488383349,-0.01657792836,-0.01173765731,-0.1188286544,kline_close_unadjusted
2026-06-08,PANW,21,0.325500952,0.4340012694,0,FULL_ASOF_PANEL,68,daily_klines_as_of_membership,unavailable_as_of_equals_zero,-0.02181504149,0.04956257275,0.06837382195,0.09231029174,kline_close_unadjusted
2026-06-08,JNJ,22,0.3153395446,0.4204527262,0,FULL_ASOF_PANEL,68,daily_klines_as_of_membership,unavailable_as_of_equals_zero,0.02084769125,0.02657649897,0.01507580979,0.02980702963,kline_close_unadjusted
2026-06-08,ISRG,23,0.304391314,0.4058550853,0,FULL_ASOF_PANEL,68,daily_klines_as_of_membership,unavailable_as_of_equals_zero,0.01911086692,-0.01364038126,-0.004921048231,-0.03686008457,kline_close_unadjusted
2026-06-08,KDP,24,0.3013022424,0.4017363232,0,FULL_ASOF_PANEL,68,daily_klines_as_of_membership,unavailable_as_of_equals_zero,0.02391874181,0.01572739187,0.03342070773,0.003931847969,kline_close_unadjusted
2026-06-09,AMAT,1,0.5653479302,0.7537972403,0,FULL_ASOF_PANEL,68,daily_klines_as_of_membership,unavailable_as_of_equals_zero,-0.004406963002,0.1362953466,0.1382584483,0.1798040905,kline_close_unadjusted
2026-06-09,ASML,2,0.552816646,0.7370888613,0,FULL_ASOF_PANEL,68,daily_klines_as_of_membership,unavailable_as_of_equals_zero,-0.0245139135,0.0482514611,0.01469256428,-0.008437536914,kline_close_unadjusted
2026-06-09,MDT,3,0.5514076386,0.7352101848,0,FULL_ASOF_PANEL,68,daily_klines_as_of_membership,unavailable_as_of_equals_zero,-0.02128968742,-0.02190499631,-0.008122077283,-0.02276642875,kline_close_unadjusted
2026-06-09,GS,4,0.5189681842,0.6919575789,0,FULL_ASOF_PANEL,68,daily_klines_as_of_membership,unavailable_as_of_equals_zero,-0.02976715342,0.02978653308,0.05684053449,0.04350733036,kline_close_unadjusted
2026-06-09,AMD,5,0.4733173314,0.6310897753,0,FULL_ASOF_PANEL,68,daily_klines_as_of_membership,unavailable_as_of_equals_zero,-0.04859044595,0.07584567986,0.06684472298,0.09302741296,kline_close_unadjusted
2026-06-09,ABBV,6,0.4600748705,0.6134331606,0,FULL_ASOF_PANEL,68,daily_klines_as_of_membership,unavailable_as_of_equals_zero,-0.002084996895,0.01024753793,-0.01308668264,0.04201046935,kline_close_unadjusted
2026-06-09,KO,7,0.4560965464,0.6081287285,0,FULL_ASOF_PANEL,68,daily_klines_as_of_membership,unavailable_as_of_equals_zero,0.02784308873,0.01583962381,-0.006558594233,-0.002598688281,kline_close_unadjusted
2026-06-09,HOOD,8,0.4451417105,0.5935222807,0,FULL_ASOF_PANEL,68,daily_klines_as_of_membership,unavailable_as_of_equals_zero,0.03091798973,0.112450758,0.1544705742,0.1602005491,kline_close_unadjusted
2026-06-09,AON,9,0.4139635045,0.5519513393,0,FULL_ASOF_PANEL,68,daily_klines_as_of_membership,unavailable_as_of_equals_zero,0.0142947616,0.01121867366,-0.0004222081486,-0.01842636991,kline_close_unadjusted
2026-06-09,CCI,10,0.4002412131,0.5336549508,0,FULL_ASOF_PANEL,68,daily_klines_as_of_membership,unavailable_as_of_equals_zero,0.008851733464,-0.004480507062,-0.03690954293,-0.1023686583,kline_close_unadjusted
2026-06-09,META,11,0.3843647715,0.512486362,0,FULL_ASOF_PANEL,68,daily_klines_as_of_membership,unavailable_as_of_equals_zero,-0.02330220095,-0.03015075377,0.0276424713,-0.04519188789,kline_close_unadjusted
2026-06-09,JNJ,12,0.3826254053,0.510167207,0,FULL_ASOF_PANEL,68,daily_klines_as_of_membership,unavailable_as_of_equals_zero,0.006286919831,0.01632911392,-0.007679324895,0.01687763713,kline_close_unadjusted
2026-06-09,AXON,13,0.3779560849,0.5039414466,0,FULL_ASOF_PANEL,68,daily_klines_as_of_membership,unavailable_as_of_equals_zero,-0.0108726879,-0.02382267795,-0.03783341805,0.009325760757,kline_close_unadjusted
2026-06-09,GOOG,14,0.3777529409,0.5036705879,0,FULL_ASOF_PANEL,68,daily_klines_as_of_membership,unavailable_as_of_equals_zero,-0.02475917083,-0.01139970742,0.02431753568,-0.04761379006,kline_close_unadjusted
2026-06-09,PODD,15,0.3765761957,0.5021015943,0,FULL_ASOF_PANEL,68,daily_klines_as_of_membership,unavailable_as_of_equals_zero,-0.05576091724,-0.06208884155,-0.07468203747,-0.06722636426,kline_close_unadjusted
2026-06-09,GOOGL,16,0.3762838043,0.5017117391,0,FULL_ASOF_PANEL,68,daily_klines_as_of_membership,unavailable_as_of_equals_zero,-0.02163289958,-0.01257343656,0.0246801735,-0.05207818591,kline_close_unadjusted
2026-06-09,AVGO,17,0.3633091688,0.4844122251,0,FULL_ASOF_PANEL,68,daily_klines_as_of_membership,unavailable_as_of_equals_zero,-0.05123751628,-0.02577201093,-0.03946259355,-0.02411177237,kline_close_unadjusted
2026-06-09,MA,18,0.3632919279,0.4843892371,0,FULL_ASOF_PANEL,68,daily_klines_as_of_membership,unavailable_as_of_equals_zero,-0.01246030301,-0.0106398042,0.01231870866,-0.001678904464,kline_close_unadjusted
2026-06-09,AJG,19,0.3567935331,0.4757247108,0,FULL_ASOF_PANEL,68,daily_klines_as_of_membership,unavailable_as_of_equals_zero,0.01423635107,0.007555862704,-0.00529831836,0.01709283575,kline_close_unadjusted
2026-06-09,ISRG,20,0.35601542,0.4746872267,0,FULL_ASOF_PANEL,68,daily_klines_as_of_membership,unavailable_as_of_equals_zero,-0.03419985467,-0.03645015354,-0.022362345,-0.05808583953,kline_close_unadjusted
2026-06-09,FTNT,21,0.3462438897,0.4616585196,0,FULL_ASOF_PANEL,68,daily_klines_as_of_membership,unavailable_as_of_equals_zero,0.00354071826,0.05715730905,0.06235999711,0.04978683431,kline_close_unadjusted
2026-06-09,NFLX,22,0.3422696723,0.456359563,0,FULL_ASOF_PANEL,68,daily_klines_as_of_membership,unavailable_as_of_equals_zero,0.007247266921,-0.01314334848,-0.03304262376,-0.1175531262,kline_close_unadjusted
2026-06-09,AWK,23,0.3405554243,0.454073899,0,FULL_ASOF_PANEL,68,daily_klines_as_of_membership,unavailable_as_of_equals_zero,0.007408587589,0.006213654107,0.02342069625,0.03274117741,kline_close_unadjusted
2026-06-09,TXN,24,0.3362624212,0.4483498949,0,FULL_ASOF_PANEL,68,daily_klines_as_of_membership,unavailable_as_of_equals_zero,-0.02293593875,0.043273395,0.05917610782,0.0501680352,kline_close_unadjusted
2026-06-09,GEHC,25,0.3288254051,0.4384338734,0,FULL_ASOF_PANEL,68,daily_klines_as_of_membership,unavailable_as_of_equals_zero,-0.03408574458,-0.01257385245,-0.04211483109,-0.01711861839,kline_close_unadjusted
2026-06-09,TSLA,26,0.3272237503,0.4362983338,0,FULL_ASOF_PANEL,68,daily_klines_as_of_membership,unavailable_as_of_equals_zero,-0.03804073813,0.02457900575,0.02011697086,-0.05331753555,kline_close_unadjusted
2026-06-09,MCK,27,0.3224665181,0.4299553574,0,FULL_ASOF_PANEL,68,daily_klines_as_of_membership,unavailable_as_of_equals_zero,0.00791859531,-0.0002295245017,0.001530163345,-0.02254440662,kline_close_unadjusted
2026-06-09,CMG,28,0.3187309855,0.4249746473,0,FULL_ASOF_PANEL,68,daily_klines_as_of_membership,unavailable_as_of_equals_zero,0.01807228916,0.07864792503,0.09136546185,0.06057563588,kline_close_unadjusted
2026-06-09,STX,29,0.3186501116,0.4248668154,0,FULL_ASOF_PANEL,68,daily_klines_as_of_membership,unavailable_as_of_equals_zero,-0.03551527914,0.1005950761,0.2192553859,0.1750683214,kline_close_unadjusted
2026-06-09,NKE,30,0.3103628696,0.4138171594,0,FULL_ASOF_PANEL,68,daily_klines_as_of_membership,unavailable_as_of_equals_zero,-0.01545352744,0.006270996641,0.008734602464,-0.0633818589,kline_close_unadjusted
2026-06-09,LH,31,0.3055322219,0.4073762959,0,FULL_ASOF_PANEL,68,daily_klines_as_of_membership,unavailable_as_of_equals_zero,-0.009622474561,-0.01872880106,-0.02389028167,-0.02234183749,kline_close_unadjusted
2026-06-09,VRTX,32,0.3027754914,0.4037006552,0,FULL_ASOF_PANEL,68,daily_klines_as_of_membership,unavailable_as_of_equals_zero,-0.02256769186,-0.001895596384,0.01660048904,0.06602059358,kline_close_unadjusted
2026-06-09,EXPE,33,0.3019457387,0.4025943183,0,FULL_ASOF_PANEL,68,daily_klines_as_of_membership,unavailable_as_of_equals_zero,-0.05245390808,-0.02670302086,0.05409850255,0.1345537956,kline_close_unadjusted
2026-06-10,ASML,1,0.5670430913,0.756057455,0,FULL_ASOF_PANEL,68,daily_klines_as_of_membership,unavailable_as_of_equals_zero,0.09531257217,0.09137990021,0.07706197574,0.06169462756,kline_close_unadjusted
2026-06-10,HOOD,2,0.5250708506,0.7000944675,0,FULL_ASOF_PANEL,68,daily_klines_as_of_membership,unavailable_as_of_equals_zero,0.067971283,0.1361741547,0.218156554,0.08232978231,kline_close_unadjusted
2026-06-10,AMAT,3,0.4768995948,0.6358661264,0,FULL_ASOF_PANEL,68,daily_klines_as_of_membership,unavailable_as_of_equals_zero,0.1119293374,0.1786080763,0.1929739844,0.3440373433,kline_close_unadjusted
2026-06-10,CASY,4,0.4679466866,0.6239289155,0,FULL_ASOF_PANEL,68,daily_klines_as_of_membership,unavailable_as_of_equals_zero,0.0007426823941,-0.04719309742,-0.07071865443,-0.1429554391,kline_close_unadjusted
2026-06-10,KO,5,0.4506205678,0.6008274238,0,FULL_ASOF_PANEL,68,daily_klines_as_of_membership,unavailable_as_of_equals_zero,-0.0127618589,-0.02588490248,-0.03768360222,-0.03178425235,kline_close_unadjusted
2026-06-10,JNJ,6,0.4323750792,0.5765001055,0,FULL_ASOF_PANEL,68,daily_klines_as_of_membership,unavailable_as_of_equals_zero,-0.0006708876682,-0.01186632563,-0.0179881756,0.02679357625,kline_close_unadjusted
2026-06-10,GS,7,0.4305785055,0.5741046739,0,FULL_ASOF_PANEL,68,daily_klines_as_of_membership,unavailable_as_of_equals_zero,0.03430574559,0.07478352925,0.09772393612,0.06371780403,kline_close_unadjusted
2026-06-10,MDT,8,0.407433012,0.5432440159,0,FULL_ASOF_PANEL,68,daily_klines_as_of_membership,unavailable_as_of_equals_zero,0.00100590972,0.001634603294,-0.02653086885,0.003394945304,kline_close_unadjusted
2026-06-10,CCI,9,0.4010452627,0.534727017,0,FULL_ASOF_PANEL,68,daily_klines_as_of_membership,unavailable_as_of_equals_zero,-0.01451512443,-0.03875213259,-0.07092371436,-0.1385165326,kline_close_unadjusted
2026-06-10,AON,10,0.3962308919,0.5283078558,0,FULL_ASOF_PANEL,68,daily_klines_as_of_membership,unavailable_as_of_equals_zero,-0.003448993548,-0.02027770345,-0.02866232569,-0.06059524871,kline_close_unadjusted
2026-06-10,AMD,11,0.3627810674,0.4837080898,0,FULL_ASOF_PANEL,68,daily_klines_as_of_membership,unavailable_as_of_equals_zero,0.07968611848,0.2096816976,0.1328028294,0.1772104332,kline_close_unadjusted
2026-06-10,ABBV,12,0.355890817,0.4745210893,0,FULL_ASOF_PANEL,68,daily_klines_as_of_membership,unavailable_as_of_equals_zero,-0.0008001778173,-0.01493665259,-0.01653700822,0.08086241387,kline_close_unadjusted
2026-06-10,AJG,13,0.3459666505,0.4612888673,0,FULL_ASOF_PANEL,68,daily_klines_as_of_membership,unavailable_as_of_equals_zero,0.003452348505,-0.01998728082,-0.01839738348,-0.01035704552,kline_close_unadjusted
2026-06-10,NFLX,14,0.3310357238,0.4413809651,0,FULL_ASOF_PANEL,68,daily_klines_as_of_membership,unavailable_as_of_equals_zero,-0.008902439024,-0.004024390244,-0.06146341463,-0.1353658537,kline_close_unadjusted
2026-06-10,GOOGL,15,0.3298322937,0.4397763916,0,FULL_ASOF_PANEL,68,daily_klines_as_of_membership,unavailable_as_of_equals_zero,0.003900331107,0.03639373702,0.02079241259,-0.03555193894,kline_close_unadjusted
2026-06-10,KDP,16,0.3271710704,0.4362280938,0,FULL_ASOF_PANEL,68,daily_klines_as_of_membership,unavailable_as_of_equals_zero,-0.0149348586,0.002224340642,-0.02573879886,0.0260565618,kline_close_unadjusted
2026-06-10,GOOG,17,0.3228848751,0.4305131668,0,FULL_ASOF_PANEL,68,daily_klines_as_of_membership,unavailable_as_of_equals_zero,0.009170157364,0.03902977471,0.02484999434,-0.03150118872,kline_close_unadjusted
2026-06-10,CRWD,18,0.3190168954,0.4253558606,0,FULL_ASOF_PANEL,68,daily_klines_as_of_membership,unavailable_as_of_equals_zero,0.06760428567,0.06973477012,0.05437366845,0.0477197641,kline_close_unadjusted
2026-06-10,MMM,19,0.3179832766,0.4239777022,0,FULL_ASOF_PANEL,68,daily_klines_as_of_membership,unavailable_as_of_equals_zero,0.006758049091,0.008798214855,0.01517373287,0.07089576028,kline_close_unadjusted
2026-06-10,STX,20,0.310884971,0.4145132947,0,FULL_ASOF_PANEL,68,daily_klines_as_of_membership,unavailable_as_of_equals_zero,0.06390677706,0.2487703159,0.3067524072,0.2577246243,kline_close_unadjusted
2026-06-11,ASML,1,0.6242894172,0.8323858896,0,FULL_ASOF_PANEL,68,daily_klines_as_of_membership,unavailable_as_of_equals_zero,-0.01891570325,-0.05032429928,0.01589914082,-0.05520458231,kline_close_unadjusted
2026-06-11,AMAT,2,0.5125412432,0.6833883243,0,FULL_ASOF_PANEL,68,daily_klines_as_of_membership,unavailable_as_of_equals_zero,0.02643674001,0.02821004632,0.1166582224,0.1342646207,kline_close_unadjusted
2026-06-11,HOOD,3,0.508312418,0.6777498907,0,FULL_ASOF_PANEL,68,daily_klines_as_of_membership,unavailable_as_of_equals_zero,0.01040876071,0.04857421663,0.1726119484,0.07004228559,kline_close_unadjusted
2026-06-11,MMM,4,0.4791916771,0.6389222362,0,FULL_ASOF_PANEL,68,daily_klines_as_of_membership,unavailable_as_of_equals_zero,0.00259641568,0.02355772275,0.01703501995,0.03862959914,kline_close_unadjusted
2026-06-11,KO,5,0.4620384801,0.6160513068,0,FULL_ASOF_PANEL,68,daily_klines_as_of_membership,unavailable_as_of_equals_zero,0.001097560976,-0.02097560976,-0.03182926829,0.007682926829,kline_close_unadjusted
2026-06-11,GS,6,0.460974579,0.614632772,0,FULL_ASOF_PANEL,68,daily_klines_as_of_membership,unavailable_as_of_equals_zero,0.02617704994,0.05313622494,0.05882362597,-0.01547835155,kline_close_unadjusted
2026-06-11,CASY,7,0.433603965,0.5781386201,0,FULL_ASOF_PANEL,68,daily_klines_as_of_membership,unavailable_as_of_equals_zero,-0.02307155018,-0.05565984197,-0.08079408041,-0.1502270048,kline_close_unadjusted
2026-06-11,JNJ,8,0.4269964767,0.5693286357,0,FULL_ASOF_PANEL,68,daily_klines_as_of_membership,unavailable_as_of_equals_zero,0.01065749171,-0.01321696807,-0.04170687702,0.06851844082,kline_close_unadjusted
2026-06-11,AJG,9,0.4259007746,0.5678676995,0,FULL_ASOF_PANEL,68,daily_klines_as_of_membership,unavailable_as_of_equals_zero,-0.01000452694,-0.02263467632,-0.03096423721,0.0231326392,kline_close_unadjusted
2026-06-11,KDP,10,0.4254218061,0.5672290748,0,FULL_ASOF_PANEL,68,daily_klines_as_of_membership,unavailable_as_of_equals_zero,0.01548387097,0.02483870968,-0.01516129032,0.07741935484,kline_close_unadjusted
2026-06-11,AON,11,0.4191694796,0.5588926394,0,FULL_ASOF_PANEL,68,daily_klines_as_of_membership,unavailable_as_of_equals_zero,0.0004176984814,-0.01109884536,-0.05200346093,-0.01933347257,kline_close_unadjusted
2026-06-11,AMD,12,0.4173064879,0.5564086505,0,FULL_ASOF_PANEL,68,daily_klines_as_of_membership,unavailable_as_of_equals_zero,0.04733340158,0.03857098987,0.1001535469,0.06782679906,kline_close_unadjusted
2026-06-11,CCI,13,0.3921176941,0.5228235922,0,FULL_ASOF_PANEL,68,daily_klines_as_of_membership,unavailable_as_of_equals_zero,0.001319007447,-0.03129894754,-0.09812865818,-0.09186337281,kline_close_unadjusted
2026-06-11,ALLE,14,0.3734101336,0.4978801782,0,FULL_ASOF_PANEL,68,daily_klines_as_of_membership,unavailable_as_of_equals_zero,0.0019525383,0.0128416942,0.003079002704,0.04918894563,kline_close_unadjusted
2026-06-11,PODD,15,0.3727459819,0.4969946425,0,FULL_ASOF_PANEL,68,daily_klines_as_of_membership,unavailable_as_of_equals_zero,0.003418459682,-0.01005429318,-0.02299081708,0.06072793083,kline_close_unadjusted
2026-06-11,AVGO,16,0.3663250023,0.4884333365,0,FULL_ASOF_PANEL,68,daily_klines_as_of_membership,unavailable_as_of_equals_zero,-0.009092798504,-0.02301776993,0.06697495583,-0.05169905435,kline_close_unadjusted
2026-06-11,TSLA,17,0.3633489,0.4844651999,0,FULL_ASOF_PANEL,68,daily_klines_as_of_membership,unavailable_as_of_equals_zero,0.01823875736,0.01380433421,0.00335713391,-0.04870349493,kline_close_unadjusted
2026-06-11,STX,18,0.3578932466,0.4771909955,0,FULL_ASOF_PANEL,68,daily_klines_as_of_membership,unavailable_as_of_equals_zero,0.0725773909,0.1882169828,0.2330547069,0.03752810284,kline_close_unadjusted
2026-06-11,NFLX,19,0.3510842655,0.4681123541,0,FULL_ASOF_PANEL,68,daily_klines_as_of_membership,unavailable_as_of_equals_zero,-0.01144333702,-0.03137689184,-0.04786514089,-0.09179278947,kline_close_unadjusted
2026-06-11,META,20,0.3461837664,0.4615783551,0,FULL_ASOF_PANEL,68,daily_klines_as_of_membership,unavailable_as_of_equals_zero,-0.00255324394,0.05688451414,0.01640239125,-0.03108794605,kline_close_unadjusted
2026-06-11,TXN,21,0.3399470637,0.4532627517,0,FULL_ASOF_PANEL,68,daily_klines_as_of_membership,unavailable_as_of_equals_zero,0.01353079771,0.02898014137,0.08670481319,-0.03929653315,kline_close_unadjusted
2026-06-11,CMG,22,0.3356418201,0.4475224269,0,FULL_ASOF_PANEL,68,daily_klines_as_of_membership,unavailable_as_of_equals_zero,0.03136,0.04352,0.03968,0.06688,kline_close_unadjusted
2026-06-11,GOOGL,23,0.3310641399,0.4414188532,0,FULL_ASOF_PANEL,68,daily_klines_as_of_membership,unavailable_as_of_equals_zero,0.005338625374,0.04326802135,0.02867764206,-0.05696397127,kline_close_unadjusted
2026-06-11,NKE,24,0.3291370011,0.4388493348,0,FULL_ASOF_PANEL,68,daily_klines_as_of_membership,unavailable_as_of_equals_zero,-0.02241079199,-0.02001740644,-0.01653611836,-0.113359443,kline_close_unadjusted
2026-06-11,MDT,25,0.3276537104,0.4368716138,0,FULL_ASOF_PANEL,68,daily_klines_as_of_membership,unavailable_as_of_equals_zero,-0.001632960683,0.01243562367,-0.01243562367,0.01720889336,kline_close_unadjusted
2026-06-11,ABBV,26,0.3260728934,0.4347638578,0,FULL_ASOF_PANEL,68,daily_klines_as_of_membership,unavailable_as_of_equals_zero,0.01316901722,-0.0102326823,-0.03683765627,0.1271522,kline_close_unadjusted
2026-06-11,AMZN,27,0.3214589439,0.4286119253,0,FULL_ASOF_PANEL,68,daily_klines_as_of_membership,unavailable_as_of_equals_zero,-0.01225622127,0.01859136268,0.01192497205,-0.03652022691,kline_close_unadjusted
2026-06-11,EXPE,28,0.3208797897,0.4278397197,0,FULL_ASOF_PANEL,68,daily_klines_as_of_membership,unavailable_as_of_equals_zero,0.001023769251,0.08412712543,0.07228701148,0.1697676489,kline_close_unadjusted
2026-06-11,IR,29,0.3170781305,0.4227708407,0,FULL_ASOF_PANEL,68,daily_klines_as_of_membership,unavailable_as_of_equals_zero,0.01092896175,0.07267759563,0.0643442623,0.1116120219,kline_close_unadjusted
2026-06-11,PYPL,30,0.3157965433,0.4210620577,0,FULL_ASOF_PANEL,68,daily_klines_as_of_membership,unavailable_as_of_equals_zero,0.007032007759,0.05843840931,0.03079534433,0.07395732299,kline_close_unadjusted
2026-06-11,APP,31,0.3118371424,0.4157828566,0,FULL_ASOF_PANEL,68,daily_klines_as_of_membership,unavailable_as_of_equals_zero,0.03802996427,0.07654052699,-0.0185134881,-0.00311344213,kline_close_unadjusted
2026-06-11,MELI,32,0.3107974492,0.4143965989,0,FULL_ASOF_PANEL,68,daily_klines_as_of_membership,unavailable_as_of_equals_zero,-0.01267080745,0.03980124224,0.01562111801,0.04043478261,kline_close_unadjusted
2026-06-11,WTW,33,0.3073672671,0.4098230228,0,FULL_ASOF_PANEL,68,daily_klines_as_of_membership,unavailable_as_of_equals_zero,0.007081553323,-0.004387484124,-0.02151406689,0.01785783012,kline_close_unadjusted
2026-06-11,NBIS,34,0.300061107,0.4000814761,0,FULL_ASOF_PANEL,68,daily_klines_as_of_membership,unavailable_as_of_equals_zero,0.04553635709,0.1928545716,0.2900017999,0.08126349892,kline_close_unadjusted
2026-06-12,ASML,1,0.6287959268,0.8383945691,0,FULL_ASOF_PANEL,68,daily_klines_as_of_membership,unavailable_as_of_equals_zero,0.01562072389,0.002296691798,0.03525529232,0.01049609616,kline_close_unadjusted
2026-06-12,AMAT,2,0.6066420429,0.8088560571,0,FULL_ASOF_PANEL,68,daily_klines_as_of_membership,unavailable_as_of_equals_zero,0.03266637285,0.0452534156,0.1285676509,0.2245747025,kline_close_unadjusted
2026-06-12,HOOD,3,0.5733788068,0.7645050758,0,FULL_ASOF_PANEL,68,daily_klines_as_of_membership,unavailable_as_of_equals_zero,0.05290267196,0.1288764889,0.1343491791,0.09271381049,kline_close_unadjusted
2026-06-12,MMM,4,0.5139923597,0.6853231463,0,FULL_ASOF_PANEL,68,daily_klines_as_of_membership,unavailable_as_of_equals_zero,-0.0005684689237,0.005747852451,0.03094997473,0.02596008085,kline_close_unadjusted
2026-06-12,GS,5,0.4816000618,0.6421334157,0,FULL_ASOF_PANEL,68,daily_klines_as_of_membership,unavailable_as_of_equals_zero,0.01262761703,0.03424135498,0.04104446013,-0.04002822865,kline_close_unadjusted
2026-06-12,AJG,6,0.4785207733,0.6380276977,0,FULL_ASOF_PANEL,68,daily_klines_as_of_membership,unavailable_as_of_equals_zero,-0.01348941424,-0.01188897526,-0.04394348164,0.03854771594,kline_close_unadjusted
2026-06-12,KDP,7,0.4636691311,0.6182255082,0,FULL_ASOF_PANEL,68,daily_klines_as_of_membership,unavailable_as_of_equals_zero,0.001905972046,-0.02604828463,-0.02668360864,0.06416772554,kline_close_unadjusted
2026-06-12,AON,8,0.4344977431,0.5793303241,0,FULL_ASOF_PANEL,68,daily_klines_as_of_membership,unavailable_as_of_equals_zero,-0.01729742626,-0.0257075542,-0.06465658644,-0.02308311712,kline_close_unadjusted
2026-06-12,CASY,9,0.4292328032,0.5723104043,0,FULL_ASOF_PANEL,68,daily_klines_as_of_membership,unavailable_as_of_equals_zero,-0.02541501888,-0.0494782939,-0.07090510982,-0.1283598096,kline_close_unadjusted
2026-06-12,AMD,10,0.4228037134,0.5637382845,0,FULL_ASOF_PANEL,68,daily_klines_as_of_membership,unavailable_as_of_equals_zero,0.06976562347,0.001778837696,0.07830795395,0.05457708622,kline_close_unadjusted
2026-06-12,CCI,11,0.4127138006,0.5502850674,0,FULL_ASOF_PANEL,68,daily_klines_as_of_membership,unavailable_as_of_equals_zero,-0.02587886605,-0.05848129751,-0.08757100908,-0.13685886,kline_close_unadjusted
2026-06-12,STX,12,0.4051776579,0.5402368771,0,FULL_ASOF_PANEL,68,daily_klines_as_of_membership,unavailable_as_of_equals_zero,0.0943351607,0.1451466194,0.1752122971,0.04109427067,kline_close_unadjusted
2026-06-12,JNJ,13,0.3946180542,0.5261574057,0,FULL_ASOF_PANEL,68,daily_klines_as_of_membership,unavailable_as_of_equals_zero,-0.02162992486,-0.02769128576,-0.03977249139,0.07323452485,kline_close_unadjusted
2026-06-12,TSLA,14,0.3924256824,0.5232342432,0,FULL_ASOF_PANEL,68,daily_klines_as_of_membership,unavailable_as_of_equals_zero,0.01161331595,-0.02472750535,-0.003395418645,0.01331102527,kline_close_unadjusted
2026-06-12,KO,15,0.3913238704,0.5217651605,0,FULL_ASOF_PANEL,68,daily_klines_as_of_membership,unavailable_as_of_equals_zero,-0.01437446705,-0.02631258375,-0.03118528444,0.006821780972,kline_close_unadjusted
2026-06-12,NBIS,16,0.388569928,0.5180932374,0,FULL_ASOF_PANEL,68,daily_klines_as_of_membership,unavailable_as_of_equals_zero,0.1192546049,0.2089430195,0.2205629196,0.123902565,kline_close_unadjusted
2026-06-12,LH,17,0.3812018981,0.5082691974,0,FULL_ASOF_PANEL,68,daily_klines_as_of_membership,unavailable_as_of_equals_zero,-0.004245566576,-0.02479711452,-0.04407123535,0.05042079952,kline_close_unadjusted
2026-06-12,ALLE,18,0.3804118005,0.507215734,0,FULL_ASOF_PANEL,68,daily_klines_as_of_membership,unavailable_as_of_equals_zero,0.002098635887,-0.02428421526,-0.01866286914,0.04669464848,kline_close_unadjusted
2026-06-12,APP,19,0.3801582125,0.5068776167,0,FULL_ASOF_PANEL,68,daily_klines_as_of_membership,unavailable_as_of_equals_zero,0.0484932665,-0.03478470922,-0.05511604968,0.004005877972,kline_close_unadjusted
2026-06-12,PANW,20,0.3666220925,0.4888294567,0,FULL_ASOF_PANEL,68,daily_klines_as_of_membership,unavailable_as_of_equals_zero,0.01759530792,0.008976468064,0.02424719262,0.1873256562,kline_close_unadjusted
2026-06-12,AVGO,21,0.3595316814,0.4793755752,0,FULL_ASOF_PANEL,68,daily_klines_as_of_membership,unavailable_as_of_equals_zero,0.03112054953,0.02839389649,0.02807928268,-0.02351738241,kline_close_unadjusted
2026-06-12,FTNT,22,0.3555857169,0.4741142892,0,FULL_ASOF_PANEL,68,daily_klines_as_of_membership,unavailable_as_of_equals_zero,0.02180451128,-0.01476418319,-0.006220095694,0.06233766234,kline_close_unadjusted
2026-06-12,SHOP,23,0.3390222632,0.4520296842,0,FULL_ASOF_PANEL,68,daily_klines_as_of_membership,unavailable_as_of_equals_zero,0.03926459719,-0.001385809313,-0.002402069475,0.05515521064,kline_close_unadjusted
2026-06-12,CMG,24,0.3350161921,0.4466882562,0,FULL_ASOF_PANEL,68,daily_klines_as_of_membership,unavailable_as_of_equals_zero,0.01551349674,-0.01147998759,-0.05243561899,0.02295997518,kline_close_unadjusted
2026-06-12,ABBV,25,0.3349989299,0.4466652399,0,FULL_ASOF_PANEL,68,daily_klines_as_of_membership,unavailable_as_of_equals_zero,-0.02696175295,-0.02854257234,0.01001185615,0.1167171651,kline_close_unadjusted
2026-06-12,MA,26,0.3329418024,0.4439224032,0,FULL_ASOF_PANEL,68,daily_klines_as_of_membership,unavailable_as_of_equals_zero,0.001349389708,0.00615403488,-0.01204228088,0.04019545705,kline_close_unadjusted
2026-06-12,NKE,27,0.3308538979,0.4411385306,0,FULL_ASOF_PANEL,68,daily_klines_as_of_membership,unavailable_as_of_equals_zero,0.006009347874,-0.01647006454,-0.03872690852,-0.07678611173,kline_close_unadjusted
2026-06-12,NFLX,28,0.3289571205,0.4386094939,0,FULL_ASOF_PANEL,68,daily_klines_as_of_membership,unavailable_as_of_equals_zero,0.01655464277,-0.04207119741,-0.0928553647,-0.08165297486,kline_close_unadjusted
2026-06-12,PYPL,29,0.3287758132,0.438367751,0,FULL_ASOF_PANEL,68,daily_klines_as_of_membership,unavailable_as_of_equals_zero,0.02311581989,0.01324343848,0.01950397303,0.0686250903,kline_close_unadjusted
2026-06-12,AMZN,30,0.3203208916,0.4270945222,0,FULL_ASOF_PANEL,68,daily_klines_as_of_membership,unavailable_as_of_equals_zero,0.0313141899,-0.004401592957,-0.02414588137,0.006665269336,kline_close_unadjusted
2026-06-12,WTW,31,0.3198848068,0.4265130757,0,FULL_ASOF_PANEL,68,daily_klines_as_of_membership,unavailable_as_of_equals_zero,-0.01826728322,-0.009936179157,-0.03691672718,0.007910727252,kline_close_unadjusted
2026-06-12,BIIB,32,0.3155660009,0.4207546678,0,FULL_ASOF_PANEL,68,daily_klines_as_of_membership,unavailable_as_of_equals_zero,-0.007048237941,-0.006898275431,-0.001699575106,0.08287928018,kline_close_unadjusted
2026-06-12,DLR,33,0.3096218416,0.4128291221,0,FULL_ASOF_PANEL,68,daily_klines_as_of_membership,unavailable_as_of_equals_zero,0.01049295005,0.02240682042,0.06864138157,0.04153459394,kline_close_unadjusted
2026-06-12,PODD,34,0.309510563,0.4126807506,0,FULL_ASOF_PANEL,68,daily_klines_as_of_membership,unavailable_as_of_equals_zero,-0.01042084168,-0.04128256513,-0.07167668671,0.05370741483,kline_close_unadjusted
2026-06-12,NUE,35,0.306668511,0.408891348,0,FULL_ASOF_PANEL,68,daily_klines_as_of_membership,unavailable_as_of_equals_zero,-0.02644945258,-0.05173257083,-0.08058993943,-0.1421046691,kline_close_unadjusted
2026-06-12,ADBE,36,0.3038454809,0.4051273078,0,FULL_ASOF_PANEL,68,daily_klines_as_of_membership,unavailable_as_of_equals_zero,0.01146982358,-0.03793864723,-0.04470290216,0.01181293796,kline_close_unadjusted
2026-06-15,ASML,1,0.6406140291,0.8541520388,0,FULL_ASOF_PANEL,68,daily_klines_as_of_membership,unavailable_as_of_equals_zero,-0.0469022434,0.01955982585,-0.06033835977,0.05113432946,kline_close_unadjusted
2026-06-15,STX,2,0.6262835904,0.8350447872,0,FULL_ASOF_PANEL,68,daily_klines_as_of_membership,unavailable_as_of_equals_zero,0.01231754513,0.05051765122,0.01943893287,-0.05211873563,kline_close_unadjusted
2026-06-15,HOOD,3,0.6221503821,0.8295338429,0,FULL_ASOF_PANEL,68,daily_klines_as_of_membership,unavailable_as_of_equals_zero,-0.01437015899,0.1022217693,0.05228291887,0.02201386058,kline_close_unadjusted
2026-06-15,AMAT,4,0.6038100286,0.8050800381,0,FULL_ASOF_PANEL,68,daily_klines_as_of_membership,unavailable_as_of_equals_zero,-0.02996005326,0.05348424323,0.0001707125542,0.2342517669,kline_close_unadjusted
2026-06-15,MMM,5,0.5115527361,0.6820703148,0,FULL_ASOF_PANEL,68,daily_klines_as_of_membership,unavailable_as_of_equals_zero,0.02148770777,0.0149781963,0.02281488972,0.0232572837,kline_close_unadjusted
2026-06-15,AMD,6,0.4984890675,0.6646520901,0,FULL_ASOF_PANEL,68,daily_klines_as_of_membership,unavailable_as_of_equals_zero,-0.07303658225,-0.01807184885,-0.0500858824,0.06148814092,kline_close_unadjusted
2026-06-15,NBIS,7,0.4955201003,0.6606934671,0,FULL_ASOF_PANEL,68,daily_klines_as_of_membership,unavailable_as_of_equals_zero,0.01934094667,0.1023570577,0.05836890068,0.06190640981,kline_close_unadjusted
2026-06-15,KDP,8,0.4863804614,0.6485072819,0,FULL_ASOF_PANEL,68,daily_klines_as_of_membership,unavailable_as_of_equals_zero,0.007292327204,-0.03202282815,-0.02853519341,0.03772986684,kline_close_unadjusted
2026-06-15,GS,9,0.4789313672,0.6385751563,0,FULL_ASOF_PANEL,68,daily_klines_as_of_membership,unavailable_as_of_equals_zero,0.01347370769,0.01894691359,0.01697677876,-0.06021353504,kline_close_unadjusted
2026-06-15,AJG,10,0.4602911652,0.6137215536,0,FULL_ASOF_PANEL,68,daily_klines_as_of_membership,unavailable_as_of_equals_zero,0.0007416334477,-0.007787151201,0.0001854083619,0.06410494113,kline_close_unadjusted
2026-06-15,APP,11,0.456670549,0.6088940654,0,FULL_ASOF_PANEL,68,daily_klines_as_of_membership,unavailable_as_of_equals_zero,-0.01086664363,-0.09820297201,-0.1033675076,-0.01080904658,kline_close_unadjusted
2026-06-15,KO,12,0.446703218,0.5956042907,0,FULL_ASOF_PANEL,68,daily_klines_as_of_membership,unavailable_as_of_equals_zero,-0.007786429366,-0.01878630577,-0.007415647015,0.004449388209,kline_close_unadjusted
2026-06-15,MELI,13,0.4436783432,0.5915711243,0,FULL_ASOF_PANEL,68,daily_klines_as_of_membership,unavailable_as_of_equals_zero,0.01683714376,-0.006808960373,-0.03808401565,0.03099565101,kline_close_unadjusted
2026-06-15,JNJ,14,0.4415332205,0.5887109607,0,FULL_ASOF_PANEL,68,daily_klines_as_of_membership,unavailable_as_of_equals_zero,-0.002036832725,-0.03084952898,0.01451243317,0.07769668166,kline_close_unadjusted
2026-06-15,ALLE,15,0.4394737223,0.5859649631,0,FULL_ASOF_PANEL,68,daily_klines_as_of_membership,unavailable_as_of_equals_zero,0.008750934929,-0.0009723261032,-0.03694839192,0.05078534031,kline_close_unadjusted
2026-06-15,FTNT,16,0.4339617714,0.5786156952,0,FULL_ASOF_PANEL,68,daily_klines_as_of_membership,unavailable_as_of_equals_zero,-0.01652284434,-0.03184159476,-0.009967221888,0.02762726604,kline_close_unadjusted
2026-06-15,CASY,17,0.4315344106,0.5753792142,0,FULL_ASOF_PANEL,68,daily_klines_as_of_membership,unavailable_as_of_equals_zero,-0.008150024645,-0.03454876833,-0.04642419102,-0.08895104254,kline_close_unadjusted
2026-06-15,AON,18,0.4089767177,0.5453022903,0,FULL_ASOF_PANEL,68,daily_klines_as_of_membership,unavailable_as_of_equals_zero,0.005887529969,-0.03571970502,-0.02661527723,0.006615884192,kline_close_unadjusted
2026-06-15,MRNA,19,0.4026147428,0.536819657,0,FULL_ASOF_PANEL,68,daily_klines_as_of_membership,unavailable_as_of_equals_zero,0.06272779589,0.2269326683,0.1701515442,0.3433723384,kline_close_unadjusted
2026-06-15,CCI,20,0.4025853365,0.5367804487,0,FULL_ASOF_PANEL,68,daily_klines_as_of_membership,unavailable_as_of_equals_zero,-0.006874013973,-0.0753887762,-0.04969574037,-0.1466080685,kline_close_unadjusted
2026-06-15,TSLA,21,0.3936304163,0.524840555,0,FULL_ASOF_PANEL,68,daily_klines_as_of_membership,unavailable_as_of_equals_zero,-0.01578499331,-0.02592727715,-0.07184725769,0.02298431229,kline_close_unadjusted
2026-06-15,PANW,22,0.3885955105,0.5181273473,0,FULL_ASOF_PANEL,68,daily_klines_as_of_membership,unavailable_as_of_equals_zero,-0.01630702186,0.01138679975,0.02240458284,0.1984958178,kline_close_unadjusted
2026-06-15,AWK,23,0.3759463386,0.5012617848,0,FULL_ASOF_PANEL,68,daily_klines_as_of_membership,unavailable_as_of_equals_zero,0.01261133444,-0.01418775124,-0.002128162686,0.03712461575,kline_close_unadjusted
2026-06-15,TXN,24,0.3750656065,0.5000874753,0,FULL_ASOF_PANEL,68,daily_klines_as_of_membership,unavailable_as_of_equals_zero,-0.02435054573,0.03038233229,-0.0286589647,-0.04873300568,kline_close_unadjusted
2026-06-15,NUE,25,0.3570105072,0.4760140096,0,FULL_ASOF_PANEL,68,daily_klines_as_of_membership,unavailable_as_of_equals_zero,-0.0009275003865,-0.05986242078,-0.07609367754,-0.1391637038,kline_close_unadjusted
2026-06-15,SHOP,26,0.3507124966,0.4676166621,0,FULL_ASOF_PANEL,68,daily_klines_as_of_membership,unavailable_as_of_equals_zero,0.006578362521,-0.03235843186,-0.04275935639,0.01502355765,kline_close_unadjusted
2026-06-15,AMZN,27,0.3486569985,0.4648759981,0,FULL_ASOF_PANEL,68,daily_klines_as_of_membership,unavailable_as_of_equals_zero,-8.129420372e-05,-0.006625477603,-0.04841069832,-0.03121697423,kline_close_unadjusted
2026-06-15,AVGO,28,0.3441326321,0.4588435094,0,FULL_ASOF_PANEL,68,daily_klines_as_of_membership,unavailable_as_of_equals_zero,-0.04380991126,0.0442675888,-0.03341046047,-0.03951282768,kline_close_unadjusted
2026-06-15,EXPE,29,0.3345015294,0.4460020392,0,FULL_ASOF_PANEL,68,daily_klines_as_of_membership,unavailable_as_of_equals_zero,0.02776605621,0.01654148029,0.03413790193,0.0797535657,kline_close_unadjusted
2026-06-15,NFLX,30,0.3308426086,0.4411234781,0,FULL_ASOF_PANEL,68,daily_klines_as_of_membership,unavailable_as_of_equals_zero,-0.03612097465,-0.05252846823,-0.108362924,-0.1257499694,kline_close_unadjusted
2026-06-15,CRWD,31,0.3302869615,0.4403826154,0,FULL_ASOF_PANEL,68,daily_klines_as_of_membership,unavailable_as_of_equals_zero,-0.01936759464,-0.0116176704,-0.01730383455,0.1013551543,kline_close_unadjusted
2026-06-15,CMG,32,0.3294386778,0.4392515704,0,FULL_ASOF_PANEL,68,daily_klines_as_of_membership,unavailable_as_of_equals_zero,-0.003666361137,-0.007332722273,-0.05438435686,0.03880232203,kline_close_unadjusted
2026-06-15,ABNB,33,0.3268693595,0.4358258127,0,FULL_ASOF_PANEL,68,daily_klines_as_of_membership,unavailable_as_of_equals_zero,0.01611974669,0.02482728843,-0.0007915947035,0.02979274611,kline_close_unadjusted
2026-06-15,PYPL,34,0.3252224754,0.4336299672,0,FULL_ASOF_PANEL,68,daily_klines_as_of_membership,unavailable_as_of_equals_zero,0.0273005413,0.000470698988,-0.01859261003,0.01623911509,kline_close_unadjusted
2026-06-15,NKE,35,0.3233711948,0.4311615931,0,FULL_ASOF_PANEL,68,daily_klines_as_of_membership,unavailable_as_of_equals_zero,-0.003539823009,0,-0.06238938053,-0.09181415929,kline_close_unadjusted
2026-06-15,IR,36,0.3221771748,0.4295695664,0,FULL_ASOF_PANEL,68,daily_klines_as_of_membership,unavailable_as_of_equals_zero,0.02279536277,0.01484955061,-0.001693369806,0.06799531067,kline_close_unadjusted
2026-06-15,DLR,37,0.3220298784,0.4293731712,0,FULL_ASOF_PANEL,68,daily_klines_as_of_membership,unavailable_as_of_equals_zero,0.03001622499,0.01757706869,0.05462412115,-0.02877230936,kline_close_unadjusted
2026-06-15,LH,38,0.319525991,0.4260346547,0,FULL_ASOF_PANEL,68,daily_klines_as_of_membership,unavailable_as_of_equals_zero,-0.001018752594,-0.03475078293,-0.02429913595,0.0564841716,kline_close_unadjusted
2026-06-15,ABBV,39,0.3194313839,0.4259085119,0,FULL_ASOF_PANEL,68,daily_klines_as_of_membership,unavailable_as_of_equals_zero,0.003971298344,-0.02301547904,0.05943408999,0.1356108128,kline_close_unadjusted
2026-06-15,ADBE,40,0.3039182406,0.4052243207,0,FULL_ASOF_PANEL,68,daily_klines_as_of_membership,unavailable_as_of_equals_zero,0.004652208636,-0.05427576742,-0.04327523242,-0.006493707888,kline_close_unadjusted
2026-06-16,HOOD,1,0.5885805718,0.7847740958,0,FULL_ASOF_PANEL,68,daily_klines_as_of_membership,unavailable_as_of_equals_zero,0.08778823286,0.09306173095,0.004963292317,0.1234618964,kline_close_unadjusted
2026-06-16,STX,2,0.5517187276,0.7356249701,0,FULL_ASOF_PANEL,68,daily_klines_as_of_membership,unavailable_as_of_equals_zero,0.03369871919,0.06083834659,-0.03624102465,-0.1119833107,kline_close_unadjusted
2026-06-16,ASML,3,0.5316916417,0.7089221889,0,FULL_ASOF_PANEL,68,daily_klines_as_of_membership,unavailable_as_of_equals_zero,0.0354456203,0.06949425963,-0.02279518152,0.0217030972,kline_close_unadjusted
2026-06-16,MRNA,4,0.5035811282,0.6714415043,0,FULL_ASOF_PANEL,68,daily_klines_as_of_membership,unavailable_as_of_equals_zero,0.1155234657,0.07120938628,0.09061371841,0.3086642599,kline_close_unadjusted
2026-06-16,KDP,5,0.5029526717,0.6706035623,0,FULL_ASOF_PANEL,68,daily_klines_as_of_membership,unavailable_as_of_equals_zero,-0.03493862134,-0.03556814605,-0.01888574127,0.05036197671,kline_close_unadjusted
2026-06-16,MMM,6,0.4945328013,0.6593770684,0,FULL_ASOF_PANEL,68,daily_klines_as_of_membership,unavailable_as_of_equals_zero,-0.01484872858,0.009837282683,0.02648023263,-0.0103322403,kline_close_unadjusted
2026-06-16,APP,7,0.4657613735,0.6210151647,0,FULL_ASOF_PANEL,68,daily_klines_as_of_membership,unavailable_as_of_equals_zero,-0.0693128882,-0.08891692547,-0.09751552795,0.09590450311,kline_close_unadjusted
2026-06-16,MELI,8,0.4277490156,0.5703320208,0,FULL_ASOF_PANEL,68,daily_klines_as_of_membership,unavailable_as_of_equals_zero,-0.02524377569,-0.05055313963,-0.008667506929,0.04068497324,kline_close_unadjusted
2026-06-16,AMAT,9,0.4253086114,0.5670781485,0,FULL_ASOF_PANEL,68,daily_klines_as_of_membership,unavailable_as_of_equals_zero,0.04345071538,0.1266212625,0.03649930486,0.1455044612,kline_close_unadjusted
2026-06-16,JNJ,10,0.4248108659,0.5664144878,0,FULL_ASOF_PANEL,68,daily_klines_as_of_membership,unavailable_as_of_equals_zero,-0.004167021005,-0.01654052215,0.0247470023,0.0799387703,kline_close_unadjusted
2026-06-16,NBIS,11,0.4180657536,0.5574210048,0,FULL_ASOF_PANEL,68,daily_klines_as_of_membership,unavailable_as_of_equals_zero,0.0596378725,0.06982270841,-0.02052055828,-0.1354960392,kline_close_unadjusted
2026-06-16,IR,12,0.4123618157,0.5498157543,0,FULL_ASOF_PANEL,68,daily_klines_as_of_membership,unavailable_as_of_equals_zero,-0.01846663271,-0.008278145695,-0.002547121752,0.0298013245,kline_close_unadjusted
2026-06-16,FTNT,13,0.4051838982,0.5402451976,0,FULL_ASOF_PANEL,68,daily_klines_as_of_membership,unavailable_as_of_equals_zero,-0.01958917154,-0.01108692695,-0.01183512447,0.08134947626,kline_close_unadjusted
2026-06-16,NUE,14,0.4050549633,0.5400732845,0,FULL_ASOF_PANEL,68,daily_klines_as_of_membership,unavailable_as_of_equals_zero,-0.02506575894,-0.05473464335,-0.07179328485,-0.1527928207,kline_close_unadjusted
2026-06-16,CASY,15,0.4046959971,0.5395946628,0,FULL_ASOF_PANEL,68,daily_klines_as_of_membership,unavailable_as_of_equals_zero,-0.01667668269,-0.0388429179,-0.07388359837,-0.09361131657,kline_close_unadjusted
2026-06-16,DLR,16,0.4033571082,0.5378094775,0,FULL_ASOF_PANEL,68,daily_klines_as_of_membership,unavailable_as_of_equals_zero,-0.01769493305,0.02672617485,0.01349435547,-0.0741927015,kline_close_unadjusted
2026-06-16,AMD,17,0.3974454203,0.5299272271,0,FULL_ASOF_PANEL,68,daily_klines_as_of_membership,unavailable_as_of_equals_zero,0.01023083443,0.08740562597,0.02454217509,0.06621459126,kline_close_unadjusted
2026-06-16,GS,18,0.3960265102,0.5280353469,0,FULL_ASOF_PANEL,68,daily_klines_as_of_membership,unavailable_as_of_equals_zero,0.007765868686,0.01439482153,-0.01261609836,-0.06515261261,kline_close_unadjusted
2026-06-16,AWK,19,0.3922875191,0.5230500254,0,FULL_ASOF_PANEL,68,daily_klines_as_of_membership,unavailable_as_of_equals_zero,-0.02381879038,-0.02763291041,0.009107184557,0.02584260917,kline_close_unadjusted
2026-06-16,AJG,20,0.3827897878,0.5103863838,0,FULL_ASOF_PANEL,68,daily_klines_as_of_membership,unavailable_as_of_equals_zero,0.0008800370542,-0.03158869847,0.02251042149,0.1100972673,kline_close_unadjusted
2026-06-16,AON,21,0.373032934,0.4973772454,0,FULL_ASOF_PANEL,68,daily_klines_as_of_membership,unavailable_as_of_equals_zero,-0.01436114044,-0.05376376527,-0.01801176648,0.03653643083,kline_close_unadjusted
2026-06-16,TSLA,22,0.3729714495,0.4972952661,0,FULL_ASOF_PANEL,68,daily_klines_as_of_membership,unavailable_as_of_equals_zero,-0.0204616221,0.0009637720556,-0.07198635892,0.05100578263,kline_close_unadjusted
2026-06-16,ABNB,23,0.3669336446,0.4892448594,0,FULL_ASOF_PANEL,68,daily_klines_as_of_membership,unavailable_as_of_equals_zero,-0.004674220963,-0.01423512748,0.02266288952,0.04327195467,kline_close_unadjusted
2026-06-16,PANW,24,0.3656852897,0.4875803863,0,FULL_ASOF_PANEL,68,daily_klines_as_of_membership,unavailable_as_of_equals_zero,0.007967131118,0.02322257949,0.01914969632,0.2577349053,kline_close_unadjusted
2026-06-16,EXPE,25,0.3609097151,0.4812129535,0,FULL_ASOF_PANEL,68,daily_klines_as_of_membership,unavailable_as_of_equals_zero,-0.01679257678,-0.02274593529,0.07632616193,0.08613893907,kline_close_unadjusted
2026-06-16,ALLE,26,0.3466255061,0.4621673415,0,FULL_ASOF_PANEL,68,daily_klines_as_of_membership,unavailable_as_of_equals_zero,-0.03477422703,-0.02921331653,-0.006450656187,0.03751760955,kline_close_unadjusted
2026-06-16,NFLX,27,0.3413160091,0.4550880121,0,FULL_ASOF_PANEL,68,daily_klines_as_of_membership,unavailable_as_of_equals_zero,-0.02235772358,-0.07418699187,-0.08739837398,-0.05754573171,kline_close_unadjusted
2026-06-16,SHOP,28,0.3381391112,0.4508521482,0,FULL_ASOF_PANEL,68,daily_klines_as_of_membership,unavailable_as_of_equals_zero,-0.04539433012,-0.04636580412,0.008301686832,0.07418528658,kline_close_unadjusted
2026-06-16,ABBV,29,0.3367683172,0.4490244229,0,FULL_ASOF_PANEL,68,daily_klines_as_of_membership,unavailable_as_of_equals_zero,-0.005573785229,0.03389221019,0.05582775206,0.1285117094,kline_close_unadjusted
2026-06-16,KO,30,0.3330479761,0.4440639681,0,FULL_ASOF_PANEL,68,daily_klines_as_of_membership,unavailable_as_of_equals_zero,-0.004359740907,-0.009342301943,0.003986048829,0.01258096662,kline_close_unadjusted
2026-06-16,PYPL,31,0.327042405,0.43605654,0,FULL_ASOF_PANEL,68,daily_klines_as_of_membership,unavailable_as_of_equals_zero,-0.03596792669,-0.03001145475,-0.02680412371,0.009621993127,kline_close_unadjusted
2026-06-16,VRTX,32,0.3209652005,0.4279536007,0,FULL_ASOF_PANEL,68,daily_klines_as_of_membership,unavailable_as_of_equals_zero,0.0128428625,0.03005494627,0.04861310325,0.09894741488,kline_close_unadjusted
2026-06-16,TXN,33,0.3180524473,0.4240699298,0,FULL_ASOF_PANEL,68,daily_klines_as_of_membership,unavailable_as_of_equals_zero,-0.01252821301,0.08691243335,-0.008504792123,-0.02387883942,kline_close_unadjusted
2026-06-16,MA,34,0.3173979485,0.4231972647,0,FULL_ASOF_PANEL,68,daily_klines_as_of_membership,unavailable_as_of_equals_zero,-0.0166646685,-0.03444830756,-0.0138272789,0.0421811933,kline_close_unadjusted
2026-06-16,AVGO,35,0.3008720224,0.4011626966,0,FULL_ASOF_PANEL,68,daily_klines_as_of_membership,unavailable_as_of_equals_zero,0.0430516407,0.04273254268,0.01598149232,-0.01786948891,kline_close_unadjusted
2026-06-17,STX,1,0.6168634979,0.8224846639,0,FULL_ASOF_PANEL,68,daily_klines_as_of_membership,unavailable_as_of_equals_zero,0.003904987554,-0.02579473269,-0.03751880051,-0.230135191,kline_close_unadjusted
2026-06-17,MRNA,2,0.5546974088,0.7395965451,0,FULL_ASOF_PANEL,68,daily_klines_as_of_membership,unavailable_as_of_equals_zero,0.03495145631,-0.01294498382,-0.03317152104,0.2906148867,kline_close_unadjusted
2026-06-17,HOOD,3,0.5232673011,0.6976897349,0,FULL_ASOF_PANEL,68,daily_klines_as_of_membership,unavailable_as_of_equals_zero,0.0280418251,-0.01853612167,-0.1115019011,0.07157794677,kline_close_unadjusted
2026-06-17,ASML,4,0.5115823002,0.6821097336,0,FULL_ASOF_PANEL,68,daily_klines_as_of_membership,unavailable_as_of_equals_zero,0.03311334543,-0.0478469668,-0.01426784022,-0.05274039929,kline_close_unadjusted
2026-06-17,NBIS,5,0.4818553308,0.6424737744,0,FULL_ASOF_PANEL,68,daily_klines_as_of_membership,unavailable_as_of_equals_zero,0.02057598519,-0.02014880211,-0.08643337724,-0.232423196,kline_close_unadjusted
2026-06-17,KDP,6,0.4695634364,0.6260845819,0,FULL_ASOF_PANEL,68,daily_klines_as_of_membership,unavailable_as_of_equals_zero,-0.004240052185,-0.0006523157208,0.05316373125,0.08610567515,kline_close_unadjusted
2026-06-17,IR,7,0.4667464978,0.6223286637,0,FULL_ASOF_PANEL,68,daily_klines_as_of_membership,unavailable_as_of_equals_zero,0.01089918256,-0.005579343454,0.06007525626,0.04567276502,kline_close_unadjusted
2026-06-17,MMM,8,0.4445432302,0.592724307,0,FULL_ASOF_PANEL,68,daily_klines_as_of_membership,unavailable_as_of_equals_zero,0.008603906299,0.01639138353,0.05488915405,0.007599070527,kline_close_unadjusted
2026-06-17,APP,9,0.427382494,0.5698433254,0,FULL_ASOF_PANEL,68,daily_klines_as_of_membership,unavailable_as_of_equals_zero,-0.02039667146,-0.02600679889,-0.06999103214,0.09920957684,kline_close_unadjusted
2026-06-17,JNJ,10,0.4222237018,0.5629649358,0,FULL_ASOF_PANEL,68,daily_klines_as_of_membership,unavailable_as_of_equals_zero,-0.02480785653,0.02083689155,0.04560204953,0.1231426132,kline_close_unadjusted
2026-06-17,MELI,11,0.3983730849,0.5311641132,0,FULL_ASOF_PANEL,68,daily_klines_as_of_membership,unavailable_as_of_equals_zero,0.002040727656,-0.02951299957,-0.007702994675,0.08060944716,kline_close_unadjusted
2026-06-17,DLR,12,0.3956812158,0.5275749544,0,FULL_ASOF_PANEL,68,daily_klines_as_of_membership,unavailable_as_of_equals_zero,0.005719478298,0.04233483002,0.02865084456,-0.07365832799,kline_close_unadjusted
2026-06-17,NUE,13,0.3950775761,0.5267701014,0,FULL_ASOF_PANEL,68,daily_klines_as_of_membership,unavailable_as_of_equals_zero,-0.03479606412,-0.0514600857,-0.01471988573,-0.1241469608,kline_close_unadjusted
2026-06-17,FTNT,14,0.3843718701,0.5124958268,0,FULL_ASOF_PANEL,68,daily_klines_as_of_membership,unavailable_as_of_equals_zero,0.004093242681,0.02677951991,0.04016927987,0.08401554045,kline_close_unadjusted
2026-06-17,AMD,15,0.382167892,0.5095571893,0,FULL_ASOF_PANEL,68,daily_klines_as_of_membership,unavailable_as_of_equals_zero,0.04856774899,0.01438104902,0.03920152982,0.01041991883,kline_close_unadjusted
2026-06-17,GS,16,0.3714083932,0.495211191,0,FULL_ASOF_PANEL,68,daily_klines_as_of_membership,unavailable_as_of_equals_zero,-0.002347198719,-0.004276161363,-0.03097876522,-0.07109194461,kline_close_unadjusted
2026-06-17,AWK,17,0.3683028758,0.4910705011,0,FULL_ASOF_PANEL,68,daily_klines_as_of_membership,unavailable_as_of_equals_zero,-0.002711107567,0.009488876485,0.03659995216,0.09130053425,kline_close_unadjusted
2026-06-17,AMAT,18,0.3591707181,0.4788942908,0,FULL_ASOF_PANEL,68,daily_klines_as_of_membership,unavailable_as_of_equals_zero,0.04079808406,-0.01187343992,0.1266275383,0.01706806989,kline_close_unadjusted
2026-06-17,ABNB,19,0.3561770007,0.4749026676,0,FULL_ASOF_PANEL,68,daily_klines_as_of_membership,unavailable_as_of_equals_zero,0.01330582041,-0.01202504625,0.009534652056,0.05969830653,kline_close_unadjusted
2026-06-17,TSLA,20,0.3543735922,0.4724981229,0,FULL_ASOF_PANEL,68,daily_klines_as_of_membership,unavailable_as_of_equals_zero,0.01036883798,-0.03726222312,-0.05363540037,-0.007391896665,kline_close_unadjusted
2026-06-17,ABBV,21,0.354159107,0.4722121427,0,FULL_ASOF_PANEL,68,daily_klines_as_of_membership,unavailable_as_of_equals_zero,-0.0214256656,0.06115807079,0.0990372011,0.1800840754,kline_close_unadjusted
2026-06-17,AON,22,0.3531089536,0.4708119382,0,FULL_ASOF_PANEL,68,daily_klines_as_of_membership,unavailable_as_of_equals_zero,-0.02739600233,-0.01821298479,-0.03287520279,0.0941871499,kline_close_unadjusted
2026-06-17,PANW,23,0.3505131642,0.4673508857,0,FULL_ASOF_PANEL,68,daily_klines_as_of_membership,unavailable_as_of_equals_zero,0.02002622904,0.03113812781,0.03884733988,0.2336865984,kline_close_unadjusted
2026-06-17,VRTX,24,0.3455239048,0.4606985397,0,FULL_ASOF_PANEL,68,daily_klines_as_of_membership,unavailable_as_of_equals_zero,-0.01603520774,0.02054510992,0.04616658315,0.1504390074,kline_close_unadjusted
2026-06-17,AJG,25,0.3216942856,0.4289257142,0,FULL_ASOF_PANEL,68,daily_klines_as_of_membership,unavailable_as_of_equals_zero,-0.009394233884,-0.00143458744,0.008191031515,0.1682169466,kline_close_unadjusted
2026-06-17,NFLX,26,0.31490328,0.4198710401,0,FULL_ASOF_PANEL,68,daily_klines_as_of_membership,unavailable_as_of_equals_zero,0.005457380457,-0.05379417879,-0.07874220374,0.008965696466,kline_close_unadjusted
2026-06-17,PYPL,27,0.3095016452,0.4126688603,0,FULL_ASOF_PANEL,68,daily_klines_as_of_membership,unavailable_as_of_equals_zero,0.01021863118,-0.009030418251,0.007129277567,0.0805608365,kline_close_unadjusted
2026-06-17,SHOP,28,0.3079528774,0.4106038366,0,FULL_ASOF_PANEL,68,daily_klines_as_of_membership,unavailable_as_of_equals_zero,0.007031177722,-0.00379313535,0.03265797021,0.1051901193,kline_close_unadjusted
2026-06-18,STX,1,0.5428843376,0.7238457835,0,FULL_ASOF_PANEL,68,daily_klines_as_of_membership,unavailable_as_of_equals_zero,0.02226294776,-0.07128631404,-0.1585709076,-0.188155102,kline_close_unadjusted
2026-06-18,NBIS,2,0.5360666388,0.7147555184,0,FULL_ASOF_PANEL,68,daily_klines_as_of_membership,unavailable_as_of_equals_zero,-0.01074331159,-0.09428302347,-0.1618124106,-0.2569674561,kline_close_unadjusted
2026-06-18,FTNT,3,0.5333027086,0.7110702781,0,FULL_ASOF_PANEL,68,daily_klines_as_of_membership,unavailable_as_of_equals_zero,0.004560215574,0.003800179645,0.04574034409,0.121743937,kline_close_unadjusted
2026-06-18,MRNA,4,0.5205651519,0.6940868692,0,FULL_ASOF_PANEL,68,daily_klines_as_of_membership,unavailable_as_of_equals_zero,-0.07215447154,-0.05534709193,0.05175109443,0.2789243277,kline_close_unadjusted
2026-06-18,TXN,5,0.474970777,0.6332943693,0,FULL_ASOF_PANEL,68,daily_klines_as_of_membership,unavailable_as_of_equals_zero,0.02917673295,-0.06117202503,-0.115948089,-0.05996407111,kline_close_unadjusted
2026-06-18,IR,6,0.4637889652,0.6183852869,0,FULL_ASOF_PANEL,68,daily_klines_as_of_membership,unavailable_as_of_equals_zero,-0.0005134129123,0.005262482351,0.04441021692,0.03491207804,kline_close_unadjusted
2026-06-18,KDP,7,0.458957257,0.6119430094,0,FULL_ASOF_PANEL,68,daily_klines_as_of_membership,unavailable_as_of_equals_zero,0.003603013429,0.02096298723,0.09400589584,0.0399606944,kline_close_unadjusted
2026-06-18,AMD,8,0.4556860722,0.6075814296,0,FULL_ASOF_PANEL,68,daily_klines_as_of_membership,unavailable_as_of_equals_zero,0.02653665072,-0.03280793494,-0.02938385098,0.02731823511,kline_close_unadjusted
2026-06-18,MMM,9,0.4549005023,0.6065340031,0,FULL_ASOF_PANEL,68,daily_klines_as_of_membership,unavailable_as_of_equals_zero,0.01631382316,0.03306351183,0.02123287671,-0.00902864259,kline_close_unadjusted
2026-06-18,ABNB,10,0.4539034638,0.6052046184,0,FULL_ASOF_PANEL,68,daily_klines_as_of_membership,unavailable_as_of_equals_zero,-0.02261077172,0.0139737378,0.0221192332,0.03679516888,kline_close_unadjusted
2026-06-18,EXPE,11,0.4536099187,0.604813225,0,FULL_ASOF_PANEL,68,daily_klines_as_of_membership,unavailable_as_of_equals_zero,-0.01195516812,0.08821087588,0.09090909091,0.1073474471,kline_close_unadjusted
2026-06-18,JNJ,12,0.4495790031,0.5994386707,0,FULL_ASOF_PANEL,68,daily_klines_as_of_membership,unavailable_as_of_equals_zero,0.0126975787,0.05521257498,0.1150225491,0.1354700293,kline_close_unadjusted
2026-06-18,VRTX,13,0.4315799504,0.5754399338,0,FULL_ASOF_PANEL,68,daily_klines_as_of_membership,unavailable_as_of_equals_zero,0.03356730067,0.05218873857,0.08792595709,0.1726191794,kline_close_unadjusted
2026-06-18,ABBV,14,0.4205993335,0.5607991113,0,FULL_ASOF_PANEL,68,daily_klines_as_of_membership,unavailable_as_of_equals_zero,0.06245092152,0.0849923784,0.1702619059,0.1767749088,kline_close_unadjusted
2026-06-18,HOOD,15,0.410046486,0.546728648,0,FULL_ASOF_PANEL,68,daily_klines_as_of_membership,unavailable_as_of_equals_zero,-0.02256125751,-0.1013407305,-0.08747110495,0.08691631993,kline_close_unadjusted
2026-06-18,AWK,16,0.40728509,0.5430467867,0,FULL_ASOF_PANEL,68,daily_klines_as_of_membership,unavailable_as_of_equals_zero,-0.001199328376,0.03653953786,0.06084592628,0.06412409051,kline_close_unadjusted
2026-06-18,GS,17,0.3861465568,0.5148620757,0,FULL_ASOF_PANEL,68,daily_klines_as_of_membership,unavailable_as_of_equals_zero,0.008946066887,-0.01791976564,-0.07017408348,-0.03763596724,kline_close_unadjusted
2026-06-18,ALL,18,0.3838072956,0.5117430608,0,FULL_ASOF_PANEL,68,daily_klines_as_of_membership,unavailable_as_of_equals_zero,0.006284758331,0.05592982773,0.08337477958,0.1229823213,kline_close_unadjusted
2026-06-18,PANW,19,0.381177086,0.5082361146,0,FULL_ASOF_PANEL,68,daily_klines_as_of_membership,unavailable_as_of_equals_zero,-0.004795329766,-0.008756689138,0.05705747446,0.2423726458,kline_close_unadjusted
2026-06-18,ASML,20,0.359696858,0.4795958107,0,FULL_ASOF_PANEL,68,daily_klines_as_of_membership,unavailable_as_of_equals_zero,-0.0002228866847,-0.08649625396,-0.06999092751,-0.05421116174,kline_close_unadjusted
2026-06-18,APP,21,0.3560392841,0.4747190454,0,FULL_ASOF_PANEL,68,daily_klines_as_of_membership,unavailable_as_of_equals_zero,-0.0006812714228,-0.01011262268,0.01569053246,0.1577143344,kline_close_unadjusted
2026-06-18,AJG,22,0.3520988145,0.469465086,0,FULL_ASOF_PANEL,68,daily_klines_as_of_membership,unavailable_as_of_equals_zero,-0.02326450528,0.03129963562,0.05582546949,0.1668223862,kline_close_unadjusted
2026-06-18,KO,23,0.3518718666,0.4691624888,0,FULL_ASOF_PANEL,68,daily_klines_as_of_membership,unavailable_as_of_equals_zero,0.001763446278,0.01524121426,0.04081118529,0.04496788009,kline_close_unadjusted
2026-06-18,BIIB,24,0.3501652377,0.4668869836,0,FULL_ASOF_PANEL,68,daily_klines_as_of_membership,unavailable_as_of_equals_zero,0.01592227083,0.01531183233,0.0989419066,0.06043341133,kline_close_unadjusted
2026-06-18,WTW,25,0.3464517846,0.4619357128,0,FULL_ASOF_PANEL,68,daily_klines_as_of_membership,unavailable_as_of_equals_zero,-0.008771239773,0.02477973568,0.0402375708,0.1314505979,kline_close_unadjusted
2026-06-18,NFLX,26,0.3434752301,0.4579669735,0,FULL_ASOF_PANEL,68,daily_klines_as_of_membership,unavailable_as_of_equals_zero,-0.0581545619,-0.07159472732,-0.04613595244,-0.01757560093,kline_close_unadjusted
2026-06-18,TSLA,27,0.3401543136,0.4535390848,0,FULL_ASOF_PANEL,68,daily_klines_as_of_membership,unavailable_as_of_equals_zero,0.01138605209,-0.06232365352,-0.05188643911,0.04814102724,kline_close_unadjusted
2026-06-18,PYPL,28,0.3249075543,0.4332100724,0,FULL_ASOF_PANEL,68,daily_klines_as_of_membership,unavailable_as_of_equals_zero,-0.003999059045,-0.000705716302,0.04187250059,0.06069160198,kline_close_unadjusted
2026-06-18,MDT,29,0.323231233,0.4309749774,0,FULL_ASOF_PANEL,68,daily_klines_as_of_membership,unavailable_as_of_equals_zero,-0.0008903586874,0.01004833376,0.03001780717,0.0564741796,kline_close_unadjusted
2026-06-18,NUE,30,0.3201054082,0.426807211,0,FULL_ASOF_PANEL,68,daily_klines_as_of_membership,unavailable_as_of_equals_zero,0.004521724832,-0.01360628109,-0.0166481687,-0.07954125046,kline_close_unadjusted
2026-06-18,DLR,31,0.3197318039,0.4263090718,0,FULL_ASOF_PANEL,68,daily_klines_as_of_membership,unavailable_as_of_equals_zero,0.03927717247,0.02588360351,0.02577730534,-0.07680042519,kline_close_unadjusted
2026-06-18,MA,32,0.3194559389,0.4259412519,0,FULL_ASOF_PANEL,68,daily_klines_as_of_membership,unavailable_as_of_equals_zero,-0.01165834901,0.009449398675,0.01887834411,0.08858299926,kline_close_unadjusted
2026-06-18,AMZN,33,0.3150291311,0.4200388415,0,FULL_ASOF_PANEL,68,daily_klines_as_of_membership,unavailable_as_of_equals_zero,-0.04746511723,-0.04140922296,-0.04787429928,-0.0009411187037,kline_close_unadjusted
2026-06-18,CRM,34,0.314467333,0.4192897774,0,FULL_ASOF_PANEL,68,daily_klines_as_of_membership,unavailable_as_of_equals_zero,-0.01093688233,0.006456713665,0.04341810515,0.0913822638,kline_close_unadjusted
2026-06-18,FFIV,35,0.3142847377,0.4190463169,0,FULL_ASOF_PANEL,68,daily_klines_as_of_membership,unavailable_as_of_equals_zero,0.01499390386,-0.00184181172,0.02345067317,0.08700614802,kline_close_unadjusted
2026-06-18,ADBE,36,0.3069286395,0.409238186,0,FULL_ASOF_PANEL,68,daily_klines_as_of_membership,unavailable_as_of_equals_zero,-0.001332283904,0.007225078092,0.03878995827,0.1173947086,kline_close_unadjusted
2026-06-18,AVGO,37,0.3035039599,0.4046719465,0,FULL_ASOF_PANEL,68,daily_klines_as_of_membership,unavailable_as_of_equals_zero,-0.04521548576,-0.06971025079,-0.1112247383,-0.08960311663,kline_close_unadjusted
2026-06-22,NBIS,1,0.5837110147,0.7782813529,0,FULL_ASOF_PANEL,68,daily_klines_as_of_membership,unavailable_as_of_equals_zero,-0.02947709883,-0.09513063714,-0.07919325835,-0.3117661578,kline_close_unadjusted
2026-06-22,MRNA,2,0.5550666223,0.7400888298,0,FULL_ASOF_PANEL,68,daily_klines_as_of_membership,unavailable_as_of_equals_zero,0.02788777488,0.0068245008,0.1744881624,0.3441738984,kline_close_unadjusted
2026-06-22,STX,3,0.5238610211,0.6984813615,0,FULL_ASOF_PANEL,68,daily_klines_as_of_membership,unavailable_as_of_equals_zero,-0.0507180097,-0.06214213848,-0.1141223818,-0.2429891155,kline_close_unadjusted
2026-06-22,FTNT,4,0.5013834512,0.6685112683,0,FULL_ASOF_PANEL,68,daily_klines_as_of_membership,unavailable_as_of_equals_zero,0.01795171607,0.0312263567,0.06898686292,0.09134053236,kline_close_unadjusted
2026-06-22,TXN,5,0.4950714429,0.6600952572,0,FULL_ASOF_PANEL,68,daily_klines_as_of_membership,unavailable_as_of_equals_zero,-0.08402552065,-0.06160467076,-0.1408450704,-0.1173107018,kline_close_unadjusted
2026-06-22,VRTX,6,0.4942343043,0.6589790723,0,FULL_ASOF_PANEL,68,daily_klines_as_of_membership,unavailable_as_of_equals_zero,0.003491934275,0.02868527603,0.07039568114,0.118811457,kline_close_unadjusted
2026-06-22,ABBV,7,0.4865262869,0.6487017159,0,FULL_ASOF_PANEL,68,daily_klines_as_of_membership,unavailable_as_of_equals_zero,0.02065127603,0.05708447459,0.1056475805,0.1071257771,kline_close_unadjusted
2026-06-22,IR,8,0.4470023206,0.5960030942,0,FULL_ASOF_PANEL,68,daily_klines_as_of_membership,unavailable_as_of_equals_zero,-0.0157955567,0.04918453833,0.0399383588,0.01078720945,kline_close_unadjusted
2026-06-22,JNJ,9,0.430218981,0.573625308,0,FULL_ASOF_PANEL,68,daily_klines_as_of_membership,unavailable_as_of_equals_zero,0.03368066064,0.05875740412,0.1176877513,0.1554325738,kline_close_unadjusted
2026-06-22,EXPE,10,0.4290855084,0.5721140112,0,FULL_ASOF_PANEL,68,daily_klines_as_of_membership,unavailable_as_of_equals_zero,0.02961935972,0.05432316612,0.1145281909,0.1338122847,kline_close_unadjusted
2026-06-22,BIIB,11,0.4194867066,0.5593156088,0,FULL_ASOF_PANEL,68,daily_klines_as_of_membership,unavailable_as_of_equals_zero,-0.01261829653,0.01126633619,0.08472284813,0.02999349056,kline_close_unadjusted
2026-06-22,KDP,12,0.4174590773,0.556612103,0,FULL_ASOF_PANEL,68,daily_klines_as_of_membership,unavailable_as_of_equals_zero,0,0.05385117493,0.09334203655,0.02774151436,kline_close_unadjusted
2026-06-22,DLR,13,0.4050863199,0.5401150932,0,FULL_ASOF_PANEL,68,daily_klines_as_of_membership,unavailable_as_of_equals_zero,-0.002761583308,-0.0158535338,-0.02536565409,-0.1055538509,kline_close_unadjusted
2026-06-22,ABNB,14,0.402286608,0.5363821439,0,FULL_ASOF_PANEL,68,daily_klines_as_of_membership,unavailable_as_of_equals_zero,-0.002442704217,0.01932610101,0.05733170486,0.06904231626,kline_close_unadjusted
2026-06-22,ALL,15,0.4016099078,0.5354798771,0,FULL_ASOF_PANEL,68,daily_klines_as_of_membership,unavailable_as_of_equals_zero,0.04039360173,0.04061826024,0.08456146657,0.129852624,kline_close_unadjusted
2026-06-22,AMD,16,0.3796131852,0.5061509136,0,FULL_ASOF_PANEL,68,daily_klines_as_of_membership,unavailable_as_of_equals_zero,-0.05761107989,-0.03455214546,-0.02200750503,-0.06439098671,kline_close_unadjusted
2026-06-22,HOOD,17,0.3724676583,0.4966235443,0,FULL_ASOF_PANEL,68,daily_klines_as_of_membership,unavailable_as_of_equals_zero,-0.0232712137,-0.1157884779,-0.03670419071,0.06801627093,kline_close_unadjusted
2026-06-22,MMM,18,0.3701941897,0.493592253,0,FULL_ASOF_PANEL,68,daily_klines_as_of_membership,unavailable_as_of_equals_zero,-0.00845484622,0.02910182576,-0.004840093126,-0.03192010783,kline_close_unadjusted
2026-06-22,EME,19,0.3699317753,0.4932423671,0,FULL_ASOF_PANEL,68,daily_klines_as_of_membership,unavailable_as_of_equals_zero,-0.03485399779,-0.007161938099,-0.06271877303,-0.1157194178,kline_close_unadjusted
2026-06-22,AWK,20,0.3603403136,0.4804537514,0,FULL_ASOF_PANEL,68,daily_klines_as_of_membership,unavailable_as_of_equals_zero,0.01344860711,0.04066602626,0.06067883445,0.07925072046,kline_close_unadjusted
2026-06-22,GS,21,0.3602935752,0.4803914336,0,FULL_ASOF_PANEL,68,daily_klines_as_of_membership,unavailable_as_of_equals_zero,-0.01078310149,-0.03731120692,-0.07787629816,-0.05729547981,kline_close_unadjusted
2026-06-22,PANW,22,0.3514781189,0.4686374919,0,FULL_ASOF_PANEL,68,daily_klines_as_of_membership,unavailable_as_of_equals_zero,0.0157646648,0.02335893855,0.1592178771,0.1768156425,kline_close_unadjusted
2026-06-22,KO,23,0.3478470551,0.4637960734,0,FULL_ASOF_PANEL,68,daily_klines_as_of_membership,unavailable_as_of_equals_zero,0.009807619766,0.01119074563,0.03923047906,0.05683389916,kline_close_unadjusted
2026-06-22,ASML,24,0.3459994176,0.4613325568,0,FULL_ASOF_PANEL,68,daily_klines_as_of_membership,unavailable_as_of_equals_zero,-0.0781599067,-0.0456498121,-0.02391602955,-0.09432162758,kline_close_unadjusted
2026-06-22,APP,25,0.3412198194,0.4549597593,0,FULL_ASOF_PANEL,68,daily_klines_as_of_membership,unavailable_as_of_equals_zero,-0.005049106287,-0.04997976097,0.06257057031,0.1248215769,kline_close_unadjusted
2026-06-22,NFLX,26,0.3238753248,0.4318337664,0,FULL_ASOF_PANEL,68,daily_klines_as_of_membership,unavailable_as_of_equals_zero,-0.0008232711306,-0.02716794731,0.01234906696,0.04527991218,kline_close_unadjusted
2026-06-22,FFIV,27,0.319524555,0.4260327399,0,FULL_ASOF_PANEL,68,daily_klines_as_of_membership,unavailable_as_of_equals_zero,-0.004447057019,-0.01344340225,0.0493009942,0.06604135252,kline_close_unadjusted
2026-06-22,REGN,28,0.3089791093,0.4119721457,0,FULL_ASOF_PANEL,68,daily_klines_as_of_membership,unavailable_as_of_equals_zero,0.009028571429,0.01247346939,0.03152653061,0.1040489796,kline_close_unadjusted
2026-06-22,MDT,29,0.3088010923,0.4117347897,0,FULL_ASOF_PANEL,68,daily_klines_as_of_membership,unavailable_as_of_equals_zero,0.01731381286,0.01591343094,0.0302991725,0.06721833227,kline_close_unadjusted
2026-06-23,ABBV,1,0.5316384546,0.7088512729,0,FULL_ASOF_PANEL,68,daily_klines_as_of_membership,unavailable_as_of_equals_zero,0.0005537570285,0.07918725507,0.07190322031,0.0765888567,kline_close_unadjusted
2026-06-23,FTNT,2,0.5110735151,0.6814313535,0,FULL_ASOF_PANEL,68,daily_klines_as_of_membership,unavailable_as_of_equals_zero,-0.01837837838,0.02263513514,0.03797297297,0.05885135135,kline_close_unadjusted
2026-06-23,MRNA,3,0.482627944,0.6435039253,0,FULL_ASOF_PANEL,68,daily_klines_as_of_membership,unavailable_as_of_equals_zero,-0.009508196721,0.1027868852,0.1480327869,0.2098360656,kline_close_unadjusted
2026-06-23,ALL,4,0.4796959484,0.6395945979,0,FULL_ASOF_PANEL,68,daily_klines_as_of_membership,unavailable_as_of_equals_zero,0.0085942561,0.03480889657,0.0275966314,0.08473331894,kline_close_unadjusted
2026-06-23,JNJ,5,0.4712831582,0.6283775443,0,FULL_ASOF_PANEL,68,daily_klines_as_of_membership,unavailable_as_of_equals_zero,0.008030784675,0.06516647147,0.06228040823,0.1017232725,kline_close_unadjusted
2026-06-23,EXPE,6,0.4667190705,0.622292094,0,FULL_ASOF_PANEL,68,daily_klines_as_of_membership,unavailable_as_of_equals_zero,0.06969437304,0.07234667646,0.04410984617,0.06218631411,kline_close_unadjusted
2026-06-23,VRTX,7,0.4564913516,0.6086551354,0,FULL_ASOF_PANEL,68,daily_klines_as_of_membership,unavailable_as_of_equals_zero,0.01447418983,0.04893044703,0.06043721447,0.0640664361,kline_close_unadjusted
2026-06-23,DLR,8,0.4179353478,0.5572471304,0,FULL_ASOF_PANEL,68,daily_klines_as_of_membership,unavailable_as_of_equals_zero,-0.01015384615,-0.01025641026,-0.07907692308,-0.0958974359,kline_close_unadjusted
2026-06-23,KDP,9,0.4146028344,0.5528037792,0,FULL_ASOF_PANEL,68,daily_klines_as_of_membership,unavailable_as_of_equals_zero,0.01729765013,0.09007832898,0.06821148825,0.01077023499,kline_close_unadjusted
2026-06-23,GS,10,0.4109839015,0.5479785354,0,FULL_ASOF_PANEL,68,daily_klines_as_of_membership,unavailable_as_of_equals_zero,-0.01601723402,-0.06837278137,-0.07590174664,-0.05920827631,kline_close_unadjusted
2026-06-23,IR,11,0.4102382664,0.5469843552,0,FULL_ASOF_PANEL,68,daily_klines_as_of_membership,unavailable_as_of_equals_zero,0.02192066806,0.061717119,0.06980688935,0.0009133611691,kline_close_unadjusted
2026-06-23,STX,12,0.3972099057,0.5296132076,0,FULL_ASOF_PANEL,68,daily_klines_as_of_membership,unavailable_as_of_equals_zero,-0.04297345474,-0.1329190153,-0.07019318784,-0.1713446066,kline_close_unadjusted
2026-06-23,WELL,13,0.3818105171,0.5090806894,0,FULL_ASOF_PANEL,68,daily_klines_as_of_membership,unavailable_as_of_equals_zero,0.01727385492,0.04437910599,0.04272522626,0.07456241099,kline_close_unadjusted
2026-06-23,ABNB,14,0.3771659245,0.5028878994,0,FULL_ASOF_PANEL,68,daily_klines_as_of_membership,unavailable_as_of_equals_zero,0.03997119193,0.04832553115,0.0306085704,0.02952826792,kline_close_unadjusted
2026-06-23,NBIS,15,0.3741620015,0.4988826686,0,FULL_ASOF_PANEL,68,daily_klines_as_of_membership,unavailable_as_of_equals_zero,-0.05663941871,-0.1269754768,0.003342415985,-0.2135149864,kline_close_unadjusted
2026-06-23,BIIB,16,0.3640240965,0.485365462,0,FULL_ASOF_PANEL,68,daily_klines_as_of_membership,unavailable_as_of_equals_zero,0.01217100259,0.0955423703,0.09569450784,0.01607586592,kline_close_unadjusted
2026-06-23,AJG,17,0.3550000318,0.4733333757,0,FULL_ASOF_PANEL,68,daily_klines_as_of_membership,unavailable_as_of_equals_zero,0.02307906201,0.04740939846,0.06390768375,0.1892205024,kline_close_unadjusted
2026-06-23,WTW,18,0.3499660344,0.4666213792,0,FULL_ASOF_PANEL,68,daily_klines_as_of_membership,unavailable_as_of_equals_zero,0.01539420866,0.03071047196,0.01862894111,0.1402626759,kline_close_unadjusted
2026-06-23,KO,19,0.3481191397,0.4641588529,0,FULL_ASOF_PANEL,68,daily_klines_as_of_membership,unavailable_as_of_equals_zero,0.003611007347,0.02888805877,0.01195367949,0.03847590586,kline_close_unadjusted
2026-06-23,MMM,20,0.34291951,0.4572260133,0,FULL_ASOF_PANEL,68,daily_klines_as_of_membership,unavailable_as_of_equals_zero,0.02514829461,0.0134083045,0.0004325259516,-0.04411764706,kline_close_unadjusted
2026-06-23,ASML,21,0.3395924885,0.4527899847,0,FULL_ASOF_PANEL,68,daily_klines_as_of_membership,unavailable_as_of_equals_zero,-0.008822239466,0.009086513051,0.1186306692,-0.005516008232,kline_close_unadjusted
2026-06-23,AWK,22,0.3381483326,0.4508644435,0,FULL_ASOF_PANEL,68,daily_klines_as_of_membership,unavailable_as_of_equals_zero,0.02401263823,0.04802527646,0.03933649289,0.04170616114,kline_close_unadjusted
2026-06-23,MDT,23,0.3364625989,0.4486167985,0,FULL_ASOF_PANEL,68,daily_klines_as_of_membership,unavailable_as_of_equals_zero,-0.006257039169,0.01339006382,-0.02102365161,0.02627956451,kline_close_unadjusted
2026-06-23,PANW,24,0.3356265436,0.4475020582,0,FULL_ASOF_PANEL,68,daily_klines_as_of_membership,unavailable_as_of_equals_zero,-0.01943866765,0.0456662599,0.172232439,0.1020057405,kline_close_unadjusted
2026-06-23,APP,25,0.3345830416,0.4461107221,0,FULL_ASOF_PANEL,68,daily_klines_as_of_membership,unavailable_as_of_equals_zero,-0.004410945998,0.02154083337,0.1032289838,0.1181105734,kline_close_unadjusted
2026-06-23,TXN,26,0.3282195778,0.4376261038,0,FULL_ASOF_PANEL,68,daily_klines_as_of_membership,unavailable_as_of_equals_zero,-0.004106978578,-0.0622125115,-0.0206663162,-0.009988171902,kline_close_unadjusted
2026-06-23,REGN,27,0.3267190442,0.4356253922,0,FULL_ASOF_PANEL,68,daily_klines_as_of_membership,unavailable_as_of_equals_zero,0.00873743993,0.0240603207,0.008915424818,0.07256929275,kline_close_unadjusted
2026-06-23,MCK,28,0.3244827463,0.4326436617,0,FULL_ASOF_PANEL,68,daily_klines_as_of_membership,unavailable_as_of_equals_zero,0.003455904491,-0.0005236218926,-0.01087824482,0.07167074655,kline_close_unadjusted
2026-06-23,SHOP,29,0.3196840452,0.4262453936,0,FULL_ASOF_PANEL,68,daily_klines_as_of_membership,unavailable_as_of_equals_zero,0.06027117385,0.0852526003,0.0603640416,0.1071693908,kline_close_unadjusted
2026-06-23,AMAT,30,0.3195740863,0.4260987818,0,FULL_ASOF_PANEL,68,daily_klines_as_of_membership,unavailable_as_of_equals_zero,0.005274117567,0.06991192736,0.2340411006,-0.02625110944,kline_close_unadjusted
2026-06-23,CRM,31,0.318214466,0.4242859546,0,FULL_ASOF_PANEL,68,daily_klines_as_of_membership,unavailable_as_of_equals_zero,-0.004301916308,0.03226437231,0.02111849824,0.08577760396,kline_close_unadjusted
2026-06-23,HOOD,32,0.3110282353,0.4147043137,0,FULL_ASOF_PANEL,68,daily_klines_as_of_membership,unavailable_as_of_equals_zero,-0.05869249395,-0.04416464891,-0.02876513317,0.09956416465,kline_close_unadjusted
2026-06-23,AMZN,33,0.3076932387,0.4102576515,0,FULL_ASOF_PANEL,68,daily_klines_as_of_membership,unavailable_as_of_equals_zero,0.0006834394088,-0.006065524753,0.01806842937,0.04062192986,kline_close_unadjusted
2026-06-23,AMD,34,0.3050161663,0.4066882217,0,FULL_ASOF_PANEL,68,daily_klines_as_of_membership,unavailable_as_of_equals_zero,-0.0002115994999,0.003327883043,0.1174569587,-0.004703279792,kline_close_unadjusted
2026-06-23,GOOGL,35,0.3020882064,0.4027842752,0,FULL_ASOF_PANEL,68,daily_klines_as_of_membership,unavailable_as_of_equals_zero,-0.002426833849,-0.02525062838,0.03247334816,0.04561869818,kline_close_unadjusted
2026-06-24,ABBV,1,0.546524211,0.728698948,0,FULL_ASOF_PANEL,68,daily_klines_as_of_membership,unavailable_as_of_equals_zero,0.03512282345,0.08267699774,0.06884073396,0.06394482524,kline_close_unadjusted
2026-06-24,STX,2,0.5351097765,0.713479702,0,FULL_ASOF_PANEL,68,daily_klines_as_of_membership,unavailable_as_of_equals_zero,0.03232821545,-0.02488799396,-0.07859048578,-0.1038610622,kline_close_unadjusted
2026-06-24,EXPE,3,0.509454189,0.679272252,0,FULL_ASOF_PANEL,68,daily_klines_as_of_membership,unavailable_as_of_equals_zero,-0.04272363151,0.01193972916,0.009116917795,0.02147625405,kline_close_unadjusted
2026-06-24,SHOP,4,0.4968227267,0.6624303022,0,FULL_ASOF_PANEL,68,daily_klines_as_of_membership,unavailable_as_of_equals_zero,-0.0223351143,0.0003503547342,0.06534115792,0.07882981519,kline_close_unadjusted
2026-06-24,MRNA,5,0.4852897415,0.6470529887,0,FULL_ASOF_PANEL,68,daily_klines_as_of_membership,unavailable_as_of_equals_zero,-0.01108904336,0.153591526,0.1999337968,0.2671300894,kline_close_unadjusted
2026-06-24,ALL,6,0.4791897076,0.6389196102,0,FULL_ASOF_PANEL,68,daily_klines_as_of_membership,unavailable_as_of_equals_zero,-0.008306928149,0.03357026634,0.04102081014,0.06465701807,kline_close_unadjusted
2026-06-24,JNJ,7,0.4789173986,0.6385565315,0,FULL_ASOF_PANEL,68,daily_klines_as_of_membership,unavailable_as_of_equals_zero,0.01609958506,0.07265560166,0.05385892116,0.07510373444,kline_close_unadjusted
2026-06-24,FTNT,8,0.4779327191,0.6372436255,0,FULL_ASOF_PANEL,68,daily_klines_as_of_membership,unavailable_as_of_equals_zero,0.03200715859,0.06979625551,0.09430066079,0.1269961454,kline_close_unadjusted
2026-06-24,AJG,9,0.4613417808,0.6151223744,0,FULL_ASOF_PANEL,68,daily_klines_as_of_membership,unavailable_as_of_equals_zero,-0.01313643776,0.02880956695,0.08565863381,0.1494836021,kline_close_unadjusted
2026-06-24,VRTX,10,0.4603255849,0.6137674466,0,FULL_ASOF_PANEL,68,daily_klines_as_of_membership,unavailable_as_of_equals_zero,0.01047979798,0.0514520202,0.04800084175,0.04482323232,kline_close_unadjusted
2026-06-24,KDP,11,0.4302539156,0.5736718875,0,FULL_ASOF_PANEL,68,daily_klines_as_of_membership,unavailable_as_of_equals_zero,0.03593198588,0.07475136349,0.07058068656,-0.01443695861,kline_close_unadjusted
2026-06-24,ABNB,12,0.4289981154,0.5719974872,0,FULL_ASOF_PANEL,68,daily_klines_as_of_membership,unavailable_as_of_equals_zero,-0.01745152355,0.01918282548,0.02015235457,0.01724376731,kline_close_unadjusted
2026-06-24,ASML,13,0.4240542228,0.5654056304,0,FULL_ASOF_PANEL,68,daily_klines_as_of_membership,unavailable_as_of_equals_zero,0.04448118586,0.06826755618,0.04553628664,0.023531147,kline_close_unadjusted
2026-06-24,KO,14,0.42062432,0.5608324267,0,FULL_ASOF_PANEL,68,daily_klines_as_of_membership,unavailable_as_of_equals_zero,-0.00223325062,0.02543424318,0.008560794045,0.02518610422,kline_close_unadjusted
2026-06-24,MCK,15,0.4190945181,0.5587926907,0,FULL_ASOF_PANEL,68,daily_klines_as_of_membership,unavailable_as_of_equals_zero,-0.003574456983,-0.02481247146,0.001969864979,0.03425738699,kline_close_unadjusted
2026-06-24,WELL,16,0.4186876141,0.5582501522,0,FULL_ASOF_PANEL,68,daily_klines_as_of_membership,unavailable_as_of_equals_zero,0.01038702976,0.02845142935,0.03956103509,0.04827710789,kline_close_unadjusted
2026-06-24,GS,17,0.4104467801,0.5472623735,0,FULL_ASOF_PANEL,68,daily_klines_as_of_membership,unavailable_as_of_equals_zero,-0.01097584756,-0.05265063933,-0.05320778895,-0.01944452183,kline_close_unadjusted
2026-06-24,AMAT,18,0.4051743965,0.5402325286,0,FULL_ASOF_PANEL,68,daily_klines_as_of_membership,unavailable_as_of_equals_zero,0.1341834049,0.1794149108,0.1051666469,-0.0005263425981,kline_close_unadjusted
2026-06-24,AXON,19,0.3996390522,0.5328520696,0,FULL_ASOF_PANEL,68,daily_klines_as_of_membership,unavailable_as_of_equals_zero,-0.02627372846,0.117947146,0.3004619797,0.2742758304,kline_close_unadjusted
2026-06-24,NUE,20,0.3915627953,0.5220837271,0,FULL_ASOF_PANEL,68,daily_klines_as_of_membership,unavailable_as_of_equals_zero,0.03488081347,-0.04975829305,-0.08726454409,-0.07367894649,kline_close_unadjusted
2026-06-24,GRMN,21,0.3874050845,0.5165401127,0,FULL_ASOF_PANEL,68,daily_klines_as_of_membership,unavailable_as_of_equals_zero,-0.01920673277,-0.0260811599,-0.009915840347,0.01870677444,kline_close_unadjusted
2026-06-24,GEHC,22,0.3860782134,0.5147709513,0,FULL_ASOF_PANEL,68,daily_klines_as_of_membership,unavailable_as_of_equals_zero,0.000924784217,0.002620221948,-0.0003082614057,-0.002774352651,kline_close_unadjusted
2026-06-24,DLR,23,0.3858526553,0.5144702071,0,FULL_ASOF_PANEL,68,daily_klines_as_of_membership,unavailable_as_of_equals_zero,-0.003004869962,-0.01264117708,-0.08651953165,-0.07092529272,kline_close_unadjusted
2026-06-24,NBIS,24,0.3792152351,0.5056203135,0,FULL_ASOF_PANEL,68,daily_klines_as_of_membership,unavailable_as_of_equals_zero,-0.01166910575,0.005738273126,-0.1173842717,-0.1673727182,kline_close_unadjusted
2026-06-24,BIIB,25,0.3774896276,0.5033195034,0,FULL_ASOF_PANEL,68,daily_klines_as_of_membership,unavailable_as_of_equals_zero,0.0118743424,0.08537501879,0.05085425121,-0.003406984318,kline_close_unadjusted
2026-06-24,AMD,26,0.3747143637,0.4996191516,0,FULL_ASOF_PANEL,68,daily_klines_as_of_membership,unavailable_as_of_equals_zero,0.02468541963,0.03799976912,0.04067418325,0.05191057067,kline_close_unadjusted
2026-06-24,HOOD,27,0.3733296013,0.4977728017,0,FULL_ASOF_PANEL,68,daily_klines_as_of_membership,unavailable_as_of_equals_zero,-0.03827554275,0.0477415372,0.1179133656,0.1843811092,kline_close_unadjusted
2026-06-24,MMM,28,0.3591334345,0.4788445794,0,FULL_ASOF_PANEL,68,daily_klines_as_of_membership,unavailable_as_of_equals_zero,0.01241637032,-0.02097522753,-0.03586281719,-0.06370923995,kline_close_unadjusted
2026-06-24,IR,29,0.3562328078,0.4749770771,0,FULL_ASOF_PANEL,68,daily_klines_as_of_membership,unavailable_as_of_equals_zero,0.04315628192,0.03396322778,0.03243105209,-0.01621552605,kline_close_unadjusted
2026-06-24,WTW,30,0.3536111894,0.4714815858,0,FULL_ASOF_PANEL,68,daily_klines_as_of_membership,unavailable_as_of_equals_zero,-0.01462347432,0.01228218316,0.05565364243,0.1097336302,kline_close_unadjusted
2026-06-24,AON,31,0.352378785,0.4698383799,0,FULL_ASOF_PANEL,68,daily_klines_as_of_membership,unavailable_as_of_equals_zero,-0.02927983286,0.006421285486,0.05554872803,0.09241735283,kline_close_unadjusted
2026-06-24,AWK,32,0.340422604,0.4538968054,0,FULL_ASOF_PANEL,68,daily_klines_as_of_membership,unavailable_as_of_equals_zero,0.002776920703,0.02206109226,0.01658438753,0.007019438445,kline_close_unadjusted
2026-06-24,DLTR,33,0.3382990063,0.4510653418,0,FULL_ASOF_PANEL,68,daily_klines_as_of_membership,unavailable_as_of_equals_zero,-0.009551738584,0.02739840804,0.0150816925,0.01315458735,kline_close_unadjusted
2026-06-24,LH,34,0.337890844,0.4505211253,0,FULL_ASOF_PANEL,68,daily_klines_as_of_membership,unavailable_as_of_equals_zero,0.004374387209,0.05430273776,0.07051813862,0.04694924202,kline_close_unadjusted
2026-06-24,AMZN,35,0.3364190394,0.4485587191,0,FULL_ASOF_PANEL,68,daily_klines_as_of_membership,unavailable_as_of_equals_zero,-0.03098988347,0.02505655867,0.0317155419,0.0545097537,kline_close_unadjusted
2026-06-24,PANW,36,0.3335008225,0.4446677633,0,FULL_ASOF_PANEL,68,daily_klines_as_of_membership,unavailable_as_of_equals_zero,0.02744864334,0.1638505223,0.2341022225,0.1859706934,kline_close_unadjusted
2026-06-24,ALLE,37,0.3321037566,0.4428050087,0,FULL_ASOF_PANEL,68,daily_klines_as_of_membership,unavailable_as_of_equals_zero,0.0223880597,0.0421641791,0.04425373134,0.007985074627,kline_close_unadjusted
2026-06-24,CRM,38,0.3296363063,0.4395150751,0,FULL_ASOF_PANEL,68,daily_klines_as_of_membership,unavailable_as_of_equals_zero,-0.01682377586,0.0338439382,0.06853888452,0.06376014664,kline_close_unadjusted
2026-06-24,MDT,39,0.3273669578,0.436489277,0,FULL_ASOF_PANEL,68,daily_klines_as_of_membership,unavailable_as_of_equals_zero,0.004911220249,0.0191411661,-0.002644503211,0.03752675985,kline_close_unadjusted
2026-06-24,TXN,40,0.3273519424,0.4364692565,0,FULL_ASOF_PANEL,68,daily_klines_as_of_membership,unavailable_as_of_equals_zero,0.02870245126,-0.05816370295,-0.01550592194,0.01788129722,kline_close_unadjusted
2026-06-24,MA,41,0.3184645884,0.4246194512,0,FULL_ASOF_PANEL,68,daily_klines_as_of_membership,unavailable_as_of_equals_zero,-0.01112371844,0.03085869433,0.05679377558,0.06009644608,kline_close_unadjusted
2026-06-24,REGN,42,0.3183284588,0.4244379451,0,FULL_ASOF_PANEL,68,daily_klines_as_of_membership,unavailable_as_of_equals_zero,-0.005277256468,0.01344176572,0.002069197825,0.0714113854,kline_close_unadjusted
2026-06-24,GOOGL,43,0.3096962993,0.4129283991,0,FULL_ASOF_PANEL,68,daily_klines_as_of_membership,unavailable_as_of_equals_zero,-0.004575863767,0.02421153234,0.04610617162,0.03938718179,kline_close_unadjusted
2026-06-24,APP,44,0.3064307297,0.4085743063,0,FULL_ASOF_PANEL,68,daily_klines_as_of_membership,unavailable_as_of_equals_zero,-0.04092825189,0.07269442533,0.2143195114,0.119300585,kline_close_unadjusted
2026-06-25,ABBV,1,0.5650747412,0.7534329882,0,FULL_ASOF_PANEL,68,daily_klines_as_of_membership,unavailable_as_of_equals_zero,0.04199226783,0.03495928272,0.07374352225,0.0132022703,kline_close_unadjusted
2026-06-25,STX,2,0.5266562533,0.7022083377,0,FULL_ASOF_PANEL,68,daily_klines_as_of_membership,unavailable_as_of_equals_zero,-0.1223570258,-0.05886712959,-0.2001248342,-0.112175236,kline_close_unadjusted
2026-06-25,DLTR,3,0.5146217261,0.6861623015,0,FULL_ASOF_PANEL,68,daily_klines_as_of_membership,unavailable_as_of_equals_zero,0.04788088994,0.02317908806,0.04940360376,0.05667879198,kline_close_unadjusted
2026-06-25,ALL,4,0.5106408963,0.6808545284,0,FULL_ASOF_PANEL,68,daily_klines_as_of_membership,unavailable_as_of_equals_zero,0.03458549223,0.02737478411,0.08087219344,0.08639896373,kline_close_unadjusted
2026-06-25,JNJ,5,0.5070084764,0.6760113019,0,FULL_ASOF_PANEL,68,daily_klines_as_of_membership,unavailable_as_of_equals_zero,0.03993792878,0.03712022215,0.07415877164,0.04941195688,kline_close_unadjusted
2026-06-25,FTNT,6,0.5067952097,0.6757269463,0,FULL_ASOF_PANEL,68,daily_klines_as_of_membership,unavailable_as_of_equals_zero,0.009471086507,0.02461148536,0.04215300474,0.05055692657,kline_close_unadjusted
2026-06-25,VRTX,7,0.4863200412,0.6484267216,0,FULL_ASOF_PANEL,68,daily_klines_as_of_membership,unavailable_as_of_equals_zero,0.02324128452,0.03446624183,0.09967095672,,kline_close_unadjusted
2026-06-25,EXPE,8,0.4831958036,0.6442610715,0,FULL_ASOF_PANEL,68,daily_klines_as_of_membership,unavailable_as_of_equals_zero,0.04722056186,0.01964534768,0.07069137278,0.07921896792,kline_close_unadjusted
2026-06-25,KDP,9,0.450682533,0.600910044,0,FULL_ASOF_PANEL,68,daily_klines_as_of_membership,unavailable_as_of_equals_zero,0.03437596779,0.01362650976,0.03127903376,-0.01920099102,kline_close_unadjusted
2026-06-25,AJG,10,0.4372742152,0.583032287,0,FULL_ASOF_PANEL,68,daily_klines_as_of_membership,unavailable_as_of_equals_zero,0.03740934545,0.05375011475,0.1587257872,0.1617093546,kline_close_unadjusted
2026-06-25,SHOP,11,0.4099254956,0.5465673275,0,FULL_ASOF_PANEL,68,daily_klines_as_of_membership,unavailable_as_of_equals_zero,0.04694499194,0.02293495789,0.07023830855,0.09783192976,kline_close_unadjusted
2026-06-25,PODD,12,0.4096439781,0.5461919707,0,FULL_ASOF_PANEL,68,daily_klines_as_of_membership,unavailable_as_of_equals_zero,0.02879989598,-0.01020673514,0.0693017813,0.0484982447,kline_close_unadjusted
2026-06-25,WELL,13,0.4059606707,0.5412808942,0,FULL_ASOF_PANEL,68,daily_klines_as_of_membership,unavailable_as_of_equals_zero,0.01609082376,0.01448174138,0.05511107138,,kline_close_unadjusted
2026-06-25,NUE,14,0.3993517027,0.5324689369,0,FULL_ASOF_PANEL,68,daily_klines_as_of_membership,unavailable_as_of_equals_zero,-0.03668505618,-0.1030080941,-0.1110618934,-0.0844038175,kline_close_unadjusted
2026-06-25,ABNB,15,0.3980875203,0.5307833603,0,FULL_ASOF_PANEL,68,daily_klines_as_of_membership,unavailable_as_of_equals_zero,0.0259374119,0.008598815901,0.04968987877,0.04750493375,kline_close_unadjusted
2026-06-25,DLR,16,0.391064419,0.5214192254,0,FULL_ASOF_PANEL,68,daily_klines_as_of_membership,unavailable_as_of_equals_zero,0.002909997921,-0.0668260237,-0.09945957181,-0.06251299106,kline_close_unadjusted
2026-06-25,GS,17,0.3904237742,0.5205650323,0,FULL_ASOF_PANEL,68,daily_klines_as_of_membership,unavailable_as_of_equals_zero,-0.04270061685,-0.05043705227,-0.04139556282,-0.009304284145,kline_close_unadjusted
2026-06-25,AMD,18,0.3899610134,0.5199480179,0,FULL_ASOF_PANEL,68,daily_klines_as_of_membership,unavailable_as_of_equals_zero,-0.02063578497,0.09076741086,-0.02769588974,0.04754304598,kline_close_unadjusted
2026-06-25,AXON,19,0.3887521446,0.5183361928,0,FULL_ASOF_PANEL,68,daily_klines_as_of_membership,unavailable_as_of_equals_zero,0.04519596159,0.2605625885,0.3424774582,0.2722325906,kline_close_unadjusted
2026-06-25,ASML,20,0.3728378032,0.4971170709,0,FULL_ASOF_PANEL,68,daily_klines_as_of_membership,unavailable_as_of_equals_zero,-0.02528818338,0.08052433328,-0.03902942466,-0.02382178691,kline_close_unadjusted
2026-06-25,GEHC,21,0.3726908259,0.4969211012,0,FULL_ASOF_PANEL,68,daily_klines_as_of_membership,unavailable_as_of_equals_zero,0.01262704034,-0.01432091161,0.009624268556,-0.003695719125,kline_close_unadjusted
2026-06-25,AMAT,22,0.365601323,0.4874684307,0,FULL_ASOF_PANEL,68,daily_klines_as_of_membership,unavailable_as_of_equals_zero,-0.06161676647,0.08233532934,-0.09724550898,-0.09805389222,kline_close_unadjusted
2026-06-25,BIIB,23,0.3574223768,0.4765631691,0,FULL_ASOF_PANEL,68,daily_klines_as_of_membership,unavailable_as_of_equals_zero,0.06966726084,0.06981580511,0.07011289364,-0.01391364627,kline_close_unadjusted
2026-06-25,EME,24,0.3563355762,0.4751141015,0,FULL_ASOF_PANEL,68,daily_klines_as_of_membership,unavailable_as_of_equals_zero,-0.07487300814,-0.03801637557,-0.1020573841,-0.09380001392,kline_close_unadjusted
2026-06-25,MCK,25,0.3547846327,0.4730461769,0,FULL_ASOF_PANEL,68,daily_klines_as_of_membership,unavailable_as_of_equals_zero,-0.0003927678349,-0.01074874642,0.02944449536,0.05518388081,kline_close_unadjusted
2026-06-25,PANW,26,0.3517739891,0.4690319855,0,FULL_ASOF_PANEL,68,daily_klines_as_of_membership,unavailable_as_of_equals_zero,0.03790644512,0.1635333856,0.1875533113,0.1119792555,kline_close_unadjusted
2026-06-25,ALLE,27,0.3405204824,0.4540273099,0,FULL_ASOF_PANEL,68,daily_klines_as_of_membership,unavailable_as_of_equals_zero,0.0197810219,0.02547445255,0.02613138686,-0.002700729927,kline_close_unadjusted
2026-06-25,NBIS,28,0.3382078456,0.4509437941,0,FULL_ASOF_PANEL,68,daily_klines_as_of_membership,unavailable_as_of_equals_zero,-0.06363246698,0.07614074738,-0.1598020496,-0.1440985076,kline_close_unadjusted
2026-06-25,GOOGL,29,0.3367172134,0.4489562845,0,FULL_ASOF_PANEL,68,daily_klines_as_of_membership,unavailable_as_of_equals_zero,-0.01838759419,0.03974280644,0.04713275727,0.03919001484,kline_close_unadjusted
2026-06-25,TXN,30,0.3347652126,0.4463536168,0,FULL_ASOF_PANEL,68,daily_klines_as_of_membership,unavailable_as_of_equals_zero,-0.0846188384,-0.04406529617,-0.06006863154,,kline_close_unadjusted
2026-06-25,AWK,31,0.3346228858,0.4461638477,0,FULL_ASOF_PANEL,68,daily_klines_as_of_membership,unavailable_as_of_equals_zero,0.02061538462,0.01215384615,0.05276923077,0.005307692308,kline_close_unadjusted
2026-06-25,LH,32,0.3280583381,0.4374111174,0,FULL_ASOF_PANEL,68,daily_klines_as_of_membership,unavailable_as_of_equals_zero,0.01926109484,0.05128782759,0.07749493129,0.03931065555,kline_close_unadjusted
2026-06-25,AMZN,33,0.3262665592,0.4350220789,0,FULL_ASOF_PANEL,68,daily_klines_as_of_membership,unavailable_as_of_equals_zero,0.02502092419,0.04990969561,0.06898374521,0.08074534161,kline_close_unadjusted
2026-06-25,MDT,34,0.3148298599,0.4197731466,0,FULL_ASOF_PANEL,68,daily_klines_as_of_membership,unavailable_as_of_equals_zero,0.01478696742,-0.01967418546,0.04248120301,0.05100250627,kline_close_unadjusted
2026-06-25,CRM,35,0.3121500594,0.4162000792,0,FULL_ASOF_PANEL,68,daily_klines_as_of_membership,unavailable_as_of_equals_zero,0.05446434516,0.0430787669,0.1059990678,0.08742259804,kline_close_unadjusted
2026-06-25,WTW,36,0.3100869325,0.4134492433,0,FULL_ASOF_PANEL,68,daily_klines_as_of_membership,unavailable_as_of_equals_zero,0.03014840494,0.01807346239,0.1148677599,,kline_close_unadjusted
2026-06-25,GOOG,37,0.3098186447,0.4130915262,0,FULL_ASOF_PANEL,68,daily_klines_as_of_membership,unavailable_as_of_equals_zero,-0.02191764809,0.0325550133,0.04088371957,0.03752301353,kline_close_unadjusted
2026-06-25,KO,38,0.3097307685,0.412974358,0,FULL_ASOF_PANEL,68,daily_klines_as_of_membership,unavailable_as_of_equals_zero,0.02748072619,0.01056951007,0.04625714996,0.03817458344,kline_close_unadjusted
2026-06-25,NKE,39,0.3047733534,0.4063644713,0,FULL_ASOF_PANEL,68,daily_klines_as_of_membership,unavailable_as_of_equals_zero,-0.003667481663,0.003667481663,0.07799511002,0.08484107579,kline_close_unadjusted
2026-06-26,ABBV,1,0.6509155989,0.8678874652,0,FULL_ASOF_PANEL,68,daily_klines_as_of_membership,unavailable_as_of_equals_zero,0.003789224393,-0.009038879021,0.005565423327,-0.0279455299,kline_close_unadjusted
2026-06-26,KDP,2,0.5619117981,0.7492157308,0,FULL_ASOF_PANEL,68,daily_klines_as_of_membership,unavailable_as_of_equals_zero,0.002994011976,-0.0008982035928,-0.0494011976,-0.06437125749,kline_close_unadjusted
2026-06-26,JNJ,3,0.553975307,0.7386337427,0,FULL_ASOF_PANEL,68,daily_klines_as_of_membership,unavailable_as_of_equals_zero,0.01511819681,-0.002670226969,0.01833817639,0.01221236158,kline_close_unadjusted
2026-06-26,VRTX,4,0.5297312335,0.7063083113,0,FULL_ASOF_PANEL,68,daily_klines_as_of_membership,unavailable_as_of_equals_zero,0.01691293198,0.0135751211,0.07784833313,,kline_close_unadjusted
2026-06-26,ALL,5,0.5243763393,0.6991684524,0,FULL_ASOF_PANEL,68,daily_klines_as_of_membership,unavailable_as_of_equals_zero,0.007387003881,0.01464880431,0.03655940904,0.07028087309,kline_close_unadjusted
2026-06-26,DLTR,6,0.5191762475,0.6922349966,0,FULL_ASOF_PANEL,68,daily_klines_as_of_membership,unavailable_as_of_equals_zero,-0.01009122467,-0.02195850488,-0.01945588117,0.02026317914,kline_close_unadjusted
2026-06-26,EXPE,7,0.5114273657,0.6819031543,0,FULL_ASOF_PANEL,68,daily_klines_as_of_membership,unavailable_as_of_equals_zero,0.009436834094,0.006621004566,0.01506849315,0.01076864536,kline_close_unadjusted
2026-06-26,AJG,8,0.4787539127,0.6383385503,0,FULL_ASOF_PANEL,68,daily_klines_as_of_membership,unavailable_as_of_equals_zero,0.004911287111,0.06043980355,0.1051280917,0.1558338127,kline_close_unadjusted
2026-06-26,BIIB,9,0.4781792186,0.6375722914,0,FULL_ASOF_PANEL,68,daily_klines_as_of_membership,unavailable_as_of_equals_zero,0.002777392029,-0.02911632644,-0.03504142943,-0.032402907,kline_close_unadjusted
2026-06-26,PODD,10,0.473271971,0.6310292947,0,FULL_ASOF_PANEL,68,daily_klines_as_of_membership,unavailable_as_of_equals_zero,-0.003222748815,0.009731437599,0.009605055292,0.02407582938,kline_close_unadjusted
2026-06-26,IR,11,0.4661560941,0.6215414589,0,FULL_ASOF_PANEL,68,daily_klines_as_of_membership,unavailable_as_of_equals_zero,-0.004792921224,-0.006267666216,-0.009094260784,-0.0345336119,kline_close_unadjusted
2026-06-26,AMD,12,0.4414881058,0.5886508078,0,FULL_ASOF_PANEL,68,daily_klines_as_of_membership,unavailable_as_of_equals_zero,0.03433797308,0.03700295257,0.05841865102,0.0245599908,kline_close_unadjusted
2026-06-26,KO,13,0.4372837736,0.5830450315,0,FULL_ASOF_PANEL,68,daily_klines_as_of_membership,unavailable_as_of_equals_zero,0.0002420428416,-0.01621687039,0.003993706886,0.01960547017,kline_close_unadjusted
2026-06-26,AON,14,0.4317556328,0.575674177,0,FULL_ASOF_PANEL,68,daily_klines_as_of_membership,unavailable_as_of_equals_zero,-0.003407466001,0.04524019593,0.08585597371,0.1176184247,kline_close_unadjusted
2026-06-26,SHOP,15,0.4310207397,0.5746943195,0,FULL_ASOF_PANEL,68,daily_klines_as_of_membership,unavailable_as_of_equals_zero,-0.02267670717,0.04081807291,0.0280677734,0.06743111415,kline_close_unadjusted
2026-06-26,WELL,16,0.4180888613,0.557451815,0,FULL_ASOF_PANEL,68,daily_klines_as_of_membership,unavailable_as_of_equals_zero,0.001759556592,0.01258082963,0.02357805833,,kline_close_unadjusted
2026-06-26,CMG,17,0.4094789784,0.5459719712,0,FULL_ASOF_PANEL,68,daily_klines_as_of_membership,unavailable_as_of_equals_zero,-0.01109778044,0.04979004199,0.01919616077,0.09868026395,kline_close_unadjusted
2026-06-26,MA,18,0.4079317352,0.5439089802,0,FULL_ASOF_PANEL,68,daily_klines_as_of_membership,unavailable_as_of_equals_zero,0.02131887986,0.04701395162,0.06841312858,0.0793937569,kline_close_unadjusted
2026-06-26,AMAT,19,0.4032587357,0.5376783142,0,FULL_ASOF_PANEL,68,daily_klines_as_of_membership,unavailable_as_of_equals_zero,0.1081615723,0.03839895348,-0.05432008168,-0.0820783613,kline_close_unadjusted
2026-06-26,DLR,20,0.3974814431,0.5299752575,0,FULL_ASOF_PANEL,68,daily_klines_as_of_membership,unavailable_as_of_equals_zero,-0.0125388601,-0.08642487047,-0.1,-0.07813471503,kline_close_unadjusted
2026-06-26,STX,21,0.3946950837,0.5262601116,0,FULL_ASOF_PANEL,68,daily_klines_as_of_membership,unavailable_as_of_equals_zero,0.07626402934,0.01699077675,-0.03515946216,-0.04360484498,kline_close_unadjusted
2026-06-26,GEHC,22,0.390695755,0.5209276734,0,FULL_ASOF_PANEL,68,daily_klines_as_of_membership,unavailable_as_of_equals_zero,-0.01079683698,-0.01368613139,-0.01399026764,-0.006843065693,kline_close_unadjusted
2026-06-26,ABNB,23,0.3834013626,0.5112018168,0,FULL_ASOF_PANEL,68,daily_klines_as_of_membership,unavailable_as_of_equals_zero,0.01106073097,0.01202253366,0.0143583402,0.005289914812,kline_close_unadjusted
2026-06-26,AXON,24,0.381974731,0.5092996414,0,FULL_ASOF_PANEL,68,daily_klines_as_of_membership,unavailable_as_of_equals_zero,0.09846610589,0.2778004862,0.3388765785,0.1768388443,kline_close_unadjusted
2026-06-26,ASML,25,0.3790940396,0.5054587195,0,FULL_ASOF_PANEL,68,daily_klines_as_of_membership,unavailable_as_of_equals_zero,0.04930848871,0.02698064214,0.01696732456,-0.03821421805,kline_close_unadjusted
2026-06-26,ALLE,26,0.3774196608,0.5032262145,0,FULL_ASOF_PANEL,68,daily_klines_as_of_membership,unavailable_as_of_equals_zero,-0.0004294610264,0.00157469043,0.003077804023,-0.02397824064,kline_close_unadjusted
2026-06-26,GOOGL,27,0.3773847554,0.5031796739,0,FULL_ASOF_PANEL,68,daily_klines_as_of_membership,unavailable_as_of_equals_zero,0.04819348528,0.07060078841,0.08616141557,0.04481460624,kline_close_unadjusted
2026-06-26,LH,28,0.3641636345,0.4855515127,0,FULL_ASOF_PANEL,68,daily_klines_as_of_membership,unavailable_as_of_equals_zero,0.02987438759,0.04571407522,0.04759273585,0.01919180757,kline_close_unadjusted
2026-06-26,GOOG,29,0.3616093961,0.4821458614,0,FULL_ASOF_PANEL,68,daily_klines_as_of_membership,unavailable_as_of_equals_zero,0.04956825719,0.06931787624,0.09026263109,0.0477456751,kline_close_unadjusted
2026-06-26,FTNT,30,0.3567498294,0.4756664393,0,FULL_ASOF_PANEL,68,daily_klines_as_of_membership,unavailable_as_of_equals_zero,0.02689131153,0.05041295012,0.07267922035,0.06124876115,kline_close_unadjusted
2026-06-26,AMZN,31,0.355192029,0.473589372,0,FULL_ASOF_PANEL,68,daily_klines_as_of_membership,unavailable_as_of_equals_zero,0.03201684645,0.03872104517,0.04929305084,0.06283037518,kline_close_unadjusted
2026-06-26,PANW,32,0.3546616992,0.4728822657,0,FULL_ASOF_PANEL,68,daily_klines_as_of_membership,unavailable_as_of_equals_zero,0.09138724523,0.1572649573,0.1753122945,0.08579881657,kline_close_unadjusted
2026-06-26,MCK,33,0.3512029046,0.4682705395,0,FULL_ASOF_PANEL,68,daily_klines_as_of_membership,unavailable_as_of_equals_zero,-0.02092965384,0.005959319459,0.027137824,0.06387604616,kline_close_unadjusted
2026-06-26,TXN,34,0.3443392276,0.4591189701,0,FULL_ASOF_PANEL,68,daily_klines_as_of_membership,unavailable_as_of_equals_zero,0.0001926951038,0.04549356223,0.0633266182,,kline_close_unadjusted
2026-06-26,GS,35,0.3268397831,0.4357863775,0,FULL_ASOF_PANEL,68,daily_klines_as_of_membership,unavailable_as_of_equals_zero,0.0005884602936,0,0.03499377213,0.0257941762,kline_close_unadjusted
2026-06-26,CBRE,36,0.3199196878,0.4265595838,0,FULL_ASOF_PANEL,68,daily_klines_as_of_membership,unavailable_as_of_equals_zero,-0.009534206696,0.006550218341,0.02292576419,0.004585152838,kline_close_unadjusted
2026-06-26,REGN,37,0.3157037811,0.4209383748,0,FULL_ASOF_PANEL,68,daily_klines_as_of_membership,unavailable_as_of_equals_zero,-0.001722231,-0.01292463264,0.02671828093,0.04770105862,kline_close_unadjusted
2026-06-26,AWK,38,0.3126232169,0.4168309559,0,FULL_ASOF_PANEL,68,daily_klines_as_of_membership,unavailable_as_of_equals_zero,-0.001356647573,-0.006707868556,0.003090141694,-0.008667470606,kline_close_unadjusted
2026-06-26,MMM,39,0.3107453432,0.4143271243,0,FULL_ASOF_PANEL,68,daily_klines_as_of_membership,unavailable_as_of_equals_zero,-0.009633558929,-0.02469361624,-0.02963233949,-0.03847326383,kline_close_unadjusted
2026-06-26,MDT,40,0.3006570918,0.4008761224,0,FULL_ASOF_PANEL,68,daily_klines_as_of_membership,unavailable_as_of_equals_zero,-0.0006174364041,-0.02198073598,0.02568535441,0.03198320573,kline_close_unadjusted
2026-06-29,ABBV,1,0.6028431632,0.8037908842,0,FULL_ASOF_PANEL,68,daily_klines_as_of_membership,unavailable_as_of_equals_zero,-0.01049899729,0.02658173096,0.001336950965,-0.04427667021,kline_close_unadjusted
2026-06-29,KDP,2,0.5571504208,0.7428672277,0,FULL_ASOF_PANEL,68,daily_klines_as_of_membership,unavailable_as_of_equals_zero,-0.02298507463,-0.005970149254,-0.06,-0.09671641791,kline_close_unadjusted
2026-06-29,VRTX,3,0.5409509961,0.7212679948,0,FULL_ASOF_PANEL,68,daily_klines_as_of_membership,unavailable_as_of_equals_zero,-0.005844090864,0.05681977384,0.04523166216,,kline_close_unadjusted
2026-06-29,JNJ,4,0.5365266673,0.7153688897,0,FULL_ASOF_PANEL,68,daily_klines_as_of_membership,unavailable_as_of_equals_zero,-0.01756218328,0.01752350006,0.03377045375,-0.01802638196,kline_close_unadjusted
2026-06-29,EXPE,5,0.5190913178,0.692121757,0,FULL_ASOF_PANEL,68,daily_klines_as_of_membership,unavailable_as_of_equals_zero,-0.03543425814,0.01285434258,0.01730247286,0.00376960193,kline_close_unadjusted
2026-06-29,DLTR,6,0.5017620966,0.6690161289,0,FULL_ASOF_PANEL,68,daily_klines_as_of_membership,unavailable_as_of_equals_zero,-0.01361931169,0.01166204534,0.0002446582939,0.01582123634,kline_close_unadjusted
2026-06-29,AXON,7,0.5013886839,0.6685182452,0,FULL_ASOF_PANEL,68,daily_klines_as_of_membership,unavailable_as_of_equals_zero,0.09794359577,0.1692910302,0.2543282413,0.07179788484,kline_close_unadjusted
2026-06-29,STX,8,0.4748398938,0.6331198584,0,FULL_ASOF_PANEL,68,daily_klines_as_of_membership,unavailable_as_of_equals_zero,-0.003644698667,-0.1531909182,-0.145467874,-0.09315147698,kline_close_unadjusted
2026-06-29,ALL,9,0.4684926709,0.6246568946,0,FULL_ASOF_PANEL,68,daily_klines_as_of_membership,unavailable_as_of_equals_zero,-0.01425138785,0.03707846549,0.04175988069,0.0371613224,kline_close_unadjusted
2026-06-29,IR,10,0.4677095097,0.6236126796,0,FULL_ASOF_PANEL,68,daily_klines_as_of_membership,unavailable_as_of_equals_zero,0.01247221536,-0.004816003952,-0.02803161274,-0.02432699432,kline_close_unadjusted
2026-06-29,KO,11,0.4667933554,0.6223911406,0,FULL_ASOF_PANEL,68,daily_klines_as_of_membership,unavailable_as_of_equals_zero,-0.0166969147,0.01802782819,0.01693889897,0.005202661827,kline_close_unadjusted
2026-06-29,AMD,12,0.4575059018,0.6100078691,0,FULL_ASOF_PANEL,68,daily_klines_as_of_membership,unavailable_as_of_equals_zero,0.07677621457,-0.04016756566,-0.0433372259,0.0160151254,kline_close_unadjusted
2026-06-29,PODD,13,0.4521763273,0.6029017697,0,FULL_ASOF_PANEL,68,daily_klines_as_of_membership,unavailable_as_of_equals_zero,-0.03480410803,0.04272854064,0.0241536706,0.008748573602,kline_close_unadjusted
2026-06-29,BIIB,14,0.4498598553,0.5998131404,0,FULL_ASOF_PANEL,68,daily_klines_as_of_membership,unavailable_as_of_equals_zero,-0.002631214513,-0.002354244564,-0.05045469233,-0.1139269723,kline_close_unadjusted
2026-06-29,WELL,15,0.4419070069,0.5892093425,0,FULL_ASOF_PANEL,68,daily_klines_as_of_membership,unavailable_as_of_equals_zero,-0.003337285382,0.03657840425,0.04329688666,,kline_close_unadjusted
2026-06-29,ALLE,16,0.4333548758,0.5778065011,0,FULL_ASOF_PANEL,68,daily_klines_as_of_membership,unavailable_as_of_equals_zero,0.006015037594,0.006659505908,-0.002363050483,-0.02248478339,kline_close_unadjusted
2026-06-29,AJG,17,0.4329317984,0.5772423979,0,FULL_ASOF_PANEL,68,daily_klines_as_of_membership,unavailable_as_of_equals_zero,0.01078724903,0.1114829165,0.1213015146,0.1176030292,kline_close_unadjusted
2026-06-29,AON,18,0.4308322815,0.574443042,0,FULL_ASOF_PANEL,68,daily_klines_as_of_membership,unavailable_as_of_equals_zero,0.01257746436,0.09124767225,0.09845223922,0.09561315139,kline_close_unadjusted
2026-06-29,ABNB,19,0.4289378598,0.5719171464,0,FULL_ASOF_PANEL,68,daily_klines_as_of_membership,unavailable_as_of_equals_zero,-0.02765509275,0.01195895903,0.01107562683,-0.004280763743,kline_close_unadjusted
2026-06-29,MA,20,0.4279917813,0.5706557083,0,FULL_ASOF_PANEL,68,daily_klines_as_of_membership,unavailable_as_of_equals_zero,0.007783477799,0.05847435973,0.04320223284,0.05749159738,kline_close_unadjusted
2026-06-29,LH,21,0.4256021453,0.5674695271,0,FULL_ASOF_PANEL,68,daily_klines_as_of_membership,unavailable_as_of_equals_zero,0.00150225338,0.02646827384,0.0153086773,-0.01394949567,kline_close_unadjusted
2026-06-29,CMG,22,0.4069577139,0.5426102852,0,FULL_ASOF_PANEL,68,daily_klines_as_of_membership,unavailable_as_of_equals_zero,0.03124052169,0.07340006066,0.04185623294,0.1049438884,kline_close_unadjusted
2026-06-29,MMM,23,0.400920725,0.5345609666,0,FULL_ASOF_PANEL,68,daily_klines_as_of_membership,unavailable_as_of_equals_zero,-0.003201379056,-0.01225143139,-0.02721172197,-0.03601551438,kline_close_unadjusted
2026-06-29,FFIV,24,0.3858036642,0.5144048855,0,FULL_ASOF_PANEL,68,daily_klines_as_of_membership,unavailable_as_of_equals_zero,0.01315276695,-0.005894388153,0.01595381917,0.05041893998,kline_close_unadjusted
2026-06-29,GOOGL,25,0.3851706105,0.513560814,0,FULL_ASOF_PANEL,68,daily_klines_as_of_membership,unavailable_as_of_equals_zero,0.01051887459,0.01770111692,0.03783401668,0.01657005514,kline_close_unadjusted
2026-06-29,CASY,26,0.3819860547,0.5093147396,0,FULL_ASOF_PANEL,68,daily_klines_as_of_membership,unavailable_as_of_equals_zero,0.01864810827,0.02201886599,0.02787603814,0.0858069312,kline_close_unadjusted
2026-06-29,ASML,27,0.3800192522,0.5066923363,0,FULL_ASOF_PANEL,68,daily_klines_as_of_membership,unavailable_as_of_equals_zero,0.05646504984,-0.06042668777,-0.07213067744,-0.05707048446,kline_close_unadjusted
2026-06-29,GOOG,28,0.3773615989,0.5031487985,0,FULL_ASOF_PANEL,68,daily_klines_as_of_membership,unavailable_as_of_equals_zero,0.005835800501,0.01394898656,0.03512867228,0.01722272831,kline_close_unadjusted
2026-06-29,DLR,29,0.3754279168,0.5005705558,0,FULL_ASOF_PANEL,68,daily_klines_as_of_membership,unavailable_as_of_equals_zero,-0.05771854339,-0.09067058453,-0.08227516004,-0.09166754119,kline_close_unadjusted
2026-06-29,GEHC,30,0.3697402718,0.4929870291,0,FULL_ASOF_PANEL,68,daily_klines_as_of_membership,unavailable_as_of_equals_zero,-0.01598770177,0.007916986933,-0.002459646426,-0.05211375865,kline_close_unadjusted
2026-06-29,GRMN,31,0.3685125804,0.4913501072,0,FULL_ASOF_PANEL,68,daily_klines_as_of_membership,unavailable_as_of_equals_zero,0.01617043121,0.02677960301,0.06382614648,0.03264031485,kline_close_unadjusted
2026-06-29,AMZN,32,0.366168734,0.4882249786,0,FULL_ASOF_PANEL,68,daily_klines_as_of_membership,unavailable_as_of_equals_zero,-0.007495627551,0.01053552095,0.02431914716,0.03060714583,kline_close_unadjusted
2026-06-29,CBRE,33,0.362837718,0.483783624,0,FULL_ASOF_PANEL,68,daily_klines_as_of_membership,unavailable_as_of_equals_zero,-0.01028730987,0.04034095084,0.05613931957,-0.02175031229,kline_close_unadjusted
2026-06-29,HOOD,34,0.3560462045,0.4747282727,0,FULL_ASOF_PANEL,68,daily_klines_as_of_membership,unavailable_as_of_equals_zero,-0.01522144751,0.107041147,0.1087105961,0.1141117549,kline_close_unadjusted
2026-06-29,TXN,35,0.3550500607,0.4734000809,0,FULL_ASOF_PANEL,68,daily_klines_as_of_membership,unavailable_as_of_equals_zero,0.04410116295,0.0266218299,0.02739246182,,kline_close_unadjusted
2026-06-29,AMAT,36,0.3543479152,0.472463887,0,FULL_ASOF_PANEL,68,daily_klines_as_of_membership,unavailable_as_of_equals_zero,0.04082690314,-0.1318668663,-0.2017447887,-0.1424334907,kline_close_unadjusted
2026-06-29,PANW,37,0.354043894,0.4720585253,0,FULL_ASOF_PANEL,68,daily_klines_as_of_membership,unavailable_as_of_equals_zero,0.0271686747,0.04837349398,0.01518072289,0.06292168675,kline_close_unadjusted
2026-06-29,MCK,38,0.3522299005,0.4696398674,0,FULL_ASOF_PANEL,68,daily_klines_as_of_membership,unavailable_as_of_equals_zero,0.01079555336,0.05186413923,0.07999678943,0.07469934317,kline_close_unadjusted
2026-06-29,FTNT,39,0.3480745696,0.4640994261,0,FULL_ASOF_PANEL,68,daily_klines_as_of_membership,unavailable_as_of_equals_zero,-0.01158152104,0.005340368035,0.02091107966,0.07341397504,kline_close_unadjusted
2026-06-29,NKE,40,0.3302712526,0.4403616701,0,FULL_ASOF_PANEL,68,daily_klines_as_of_membership,unavailable_as_of_equals_zero,-0.01036644166,0.06292189007,0.04170684667,0.03326904532,kline_close_unadjusted
2026-06-29,SHOP,41,0.3288292953,0.4384390604,0,FULL_ASOF_PANEL,68,daily_klines_as_of_membership,unavailable_as_of_equals_zero,-0.0002626740215,0.04596795377,0.06715699151,0.1004290342,kline_close_unadjusted
2026-06-29,AWK,42,0.317436789,0.423249052,0,FULL_ASOF_PANEL,68,daily_klines_as_of_membership,unavailable_as_of_equals_zero,-0.006943396226,0.03290566038,0.01750943396,-0.007018867925,kline_close_unadjusted
2026-06-29,MRNA,43,0.3026168864,0.4034891819,0,FULL_ASOF_PANEL,68,daily_klines_as_of_membership,unavailable_as_of_equals_zero,0.004734576758,0.1443328551,0.1444763271,-0.03242467719,kline_close_unadjusted
2026-06-30,ABBV,1,0.6254213055,0.833895074,0,FULL_ASOF_PANEL,68,daily_klines_as_of_membership,unavailable_as_of_equals_zero,-0.002304879987,0.01239866476,0.004371324114,-0.02992370052,kline_close_unadjusted
2026-06-30,VRTX,2,0.5390298321,0.7187064428,0,FULL_ASOF_PANEL,68,daily_klines_as_of_membership,unavailable_as_of_equals_zero,0.002576852616,0.06615263825,0.003422382381,,kline_close_unadjusted
2026-06-30,DLTR,3,0.5305970145,0.707462686,0,FULL_ASOF_PANEL,68,daily_klines_as_of_membership,unavailable_as_of_equals_zero,0.001653575858,0.004216618437,0.02199255891,0.05026870608,kline_close_unadjusted
2026-06-30,JNJ,4,0.5229767597,0.6973023463,0,FULL_ASOF_PANEL,68,daily_klines_as_of_membership,unavailable_as_of_equals_zero,3.93747293e-05,0.0211048549,0.03713036973,-0.02736543686,kline_close_unadjusted
2026-06-30,AXON,5,0.5212421074,0.6949894765,0,FULL_ASOF_PANEL,68,daily_klines_as_of_membership,unavailable_as_of_equals_zero,0.05948877116,0.1101300369,0.06990599526,-0.03476570165,kline_close_unadjusted
2026-06-30,KDP,6,0.5067460644,0.6756614193,0,FULL_ASOF_PANEL,68,daily_klines_as_of_membership,unavailable_as_of_equals_zero,0.01955392606,-0.02994194928,-0.05377329667,-0.07485487321,kline_close_unadjusted
2026-06-30,CMG,7,0.5063306947,0.6751075929,0,FULL_ASOF_PANEL,68,daily_klines_as_of_membership,unavailable_as_of_equals_zero,0.02941176471,-0.0005882352941,-0.01676470588,0.01852941176,kline_close_unadjusted
2026-06-30,IR,8,0.4961423989,0.6615231986,0,FULL_ASOF_PANEL,68,daily_klines_as_of_membership,unavailable_as_of_equals_zero,-0.01378216856,-0.01658738871,-0.06439809733,-0.03476033663,kline_close_unadjusted
2026-06-30,AMD,9,0.4912513055,0.6550017407,0,FULL_ASOF_PANEL,68,daily_klines_as_of_membership,unavailable_as_of_equals_zero,-0.06890912534,-0.04968067343,-0.1093198602,-0.08911879637,kline_close_unadjusted
2026-06-30,BIIB,10,0.4690880791,0.6254507721,0,FULL_ASOF_PANEL,68,daily_klines_as_of_membership,unavailable_as_of_equals_zero,-0.02925113394,-0.03517541424,-0.07266500046,-0.08710543368,kline_close_unadjusted
2026-06-30,ALL,11,0.4666837018,0.6222449357,0,FULL_ASOF_PANEL,68,daily_klines_as_of_membership,unavailable_as_of_equals_zero,0.02177019417,0.04383458015,0.05560225267,0.006472219887,kline_close_unadjusted
2026-06-30,ALLE,12,0.4549955868,0.6066607825,0,FULL_ASOF_PANEL,68,daily_klines_as_of_membership,unavailable_as_of_equals_zero,-0.003986048829,-0.002491280518,-0.03914869386,-0.03324080006,kline_close_unadjusted
2026-06-30,WELL,13,0.4534864016,0.6046485354,0,FULL_ASOF_PANEL,68,daily_klines_as_of_membership,unavailable_as_of_equals_zero,0.01418689695,0.02520156849,0.03053266952,,kline_close_unadjusted
2026-06-30,CASY,14,0.4486294601,0.5981726135,0,FULL_ASOF_PANEL,68,daily_klines_as_of_membership,unavailable_as_of_equals_zero,-0.01322361882,0.01558902352,0.06078335158,0.01723725764,kline_close_unadjusted
2026-06-30,TXN,15,0.4479674214,0.5972898952,0,FULL_ASOF_PANEL,68,daily_klines_as_of_membership,unavailable_as_of_equals_zero,0.001140671654,0.0182171973,0.01090347905,,kline_close_unadjusted
2026-06-30,LH,16,0.4469395475,0.5959193966,0,FULL_ASOF_PANEL,68,daily_klines_as_of_membership,unavailable_as_of_equals_zero,0.01385714286,0.01567857143,-0.008071428571,-0.02860714286,kline_close_unadjusted
2026-06-30,EXPE,17,0.4449964934,0.5933286579,0,FULL_ASOF_PANEL,68,daily_klines_as_of_membership,unavailable_as_of_equals_zero,0.03384398937,0.04251993122,0.01731280288,0.04388775989,kline_close_unadjusted
2026-06-30,STX,18,0.44462576,0.5928343467,0,FULL_ASOF_PANEL,68,daily_klines_as_of_membership,unavailable_as_of_equals_zero,-0.05161658031,-0.1002487047,-0.1087875648,-0.1416580311,kline_close_unadjusted
2026-06-30,MA,19,0.425427119,0.5672361586,0,FULL_ASOF_PANEL,68,daily_klines_as_of_membership,unavailable_as_of_equals_zero,0.01724104304,0.0380317126,0.01220915492,0.04384373842,kline_close_unadjusted
2026-06-30,AON,20,0.413106839,0.5508091186,0,FULL_ASOF_PANEL,68,daily_klines_as_of_membership,unavailable_as_of_equals_zero,0.03578642709,0.07603485182,0.07784376979,0.07072869245,kline_close_unadjusted
2026-06-30,MMM,21,0.4076880386,0.5435840514,0,FULL_ASOF_PANEL,68,daily_klines_as_of_membership,unavailable_as_of_equals_zero,-0.012043728,-0.01704650732,-0.04453091224,-0.008523253659,kline_close_unadjusted
2026-06-30,KO,22,0.4024030559,0.5365374079,0,FULL_ASOF_PANEL,68,daily_klines_as_of_membership,unavailable_as_of_equals_zero,0.0002460932693,0.02079488126,0.02620893319,0.01451950289,kline_close_unadjusted
2026-06-30,ASML,23,0.400447352,0.5339298026,0,FULL_ASOF_PANEL,68,daily_klines_as_of_membership,unavailable_as_of_equals_zero,-0.07358850096,-0.0826212443,-0.1109809349,-0.08754720361,kline_close_unadjusted
2026-06-30,PANW,24,0.3964190261,0.5285587015,0,FULL_ASOF_PANEL,68,daily_klines_as_of_membership,unavailable_as_of_equals_zero,0.03231482025,0.04841358278,-0.05990850976,0.03812093132,kline_close_unadjusted
2026-06-30,AJG,25,0.3908668074,0.5211557432,0,FULL_ASOF_PANEL,68,daily_klines_as_of_membership,unavailable_as_of_equals_zero,0.04399529555,0.08799059111,0.1177854249,0.07927865139,kline_close_unadjusted
2026-06-30,FFIV,26,0.3870224025,0.51602987,0,FULL_ASOF_PANEL,68,daily_klines_as_of_membership,unavailable_as_of_equals_zero,0.01976151553,0.007380517357,0.007644965862,0.01324646601,kline_close_unadjusted
2026-06-30,GOOGL,27,0.3838639015,0.5118185354,0,FULL_ASOF_PANEL,68,daily_klines_as_of_membership,unavailable_as_of_equals_zero,0.01074516607,0.02543582282,0.01273190251,0.0379158855,kline_close_unadjusted
2026-06-30,AWK,28,0.3691264587,0.4921686116,0,FULL_ASOF_PANEL,68,daily_klines_as_of_membership,unavailable_as_of_equals_zero,0.001595987232,0.01147590819,0.00227998176,-0.01801185591,kline_close_unadjusted
2026-06-30,GOOG,29,0.3627409217,0.4836545623,0,FULL_ASOF_PANEL,68,daily_klines_as_of_membership,unavailable_as_of_equals_zero,0.01290578213,0.03274559194,0.01522655874,0.0477740356,kline_close_unadjusted
2026-06-30,AMZN,30,0.3540601528,0.4720802037,0,FULL_ASOF_PANEL,68,daily_klines_as_of_membership,unavailable_as_of_equals_zero,0.01409750776,0.02441889737,0.02215322648,0.06973231518,kline_close_unadjusted
2026-06-30,MCK,31,0.3519542052,0.4692722736,0,FULL_ASOF_PANEL,68,daily_klines_as_of_membership,unavailable_as_of_equals_zero,0.01649020646,0.03789041821,0.08345685548,0.05393065114,kline_close_unadjusted
2026-06-30,GRMN,32,0.3474419904,0.4632559872,0,FULL_ASOF_PANEL,68,daily_klines_as_of_membership,unavailable_as_of_equals_zero,0.0004209817294,0.03233139682,0.02521680559,0.01776542898,kline_close_unadjusted
2026-06-30,ABNB,33,0.3473430949,0.4631241266,0,FULL_ASOF_PANEL,68,daily_klines_as_of_membership,unavailable_as_of_equals_zero,0.02941998602,0.03179594689,-0.001048218029,0.03689727463,kline_close_unadjusted
2026-06-30,AMAT,34,0.3403690715,0.4538254287,0,FULL_ASOF_PANEL,68,daily_klines_as_of_membership,unavailable_as_of_equals_zero,-0.09970954357,-0.1800968188,-0.2109266943,-0.1985753804,kline_close_unadjusted
2026-06-30,CBRE,35,0.3381296581,0.4508395441,0,FULL_ASOF_PANEL,68,daily_klines_as_of_membership,unavailable_as_of_equals_zero,0.02680228673,0.04350731309,0.03897839483,0.04989234539,kline_close_unadjusted
2026-06-30,PODD,36,0.3367396138,0.4489861517,0,FULL_ASOF_PANEL,68,daily_klines_as_of_membership,unavailable_as_of_equals_zero,0.04952380952,0.04939244663,0.03422003284,0.04617405583,kline_close_unadjusted
2026-06-30,GEHC,37,0.3310104276,0.4413472368,0,FULL_ASOF_PANEL,68,daily_klines_as_of_membership,unavailable_as_of_equals_zero,0.01327917513,0.01296672395,0.01046711451,-0.01265427277,kline_close_unadjusted
2026-06-30,NKE,38,0.3263444937,0.4351259916,0,FULL_ASOF_PANEL,68,daily_klines_as_of_membership,unavailable_as_of_equals_zero,0.04896467722,0.05578562728,0.04482338611,0.0419001218,kline_close_unadjusted
2026-06-30,FTNT,39,0.3259305427,0.434574057,0,FULL_ASOF_PANEL,68,daily_klines_as_of_membership,unavailable_as_of_equals_zero,0.0348912902,0.05682853795,0.02011456842,0.07088920713,kline_close_unadjusted
2026-06-30,TSLA,40,0.3241808377,0.432241117,0,FULL_ASOF_PANEL,68,daily_klines_as_of_membership,unavailable_as_of_equals_zero,0.0111745126,-0.001973371374,-0.06310033286,,kline_close_unadjusted
2026-06-30,DLR,41,0.310059262,0.4134123493,0,FULL_ASOF_PANEL,68,daily_klines_as_of_membership,unavailable_as_of_equals_zero,-0.01815346921,-0.03274306716,-0.01826484018,-0.01954560641,kline_close_unadjusted
2026-06-30,HOOD,42,0.308380004,0.4111733386,0,FULL_ASOF_PANEL,68,daily_klines_as_of_membership,unavailable_as_of_equals_zero,0.08346629438,0.1722177902,0.1321300359,0.152173913,kline_close_unadjusted
2026-06-30,NBIS,43,0.3044012386,0.4058683182,0,FULL_ASOF_PANEL,68,daily_klines_as_of_membership,unavailable_as_of_equals_zero,-0.1701488214,-0.2286635044,-0.2161349893,-0.2775826484,kline_close_unadjusted
2026-06-30,SHOP,44,0.3035464364,0.4047285818,0,FULL_ASOF_PANEL,68,daily_klines_as_of_membership,unavailable_as_of_equals_zero,0.06524785427,0.05219828341,0.04414083027,0.08206340865,kline_close_unadjusted
2026-07-01,ABBV,1,0.6413568557,0.8551424743,0,FULL_ASOF_PANEL,68,daily_klines_as_of_membership,unavailable_as_of_equals_zero,0.03987094718,0.01429937067,-0.004580578348,0.01326376165,kline_close_unadjusted
2026-07-01,CMG,2,0.585422822,0.7805637626,0,FULL_ASOF_PANEL,68,daily_klines_as_of_membership,unavailable_as_of_equals_zero,0.01114285714,-0.01857142857,-0.01142857143,-0.02285714286,kline_close_unadjusted
2026-07-01,VRTX,3,0.557904056,0.7438720747,0,FULL_ASOF_PANEL,68,daily_klines_as_of_membership,unavailable_as_of_equals_zero,0.06029999398,0.04867372141,-0.003032067629,,kline_close_unadjusted
2026-07-01,DLTR,4,0.5509047985,0.7345397314,0,FULL_ASOF_PANEL,68,daily_klines_as_of_membership,unavailable_as_of_equals_zero,0.02393726785,0.01238134544,-0.001898472967,0.06025588114,kline_close_unadjusted
2026-07-01,PANW,5,0.5445363346,0.7260484461,0,FULL_ASOF_PANEL,68,daily_klines_as_of_membership,unavailable_as_of_equals_zero,-0.01130553346,-0.04260879446,-0.03900124986,0.005539143279,kline_close_unadjusted
2026-07-01,JNJ,6,0.5436447839,0.7248597118,0,FULL_ASOF_PANEL,68,daily_klines_as_of_membership,unavailable_as_of_equals_zero,0.03567210017,0.05220883534,0.02015906764,-0.01578864478,kline_close_unadjusted
2026-07-01,AMAT,7,0.5406437828,0.720858377,0,FULL_ASOF_PANEL,68,daily_klines_as_of_membership,unavailable_as_of_equals_zero,-0.07354319338,-0.1481157149,-0.09563534129,-0.1382372371,kline_close_unadjusted
2026-07-01,KDP,8,0.5266242107,0.7021656143,0,FULL_ASOF_PANEL,68,daily_klines_as_of_membership,unavailable_as_of_equals_zero,-0.002097692538,-0.05633802817,-0.07941264609,-0.05963440216,kline_close_unadjusted
2026-07-01,AXON,9,0.5260450965,0.701393462,0,FULL_ASOF_PANEL,68,daily_klines_as_of_membership,unavailable_as_of_equals_zero,0.005185534379,0.07828810021,-0.0201360361,-0.08790154219,kline_close_unadjusted
2026-07-01,MA,10,0.5258302662,0.7011070216,0,FULL_ASOF_PANEL,68,daily_klines_as_of_membership,unavailable_as_of_equals_zero,0.03249803478,0.01760070556,0.003125179746,0.05746112698,kline_close_unadjusted
2026-07-01,AON,11,0.4861544609,0.6482059478,0,FULL_ASOF_PANEL,68,daily_klines_as_of_membership,unavailable_as_of_equals_zero,0.04045872628,0.04732797765,0.03492839679,0.07297124229,kline_close_unadjusted
2026-07-01,LH,12,0.4721889847,0.6295853129,0,FULL_ASOF_PANEL,68,daily_klines_as_of_membership,unavailable_as_of_equals_zero,0.01092010709,-7.045230379e-05,-0.02201634493,-0.006833873468,kline_close_unadjusted
2026-07-01,BIIB,13,0.4655562746,0.6207416995,0,FULL_ASOF_PANEL,68,daily_klines_as_of_membership,unavailable_as_of_equals_zero,0.03041861352,-0.01926194336,-0.05163535806,-0.003909602365,kline_close_unadjusted
2026-07-01,ALL,14,0.4622765868,0.6163687824,0,FULL_ASOF_PANEL,68,daily_klines_as_of_membership,unavailable_as_of_equals_zero,0.02965613689,0.03430404738,0.02270483712,-0.005182625864,kline_close_unadjusted
2026-07-01,ALLE,15,0.4622413007,0.6163217343,0,FULL_ASOF_PANEL,68,daily_klines_as_of_membership,unavailable_as_of_equals_zero,0.004645179733,-0.004359322518,-0.03473165154,-0.003215893661,kline_close_unadjusted
2026-07-01,AMD,16,0.45684536,0.6091271467,0,FULL_ASOF_PANEL,68,daily_klines_as_of_membership,unavailable_as_of_equals_zero,-0.04263422571,-0.04579574028,0.01079721935,-0.07384262683,kline_close_unadjusted
2026-07-01,ASML,17,0.4533498725,0.6044664967,0,FULL_ASOF_PANEL,68,daily_klines_as_of_membership,unavailable_as_of_equals_zero,-0.03999918613,-0.05195763521,-0.02104674885,-0.03156198455,kline_close_unadjusted
2026-07-01,PODD,18,0.4465916009,0.5954554678,0,FULL_ASOF_PANEL,68,daily_klines_as_of_membership,unavailable_as_of_equals_zero,0.02935102322,0.01101445647,-0.009387320859,0.02903811252,kline_close_unadjusted
2026-07-01,META,19,0.4449130885,0.5932174513,0,FULL_ASOF_PANEL,68,daily_klines_as_of_membership,unavailable_as_of_equals_zero,-0.04896314304,0.004356267641,0.03029808618,0.08423749001,kline_close_unadjusted
2026-07-01,MCK,20,0.4248506868,0.5664675824,0,FULL_ASOF_PANEL,68,daily_klines_as_of_membership,unavailable_as_of_equals_zero,0.02374814468,0.05112881806,0.032224045,0.09537015337,kline_close_unadjusted
2026-07-01,KO,21,0.4242932345,0.5657243127,0,FULL_ASOF_PANEL,68,daily_klines_as_of_membership,unavailable_as_of_equals_zero,0.03505966294,0.03395251568,0.0164841924,0.04465493911,kline_close_unadjusted
2026-07-01,ABNB,22,0.4238751206,0.5651668275,0,FULL_ASOF_PANEL,68,daily_klines_as_of_membership,unavailable_as_of_equals_zero,0.01099721675,0.01011472405,-0.002851130269,0.003326318648,kline_close_unadjusted
2026-07-01,IR,23,0.4198099824,0.5597466431,0,FULL_ASOF_PANEL,68,daily_klines_as_of_membership,unavailable_as_of_equals_zero,-0.003339104625,-0.02658916646,-0.04711847638,0.04847885234,kline_close_unadjusted
2026-07-01,GOOGL,24,0.4090300373,0.545373383,0,FULL_ASOF_PANEL,68,daily_klines_as_of_membership,unavailable_as_of_equals_zero,-0.003599014424,0.01611251073,-0.00642285651,-0.01868719028,kline_close_unadjusted
2026-07-01,GOOG,25,0.4047514788,0.5396686385,0,FULL_ASOF_PANEL,68,daily_klines_as_of_membership,unavailable_as_of_equals_zero,-0.004778004415,0.01601050602,-0.004610355137,-0.01140015088,kline_close_unadjusted
2026-07-01,CASY,26,0.3896932156,0.5195909542,0,FULL_ASOF_PANEL,68,daily_klines_as_of_membership,unavailable_as_of_equals_zero,0.01675422043,0.02258122099,0.04809506809,0.05452134442,kline_close_unadjusted
2026-07-01,FFIV,27,0.3806966728,0.5075955638,0,FULL_ASOF_PANEL,68,daily_klines_as_of_membership,unavailable_as_of_equals_zero,-0.03781413551,-0.0166674525,0.01447498703,-0.048965062,kline_close_unadjusted
2026-07-01,AMZN,28,0.3798043863,0.5064058484,0,FULL_ASOF_PANEL,68,daily_klines_as_of_membership,unavailable_as_of_equals_zero,0.004013239553,0.01770790236,0.02209350434,0.03388498138,kline_close_unadjusted
2026-07-01,AWK,29,0.3766895018,0.502252669,0,FULL_ASOF_PANEL,68,daily_klines_as_of_membership,unavailable_as_of_equals_zero,0.03847029365,0.02299112224,-0.009408908111,0.01927308597,kline_close_unadjusted
2026-07-01,WELL,30,0.3759745622,0.5012994163,0,FULL_ASOF_PANEL,68,daily_klines_as_of_membership,unavailable_as_of_equals_zero,0.02550067336,0.03214735653,0.008384378122,,kline_close_unadjusted
2026-07-01,TXN,31,0.3721680629,0.4962240839,0,FULL_ASOF_PANEL,68,daily_klines_as_of_membership,unavailable_as_of_equals_zero,-0.01786133172,-0.01712409102,0.03391307262,,kline_close_unadjusted
2026-07-01,NKE,32,0.3700634803,0.4934179738,0,FULL_ASOF_PANEL,68,daily_klines_as_of_membership,unavailable_as_of_equals_zero,0.02392011147,0.003483511379,-0.006502554575,0.03506734789,kline_close_unadjusted
2026-07-01,HOOD,33,0.3628930059,0.4838573412,0,FULL_ASOF_PANEL,68,daily_klines_as_of_membership,unavailable_as_of_equals_zero,0.03755177174,0.0391164289,0.05945697193,-0.02420616659,kline_close_unadjusted
2026-07-01,CBRE,34,0.3596877209,0.4795836278,0,FULL_ASOF_PANEL,68,daily_klines_as_of_membership,unavailable_as_of_equals_zero,0.02371655821,0.03926247289,0.01995661605,0.03897324657,kline_close_unadjusted
2026-07-01,AJG,35,0.3586724348,0.478229913,0,FULL_ASOF_PANEL,68,daily_klines_as_of_membership,unavailable_as_of_equals_zero,0.05328159553,0.06258605583,0.05878916844,0.06784328452,kline_close_unadjusted
2026-07-01,STX,36,0.3539033873,0.4718711831,0,FULL_ASOF_PANEL,68,daily_klines_as_of_membership,unavailable_as_of_equals_zero,-0.1038363618,-0.09566319562,-0.02742599897,-0.1854259771,kline_close_unadjusted
2026-07-01,TSLA,37,0.3458021219,0.4610694959,0,FULL_ASOF_PANEL,68,daily_klines_as_of_membership,unavailable_as_of_equals_zero,-0.07488831413,-0.05266870444,-0.04408652716,,kline_close_unadjusted
2026-07-01,ISRG,38,0.3212798565,0.428373142,0,FULL_ASOF_PANEL,68,daily_klines_as_of_membership,unavailable_as_of_equals_zero,0.05872558278,0.06193150753,0.02278940305,-0.0001242606491,kline_close_unadjusted
2026-07-01,FTNT,39,0.316736655,0.42231554,0,FULL_ASOF_PANEL,68,daily_klines_as_of_membership,unavailable_as_of_equals_zero,-0.01717197132,-0.001949930809,0.02987797207,0.01132217889,kline_close_unadjusted
2026-07-01,SHOP,40,0.3155278472,0.4207037963,0,FULL_ASOF_PANEL,68,daily_klines_as_of_membership,unavailable_as_of_equals_zero,-0.01784099318,0.00205541396,0.01266135,0.02820027954,kline_close_unadjusted
2026-07-01,DLR,41,0.3123635247,0.4164846996,0,FULL_ASOF_PANEL,68,daily_klines_as_of_membership,unavailable_as_of_equals_zero,-0.01712794918,-0.00805353902,0.01707123412,-0.01542649728,kline_close_unadjusted
2026-07-01,MMM,42,0.3105414158,0.4140552211,0,FULL_ASOF_PANEL,68,daily_klines_as_of_membership,unavailable_as_of_equals_zero,0.003000750188,-0.01219054764,-0.02888222056,0.01131532883,kline_close_unadjusted
2026-07-01,PYPL,43,0.3021330854,0.4028441138,0,FULL_ASOF_PANEL,68,daily_klines_as_of_membership,unavailable_as_of_equals_zero,0.03176764239,0.03585205355,0.02836396642,0.2872702519,kline_close_unadjusted
2026-07-01,PDD,44,0.3016651368,0.4022201824,0,FULL_ASOF_PANEL,68,daily_klines_as_of_membership,unavailable_as_of_equals_zero,-0.001575375667,0.0001211827436,0.04071740184,0.05041202133,kline_close_unadjusted
2026-07-02,ABBV,1,0.600411632,0.8005488426,0,FULL_ASOF_PANEL,68,daily_klines_as_of_membership,unavailable_as_of_equals_zero,-0.0241697629,-0.03190715134,-0.05638334546,-0.02520396828,kline_close_unadjusted
2026-07-02,CMG,2,0.583045265,0.7773936866,0,FULL_ASOF_PANEL,68,daily_klines_as_of_membership,unavailable_as_of_equals_zero,-0.03984176321,-0.05538287652,-0.003955919751,-0.02684374117,kline_close_unadjusted
2026-07-02,VRTX,3,0.5727819275,0.7637092367,0,FULL_ASOF_PANEL,68,daily_klines_as_of_membership,unavailable_as_of_equals_zero,0.002935383683,-0.05607529733,,,kline_close_unadjusted
2026-07-02,AJG,4,0.563746714,0.7516622853,0,FULL_ASOF_PANEL,68,daily_klines_as_of_membership,unavailable_as_of_equals_zero,-0.01057677072,0.01651877674,0.002574869276,0.005783552527,kline_close_unadjusted
2026-07-02,PANW,5,0.54971955,0.7329594,0,FULL_ASOF_PANEL,68,daily_klines_as_of_membership,unavailable_as_of_equals_zero,0.02720795265,-0.07892317417,-0.06363845314,0.03051198069,kline_close_unadjusted
2026-07-02,JNJ,6,0.548245062,0.7309934159,0,FULL_ASOF_PANEL,68,daily_klines_as_of_membership,unavailable_as_of_equals_zero,-0.01410431873,0.001368613139,-0.02303832117,-0.03801703163,kline_close_unadjusted
2026-07-02,AXON,7,0.5451087565,0.7268116753,0,FULL_ASOF_PANEL,68,daily_klines_as_of_membership,unavailable_as_of_equals_zero,0.04239246952,0.004622805842,-0.05232480236,-0.1453168967,kline_close_unadjusted
2026-07-02,MA,8,0.5274646061,0.7032861415,0,FULL_ASOF_PANEL,68,daily_klines_as_of_membership,unavailable_as_of_equals_zero,-0.01168016044,-0.03626606254,-0.02187476788,0.009433261532,kline_close_unadjusted
2026-07-02,AON,9,0.5233531345,0.6978041794,0,FULL_ASOF_PANEL,68,daily_klines_as_of_membership,unavailable_as_of_equals_zero,-0.001538633693,0.0001398757903,-0.001454708219,0.02727577911,kline_close_unadjusted
2026-07-02,DLTR,10,0.5154448498,0.6872597997,0,FULL_ASOF_PANEL,68,daily_klines_as_of_membership,unavailable_as_of_equals_zero,-0.02087867795,-0.003546956872,0.006932688432,0.01523579202,kline_close_unadjusted
2026-07-02,KDP,11,0.4942229272,0.658963903,0,FULL_ASOF_PANEL,68,daily_klines_as_of_membership,unavailable_as_of_equals_zero,-0.04654654655,-0.06996996997,-0.04894894895,-0.07177177177,kline_close_unadjusted
2026-07-02,LH,12,0.4868909994,0.6491879992,0,FULL_ASOF_PANEL,68,daily_klines_as_of_membership,unavailable_as_of_equals_zero,-0.009025019165,-0.03219736567,-0.03543800962,-0.01261411945,kline_close_unadjusted
2026-07-02,KO,13,0.4860184695,0.6480246259,0,FULL_ASOF_PANEL,68,daily_klines_as_of_membership,unavailable_as_of_equals_zero,-0.01402424531,-0.0087948657,-0.007725219872,-0.03066318041,kline_close_unadjusted
2026-07-02,MCK,14,0.4759240512,0.6345654016,0,FULL_ASOF_PANEL,68,daily_klines_as_of_membership,unavailable_as_of_equals_zero,-0.002632582984,0.04115477553,0.02500317945,0.07006231718,kline_close_unadjusted
2026-07-02,GOOGL,15,0.4747234024,0.6329645365,0,FULL_ASOF_PANEL,68,daily_klines_as_of_membership,unavailable_as_of_equals_zero,0.01819899419,0.005584729516,-0.007585229641,-0.03650912728,kline_close_unadjusted
2026-07-02,PYPL,16,0.4669254478,0.6225672638,0,FULL_ASOF_PANEL,68,daily_klines_as_of_membership,unavailable_as_of_equals_zero,-0.008357158566,-0.02067297119,0.01869364416,0.243897075,kline_close_unadjusted
2026-07-02,GOOG,17,0.4650557525,0.6200743367,0,FULL_ASOF_PANEL,68,daily_klines_as_of_membership,unavailable_as_of_equals_zero,0.02448200348,0.007103150093,-0.003228704588,-0.02824414622,kline_close_unadjusted
2026-07-02,WELL,18,0.4637225175,0.61829669,0,FULL_ASOF_PANEL,68,daily_klines_as_of_membership,unavailable_as_of_equals_zero,-0.01427603152,-0.009150216047,,,kline_close_unadjusted
2026-07-02,NKE,19,0.4576931888,0.6102575851,0,FULL_ASOF_PANEL,68,daily_klines_as_of_membership,unavailable_as_of_equals_zero,-0.01701066001,-0.02721705602,0.006350646405,-0.007484690406,kline_close_unadjusted
2026-07-02,ALL,20,0.4540842892,0.6054457189,0,FULL_ASOF_PANEL,68,daily_klines_as_of_membership,unavailable_as_of_equals_zero,-0.007829664842,0.003355570647,0.005113250509,-0.001717732593,kline_close_unadjusted
2026-07-02,ABNB,21,0.4486973072,0.5982630763,0,FULL_ASOF_PANEL,68,daily_klines_as_of_membership,unavailable_as_of_equals_zero,-0.008594641778,-0.04015309206,-0.002081514806,-0.01980796347,kline_close_unadjusted
2026-07-02,BIIB,22,0.4447081686,0.5929442248,0,FULL_ASOF_PANEL,68,daily_klines_as_of_membership,unavailable_as_of_equals_zero,-0.03544327226,-0.07292245049,-0.07852119193,-0.04687210809,kline_close_unadjusted
2026-07-02,ALLE,23,0.4361813874,0.5815751833,0,FULL_ASOF_PANEL,68,daily_klines_as_of_membership,unavailable_as_of_equals_zero,-0.003129890454,-0.03976383554,-0.02809788021,-0.0237587139,kline_close_unadjusted
2026-07-02,AMAT,24,0.4286927209,0.5715902945,0,FULL_ASOF_PANEL,68,daily_klines_as_of_membership,unavailable_as_of_equals_zero,-0.01699721412,-0.05395993632,-0.0008954629875,-0.1216834704,kline_close_unadjusted
2026-07-02,ASML,25,0.4221380834,0.5628507779,0,FULL_ASOF_PANEL,68,daily_klines_as_of_membership,unavailable_as_of_equals_zero,0.03150928218,-0.0003786200562,0.01582528971,-0.01228715056,kline_close_unadjusted
2026-07-02,AWK,26,0.4100354057,0.5467138743,0,FULL_ASOF_PANEL,68,daily_klines_as_of_membership,unavailable_as_of_equals_zero,-0.02754639778,-0.03638754932,-0.04508256613,-0.01278678942,kline_close_unadjusted
2026-07-02,HOOD,27,0.3927652441,0.5236869921,0,FULL_ASOF_PANEL,68,daily_klines_as_of_membership,unavailable_as_of_equals_zero,0.04275703007,0.007096602502,-0.006741772376,-0.1132795174,kline_close_unadjusted
2026-07-02,ISRG,28,0.391985896,0.5226478613,0,FULL_ASOF_PANEL,68,daily_klines_as_of_membership,unavailable_as_of_equals_zero,0.01600901387,-0.02560972747,-0.04513978545,-0.1891739631,kline_close_unadjusted
2026-07-02,AMZN,29,0.3913061099,0.5217414799,0,FULL_ASOF_PANEL,68,daily_klines_as_of_membership,unavailable_as_of_equals_zero,0.006140025549,0.00391478139,0.01100259612,0.01879095067,kline_close_unadjusted
2026-07-02,CRWD,30,0.3897186476,0.5196248634,0,FULL_ASOF_PANEL,68,daily_klines_as_of_membership,unavailable_as_of_equals_zero,0.02783792144,-0.01474378802,-0.03505516033,0.04691205279,kline_close_unadjusted
2026-07-02,CASY,31,0.3873493041,0.5164657387,0,FULL_ASOF_PANEL,68,daily_klines_as_of_membership,unavailable_as_of_equals_zero,0.0122394723,0.0572847433,0.0281031326,0.07737453287,kline_close_unadjusted
2026-07-02,PODD,32,0.3691564619,0.4922086159,0,FULL_ASOF_PANEL,68,daily_klines_as_of_membership,unavailable_as_of_equals_zero,-0.02863570039,-0.04267996109,-0.01945525292,-0.002553501946,kline_close_unadjusted
2026-07-02,FFIV,33,0.3677727632,0.4903636842,0,FULL_ASOF_PANEL,68,daily_klines_as_of_membership,unavailable_as_of_equals_zero,0.02668202088,0.02695153624,0.05451560739,0.002339883373,kline_close_unadjusted
2026-07-02,TXN,34,0.3598430258,0.4797907011,0,FULL_ASOF_PANEL,68,daily_klines_as_of_membership,unavailable_as_of_equals_zero,0.03555343251,0.02811519039,,,kline_close_unadjusted
2026-07-02,AMD,35,0.355274303,0.4736990706,0,FULL_ASOF_PANEL,68,daily_klines_as_of_membership,unavailable_as_of_equals_zero,0.0661040516,-0.0008014367927,0.07738210189,-0.04260167626,kline_close_unadjusted
2026-07-02,MRNA,36,0.352115387,0.4694871827,0,FULL_ASOF_PANEL,68,daily_klines_as_of_membership,unavailable_as_of_equals_zero,0.02557673019,-0.07472417252,-0.1440571715,-0.2249247743,kline_close_unadjusted
2026-07-02,META,37,0.3495011643,0.4660015524,0,FULL_ASOF_PANEL,68,daily_klines_as_of_membership,unavailable_as_of_equals_zero,0.02983359067,0.03468862584,0.1480699949,0.1082689998,kline_close_unadjusted
2026-07-02,TSLA,38,0.3490132419,0.4653509893,0,FULL_ASOF_PANEL,68,daily_klines_as_of_membership,unavailable_as_of_equals_zero,0.06689541238,0.001550387597,,,kline_close_unadjusted
2026-07-02,GRMN,39,0.3406683497,0.4542244662,0,FULL_ASOF_PANEL,68,daily_klines_as_of_membership,unavailable_as_of_equals_zero,0.02166486126,0.01462378135,0.01287392717,0.03974668778,kline_close_unadjusted
2026-07-02,FTNT,40,0.331863328,0.4424844373,0,FULL_ASOF_PANEL,68,daily_klines_as_of_membership,unavailable_as_of_equals_zero,0.03904,0.002944,0.008064,0.034304,kline_close_unadjusted
2026-07-02,STX,41,0.3290525483,0.4387367311,0,FULL_ASOF_PANEL,68,daily_klines_as_of_membership,unavailable_as_of_equals_zero,0.05864709325,0.04860027312,0.1099541553,-0.03962641436,kline_close_unadjusted
2026-07-02,NFLX,42,0.3274715502,0.4366287336,0,FULL_ASOF_PANEL,68,daily_klines_as_of_membership,unavailable_as_of_equals_zero,-0.0209916291,-0.02652929813,-0.05511912428,-0.1120412106,kline_close_unadjusted
2026-07-02,WTW,43,0.3274415557,0.436588741,0,FULL_ASOF_PANEL,68,daily_klines_as_of_membership,unavailable_as_of_equals_zero,0.005031094962,0.02222066942,,,kline_close_unadjusted
2026-07-02,MELI,44,0.3244028262,0.4325371015,0,FULL_ASOF_PANEL,68,daily_klines_as_of_membership,unavailable_as_of_equals_zero,0.02399969377,0.026097904,0.05039243263,0.02866686326,kline_close_unadjusted
2026-07-02,SHOP,45,0.3240465686,0.4320620915,0,FULL_ASOF_PANEL,68,daily_klines_as_of_membership,unavailable_as_of_equals_zero,0.005692281935,-0.002009040683,0.02578268877,0.03432111167,kline_close_unadjusted
2026-07-02,IR,46,0.3239219993,0.4318959991,0,FULL_ASOF_PANEL,68,daily_klines_as_of_membership,unavailable_as_of_equals_zero,0.0004963394962,-0.04814493113,-0.02159076809,0.02047400422,kline_close_unadjusted
2026-07-02,BSX,47,0.3227426085,0.430323478,0,FULL_ASOF_PANEL,68,daily_klines_as_of_membership,unavailable_as_of_equals_zero,-0.01196278245,-0.007310589278,-0.008196721311,-0.02459016393,kline_close_unadjusted
2026-07-02,HCA,48,0.3195644689,0.4260859586,0,FULL_ASOF_PANEL,68,daily_klines_as_of_membership,unavailable_as_of_equals_zero,0.01600487211,0.0002679658952,-0.009524969549,-0.09578562728,kline_close_unadjusted
2026-07-02,EXPE,49,0.317233341,0.422977788,0,FULL_ASOF_PANEL,68,daily_klines_as_of_membership,unavailable_as_of_equals_zero,-0.007182998995,-0.03118835833,0.007964568834,0.000297740891,kline_close_unadjusted
2026-07-02,DLR,50,0.3109693363,0.4146257817,0,FULL_ASOF_PANEL,68,daily_klines_as_of_membership,unavailable_as_of_equals_zero,0.00230813618,0.01731102135,0.0410271206,0.003346797461,kline_close_unadjusted
2026-07-02,MDT,51,0.3104866202,0.4139821603,0,FULL_ASOF_PANEL,68,daily_klines_as_of_membership,unavailable_as_of_equals_zero,-0.001562687823,-0.01418439716,0.008174059382,0.0001202067556,kline_close_unadjusted
2026-07-02,MMM,52,0.3048049725,0.40640663,0,FULL_ASOF_PANEL,68,daily_klines_as_of_membership,unavailable_as_of_equals_zero,-0.00804038893,-0.03577661431,-0.01819995014,-0.003739715782,kline_close_unadjusted
2026-07-06,PANW,1,0.5782549662,0.7710066217,0,FULL_ASOF_PANEL,68,daily_klines_as_of_membership,unavailable_as_of_equals_zero,-0.05730987609,-0.05375772662,-0.076161441,-0.02480910693,kline_close_unadjusted
2026-07-06,AXON,2,0.5514926803,0.7353235738,0,FULL_ASOF_PANEL,68,daily_klines_as_of_membership,unavailable_as_of_equals_zero,0.02909938138,-0.06483489998,-0.1210251466,-0.1524383386,kline_close_unadjusted
2026-07-06,AJG,3,0.535012445,0.7133499266,0,FULL_ASOF_PANEL,68,daily_klines_as_of_membership,unavailable_as_of_equals_zero,0.0196180486,0.01597469672,0.04588221163,0.01557432838,kline_close_unadjusted
2026-07-06,CRWD,4,0.5146670781,0.6862227708,0,FULL_ASOF_PANEL,68,daily_klines_as_of_membership,unavailable_as_of_equals_zero,-0.02387400943,-0.004915237235,-0.05752833785,-0.004463837897,kline_close_unadjusted
2026-07-06,MA,5,0.4743029779,0.6324039705,0,FULL_ASOF_PANEL,68,daily_klines_as_of_membership,unavailable_as_of_equals_zero,-0.002780752682,-0.01696634913,0.0102775116,0.02857787047,kline_close_unadjusted
2026-07-06,TSLA,6,0.46948884,0.62598512,0,FULL_ASOF_PANEL,68,daily_klines_as_of_membership,unavailable_as_of_equals_zero,-0.04018867475,-0.03149343688,,,kline_close_unadjusted
2026-07-06,AMAT,7,0.4651035051,0.6201380068,0,FULL_ASOF_PANEL,68,daily_klines_as_of_membership,unavailable_as_of_equals_zero,-0.0645928575,-0.0069670541,-0.02935272187,-0.113176673,kline_close_unadjusted
2026-07-06,LH,8,0.4515573082,0.6020764109,0,FULL_ASOF_PANEL,68,daily_klines_as_of_membership,unavailable_as_of_equals_zero,-0.001863637962,-0.02377017476,-0.0271106579,-0.0102324273,kline_close_unadjusted
2026-07-06,AWK,9,0.4471312821,0.5961750428,0,FULL_ASOF_PANEL,68,daily_klines_as_of_membership,unavailable_as_of_equals_zero,0.01299872267,-0.01908482981,-0.01172139154,0.004207679014,kline_close_unadjusted
2026-07-06,MCK,10,0.4418456765,0.5891275687,0,FULL_ASOF_PANEL,68,daily_klines_as_of_membership,unavailable_as_of_equals_zero,0.02945564439,0.01094066792,0.03576756819,0.06022467898,kline_close_unadjusted
2026-07-06,VRTX,11,0.437338857,0.5831184759,0,FULL_ASOF_PANEL,68,daily_klines_as_of_membership,unavailable_as_of_equals_zero,-0.01385977832,-0.06248229763,,,kline_close_unadjusted
2026-07-06,ALLE,12,0.4246655689,0.5662207585,0,FULL_ASOF_PANEL,68,daily_klines_as_of_membership,unavailable_as_of_equals_zero,-0.005851291566,-0.03617810761,-0.02697302697,-0.01434280006,kline_close_unadjusted
2026-07-06,ISRG,13,0.4069680275,0.5426240367,0,FULL_ASOF_PANEL,68,daily_klines_as_of_membership,unavailable_as_of_equals_zero,-0.01277637872,-0.04916479911,-0.05939976434,-0.184044544,kline_close_unadjusted
2026-07-06,AMD,14,0.3904323677,0.5205764902,0,FULL_ASOF_PANEL,68,daily_klines_as_of_membership,unavailable_as_of_equals_zero,-0.06510279866,-0.009654922561,-0.03198985599,-0.08781813242,kline_close_unadjusted
2026-07-06,JNJ,15,0.3890633057,0.5187510743,0,FULL_ASOF_PANEL,68,daily_klines_as_of_membership,unavailable_as_of_equals_zero,0.0305016774,-0.0008869008599,-0.006015501485,-0.04052751321,kline_close_unadjusted
2026-07-06,DLTR,16,0.3860064324,0.5146752432,0,FULL_ASOF_PANEL,68,daily_klines_as_of_membership,unavailable_as_of_equals_zero,0.009797464186,-0.004445908118,0.04050716285,0.04050716285,kline_close_unadjusted
2026-07-06,ABBV,17,0.376091374,0.5014551653,0,FULL_ASOF_PANEL,68,daily_klines_as_of_membership,unavailable_as_of_equals_zero,-0.0004317789292,-0.01903752551,-0.03332548281,-0.00541686293,kline_close_unadjusted
2026-07-06,WELL,18,0.3746641848,0.4995522464,0,FULL_ASOF_PANEL,68,daily_klines_as_of_membership,unavailable_as_of_equals_zero,0.02105806008,-0.002449611071,,,kline_close_unadjusted
2026-07-06,FFIV,19,0.368335285,0.4911137134,0,FULL_ASOF_PANEL,68,daily_klines_as_of_membership,unavailable_as_of_equals_zero,-0.004582010835,0.02694317829,0.004582010835,-0.01696775887,kline_close_unadjusted
2026-07-06,META,20,0.3658854442,0.487847259,0,FULL_ASOF_PANEL,68,daily_klines_as_of_membership,unavailable_as_of_equals_zero,0.02547102234,0.05195822019,0.09402122308,0.07589664995,kline_close_unadjusted
2026-07-06,NKE,21,0.3650807023,0.4867742698,0,FULL_ASOF_PANEL,68,daily_klines_as_of_membership,unavailable_as_of_equals_zero,-0.002999538533,-0.01292108906,0.009690816797,0.002999538533,kline_close_unadjusted
2026-07-06,ASML,22,0.3591649391,0.4788865855,0,FULL_ASOF_PANEL,68,daily_klines_as_of_membership,unavailable_as_of_equals_zero,-0.04262297022,-0.01140772745,-0.05426088064,-0.04714882427,kline_close_unadjusted
2026-07-06,HOOD,23,0.3587300491,0.4783067322,0,FULL_ASOF_PANEL,68,daily_klines_as_of_membership,unavailable_as_of_equals_zero,-0.03955763505,-0.02075712463,-0.06541897065,-0.1554232242,kline_close_unadjusted
2026-07-06,WTW,24,0.3542379726,0.4723172968,0,FULL_ASOF_PANEL,68,daily_klines_as_of_membership,unavailable_as_of_equals_zero,0.0216922756,0.005110199541,,,kline_close_unadjusted
2026-07-06,APP,25,0.3530782549,0.4707710065,0,FULL_ASOF_PANEL,68,daily_klines_as_of_membership,unavailable_as_of_equals_zero,-0.02907372331,-0.04295775943,-0.1856231266,-0.2191838761,kline_close_unadjusted
2026-07-06,PYPL,26,0.3432167657,0.4576223542,0,FULL_ASOF_PANEL,68,daily_klines_as_of_membership,unavailable_as_of_equals_zero,0.01241960523,0.005100909293,0.05677533821,0.2601463739,kline_close_unadjusted
2026-07-06,FTNT,27,0.3352124575,0.4469499434,0,FULL_ASOF_PANEL,68,daily_klines_as_of_membership,unavailable_as_of_equals_zero,-0.0226670773,0.008500153988,-0.01065599014,-0.01225746843,kline_close_unadjusted
2026-07-06,HCA,28,0.3286779476,0.4382372634,0,FULL_ASOF_PANEL,68,daily_klines_as_of_membership,unavailable_as_of_equals_zero,0.01448198144,-0.01932529312,-0.0631308893,-0.1118517275,kline_close_unadjusted
2026-07-06,SHOP,29,0.3243508234,0.4324677645,0,FULL_ASOF_PANEL,68,daily_klines_as_of_membership,unavailable_as_of_equals_zero,0.01448310305,0.02522057599,0.03828866323,0.03612452139,kline_close_unadjusted
2026-07-06,MELI,30,0.3241925803,0.4322567737,0,FULL_ASOF_PANEL,68,daily_klines_as_of_membership,unavailable_as_of_equals_zero,0.004391641687,0.001190631718,0.03412559068,0.01480876928,kline_close_unadjusted
2026-07-06,MDT,31,0.3223809423,0.4298412564,0,FULL_ASOF_PANEL,68,daily_klines_as_of_membership,unavailable_as_of_equals_zero,0.009270406935,-0.008066457982,0.006140139658,0.002769082591,kline_close_unadjusted
2026-07-06,KDP,32,0.3201531809,0.4268709079,0,FULL_ASOF_PANEL,68,daily_klines_as_of_membership,unavailable_as_of_equals_zero,-0.008188976378,-0.03244094488,-0.0157480315,-0.04125984252,kline_close_unadjusted
2026-07-06,BSX,33,0.3177452749,0.4236603665,0,FULL_ASOF_PANEL,68,daily_klines_as_of_membership,unavailable_as_of_equals_zero,0.01569506726,0.008744394619,0.001121076233,-0.01860986547,kline_close_unadjusted
2026-07-06,NBIS,34,0.3166974608,0.422263281,0,FULL_ASOF_PANEL,68,daily_klines_as_of_membership,unavailable_as_of_equals_zero,-0.08370106093,0.01492817576,-0.01178293118,-0.1427096047,kline_close_unadjusted
2026-07-06,ABNB,35,0.3134206252,0.4178941669,0,FULL_ASOF_PANEL,68,daily_klines_as_of_membership,unavailable_as_of_equals_zero,0.007788689468,-0.005147307823,-0.008940060955,-0.01835421605,kline_close_unadjusted
2026-07-06,KO,36,0.3115813141,0.4154417521,0,FULL_ASOF_PANEL,68,daily_klines_as_of_membership,unavailable_as_of_equals_zero,0.0131388621,-0.003977820636,0.01554966249,-0.01012536162,kline_close_unadjusted
2026-07-06,AON,37,0.3103100387,0.4137467183,0,FULL_ASOF_PANEL,68,daily_klines_as_of_membership,unavailable_as_of_equals_zero,0.008153315962,-0.003782466168,0.0292510717,0.01644672326,kline_close_unadjusted
2026-07-06,ALL,38,0.3049263926,0.4065685234,0,FULL_ASOF_PANEL,68,daily_klines_as_of_membership,unavailable_as_of_equals_zero,0.01244111608,0.001087087813,0.03253210935,0.0215807062,kline_close_unadjusted
2026-07-07,CRWD,1,0.5765034091,0.7686712122,0,FULL_ASOF_PANEL,68,daily_klines_as_of_membership,unavailable_as_of_equals_zero,-0.01798376323,-0.03822834241,0.08277669304,-0.01782961669,kline_close_unadjusted
2026-07-07,AXON,2,0.5515426534,0.7353902046,0,FULL_ASOF_PANEL,68,daily_klines_as_of_membership,unavailable_as_of_equals_zero,-0.06348561971,-0.1165724635,-0.1455204072,-0.2018705306,kline_close_unadjusted
2026-07-07,PANW,3,0.4949823788,0.659976505,0,FULL_ASOF_PANEL,68,daily_klines_as_of_membership,unavailable_as_of_equals_zero,-0.04880726323,-0.03302278661,0.0470270591,0.01516140517,kline_close_unadjusted
2026-07-07,AJG,4,0.4926794348,0.6569059131,0,FULL_ASOF_PANEL,68,daily_klines_as_of_membership,unavailable_as_of_equals_zero,0.007617701339,-0.006204107276,-0.003298386147,-0.02532689363,kline_close_unadjusted
2026-07-07,META,5,0.4802941092,0.6403921456,0,FULL_ASOF_PANEL,68,daily_klines_as_of_membership,unavailable_as_of_equals_zero,-0.02024107346,0.08712108905,0.07384905293,0.04585918971,kline_close_unadjusted
2026-07-07,DLTR,6,0.4786228253,0.6381637671,0,FULL_ASOF_PANEL,68,daily_klines_as_of_membership,unavailable_as_of_equals_zero,0.007827150428,0.01842641663,0.01557276804,0.02519364044,kline_close_unadjusted
2026-07-07,TSLA,7,0.4553655909,0.6071541211,0,FULL_ASOF_PANEL,68,daily_klines_as_of_membership,unavailable_as_of_equals_zero,-0.02194092827,,,,kline_close_unadjusted
2026-07-07,MCK,8,0.4541617986,0.6055490648,0,FULL_ASOF_PANEL,68,daily_klines_as_of_membership,unavailable_as_of_equals_zero,0.01403391426,-0.00169695168,-0.004905057411,0.02664338003,kline_close_unadjusted
2026-07-07,AWK,9,0.4391530222,0.5855373629,0,FULL_ASOF_PANEL,68,daily_klines_as_of_membership,unavailable_as_of_equals_zero,-0.02180685358,-0.03063343718,-0.0241062157,-0.02440290758,kline_close_unadjusted
2026-07-07,NKE,10,0.4368322014,0.5824429352,0,FULL_ASOF_PANEL,68,daily_klines_as_of_membership,unavailable_as_of_equals_zero,-0.007405693127,0.02684563758,-0.008099976857,-0.005785697755,kline_close_unadjusted
2026-07-07,AMD,11,0.4286757692,0.5715676923,0,FULL_ASOF_PANEL,68,daily_klines_as_of_membership,unavailable_as_of_equals_zero,0.002509155025,0.0809517351,0.06204103776,0.05487202341,kline_close_unadjusted
2026-07-07,ASML,12,0.4267977388,0.5690636517,0,FULL_ASOF_PANEL,68,daily_klines_as_of_membership,unavailable_as_of_equals_zero,0.01223043817,0.02863874136,0.01623094181,0.0310368115,kline_close_unadjusted
2026-07-07,VRTX,13,0.4194586365,0.559278182,0,FULL_ASOF_PANEL,68,daily_klines_as_of_membership,unavailable_as_of_equals_zero,-0.04561033988,,,,kline_close_unadjusted
2026-07-07,ISRG,14,0.4130823333,0.5507764444,0,FULL_ASOF_PANEL,68,daily_klines_as_of_membership,unavailable_as_of_equals_zero,-0.02855136906,-0.04802246665,-0.1118652001,-0.18076293,kline_close_unadjusted
2026-07-07,FFIV,15,0.3986346657,0.5315128876,0,FULL_ASOF_PANEL,68,daily_klines_as_of_membership,unavailable_as_of_equals_zero,0.004866821702,0.03183812424,0.03392390497,-0.02006664909,kline_close_unadjusted
2026-07-07,MA,16,0.3966784138,0.5289045518,0,FULL_ASOF_PANEL,68,daily_klines_as_of_membership,unavailable_as_of_equals_zero,-0.02215732454,-0.007555346208,0.01369759774,0.01422515309,kline_close_unadjusted
2026-07-07,WELL,17,0.3650839013,0.4867785351,0,FULL_ASOF_PANEL,68,daily_klines_as_of_membership,unavailable_as_of_equals_zero,-0.01553095669,,,,kline_close_unadjusted
2026-07-07,SHOP,18,0.3649760503,0.4866347337,0,FULL_ASOF_PANEL,68,daily_klines_as_of_membership,unavailable_as_of_equals_zero,-0.02182474565,0.005415162455,0.03117820807,0.009435510338,kline_close_unadjusted
2026-07-07,JNJ,19,0.3484669343,0.4646225791,0,FULL_ASOF_PANEL,68,daily_klines_as_of_membership,unavailable_as_of_equals_zero,-0.01436910642,-0.03839245622,-0.05010477473,-0.06222870828,kline_close_unadjusted
2026-07-07,HCA,20,0.3478648553,0.463819807,0,FULL_ASOF_PANEL,68,daily_klines_as_of_membership,unavailable_as_of_equals_zero,-0.02954314481,-0.03904422018,-0.1406490038,-0.1182198483,kline_close_unadjusted
2026-07-07,TXN,21,0.345427352,0.4605698027,0,FULL_ASOF_PANEL,68,daily_klines_as_of_membership,unavailable_as_of_equals_zero,0.02734401637,,,,kline_close_unadjusted
2026-07-07,APP,22,0.3444978888,0.4593305184,0,FULL_ASOF_PANEL,68,daily_klines_as_of_membership,unavailable_as_of_equals_zero,-0.01098526459,-0.03977423387,-0.1496268798,-0.1880563658,kline_close_unadjusted
2026-07-07,KO,23,0.3444880353,0.4593173803,0,FULL_ASOF_PANEL,68,daily_klines_as_of_membership,unavailable_as_of_equals_zero,-0.007733491969,-0.006662700773,-0.01154074955,-0.0247471743,kline_close_unadjusted
2026-07-07,MELI,24,0.3436804655,0.4582406207,0,FULL_ASOF_PANEL,68,daily_klines_as_of_membership,unavailable_as_of_equals_zero,-0.002332364731,0.02128903127,0.03323206202,0.00498453361,kline_close_unadjusted
2026-07-07,AMAT,25,0.3381383587,0.4508511449,0,FULL_ASOF_PANEL,68,daily_klines_as_of_membership,unavailable_as_of_equals_zero,0.02885482417,0.0865644725,0.07430117223,0.01812443643,kline_close_unadjusted
2026-07-07,PYPL,26,0.3363270268,0.4484360357,0,FULL_ASOF_PANEL,68,daily_klines_as_of_membership,unavailable_as_of_equals_zero,-0.02453450164,0.01467688938,0.03767798467,0.2234392114,kline_close_unadjusted
2026-07-07,MDT,27,0.3359452856,0.4479270475,0,FULL_ASOF_PANEL,68,daily_klines_as_of_membership,unavailable_as_of_equals_zero,-0.0217106048,0.0004771561493,-0.05403793391,-0.01765477753,kline_close_unadjusted
2026-07-07,LH,28,0.3249125853,0.4332167804,0,FULL_ASOF_PANEL,68,daily_klines_as_of_membership,unavailable_as_of_equals_zero,-0.02155992391,-0.02483618685,-0.02881702248,-0.01571197069,kline_close_unadjusted
2026-07-07,CMG,29,0.3217064871,0.4289419828,0,FULL_ASOF_PANEL,68,daily_klines_as_of_membership,unavailable_as_of_equals_zero,-0.02678311499,0.02620087336,0.06055312955,-0.02998544396,kline_close_unadjusted
2026-07-07,BSX,30,0.3216047885,0.4288063847,0,FULL_ASOF_PANEL,68,daily_klines_as_of_membership,unavailable_as_of_equals_zero,-0.01081677704,-0.01169977925,-0.05894039735,-0.04657836645,kline_close_unadjusted
2026-07-07,WTW,31,0.3194906379,0.4259875172,0,FULL_ASOF_PANEL,68,daily_klines_as_of_membership,unavailable_as_of_equals_zero,-0.004491323579,,,,kline_close_unadjusted
2026-07-07,FTNT,32,0.3190971866,0.4254629155,0,FULL_ASOF_PANEL,68,daily_klines_as_of_membership,unavailable_as_of_equals_zero,-0.01235268167,-0.007310770782,0.05142749102,-0.003592361505,kline_close_unadjusted
2026-07-07,ALL,33,0.312904088,0.4172054507,0,FULL_ASOF_PANEL,68,daily_klines_as_of_membership,unavailable_as_of_equals_zero,-0.001153264933,0.0005965163445,-0.00441422095,0.001113497176,kline_close_unadjusted
2026-07-07,ABBV,34,0.312058481,0.4160779746,0,FULL_ASOF_PANEL,68,daily_klines_as_of_membership,unavailable_as_of_equals_zero,-0.00750049087,-0.03259375614,-0.04555271942,0.005694089927,kline_close_unadjusted
2026-07-07,DLR,35,0.3038393417,0.4051191223,0,FULL_ASOF_PANEL,68,daily_klines_as_of_membership,unavailable_as_of_equals_zero,0.008004574042,0.03150371641,-0.01023441967,0.02521440823,kline_close_unadjusted
2026-07-07,MRNA,36,0.3024763008,0.4033017344,0,FULL_ASOF_PANEL,68,daily_klines_as_of_membership,unavailable_as_of_equals_zero,-0.07484016548,-0.1441644729,-0.154569387,-0.2520997869,kline_close_unadjusted
2026-07-07,ALLE,37,0.3022754702,0.4030339603,0,FULL_ASOF_PANEL,68,daily_klines_as_of_membership,unavailable_as_of_equals_zero,-0.03107952914,-0.01930806776,-0.0201693942,-0.01449899512,kline_close_unadjusted
2026-07-08,CRWD,1,0.5582257954,0.7443010605,0,FULL_ASOF_PANEL,68,daily_klines_as_of_membership,unavailable_as_of_equals_zero,0.03809125157,-0.01679573043,0.08188572625,-0.0141272499,kline_close_unadjusted
2026-07-08,AJG,2,0.4999741785,0.666632238,0,FULL_ASOF_PANEL,68,daily_klines_as_of_membership,unavailable_as_of_equals_zero,-0.01110634815,0.0180039749,-0.0344491641,-0.05498616578,kline_close_unadjusted
2026-07-08,META,3,0.4549931512,0.6066575349,0,FULL_ASOF_PANEL,68,daily_klines_as_of_membership,unavailable_as_of_equals_zero,0.04702215148,0.08888778353,0.1296425255,0.03987597825,kline_close_unadjusted
2026-07-08,AXON,4,0.4500084628,0.6000112837,0,FULL_ASOF_PANEL,68,daily_klines_as_of_membership,unavailable_as_of_equals_zero,-0.02967655885,-0.08797932644,-0.09783261087,-0.180576859,kline_close_unadjusted
2026-07-08,VRTX,5,0.4413336265,0.5884448353,0,FULL_ASOF_PANEL,68,daily_klines_as_of_membership,unavailable_as_of_equals_zero,-0.003872158578,,,,kline_close_unadjusted
2026-07-08,DLTR,6,0.406514662,0.5420195493,0,FULL_ASOF_PANEL,68,daily_klines_as_of_membership,unavailable_as_of_equals_zero,-0.02176199337,0.02240919019,0.02766766443,-0.01181134212,kline_close_unadjusted
2026-07-08,AWK,7,0.3759049994,0.5012066658,0,FULL_ASOF_PANEL,68,daily_klines_as_of_membership,unavailable_as_of_equals_zero,-0.01008492569,-0.002653927813,-0.02024567789,0.01478616924,kline_close_unadjusted
2026-07-08,MCK,8,0.3757679199,0.5010238932,0,FULL_ASOF_PANEL,68,daily_klines_as_of_membership,unavailable_as_of_equals_zero,-0.03157599003,-0.007793223072,-0.02725185059,-0.005643368431,kline_close_unadjusted
2026-07-08,PANW,9,0.3728881374,0.4971841832,0,FULL_ASOF_PANEL,68,daily_klines_as_of_membership,unavailable_as_of_equals_zero,0.05527309024,0.03028790667,0.1042764902,0.04582176612,kline_close_unadjusted
2026-07-08,HCA,10,0.3602608779,0.4803478373,0,FULL_ASOF_PANEL,68,daily_klines_as_of_membership,unavailable_as_of_equals_zero,-0.003896641582,-0.04839141765,-0.0773483354,-0.09434743431,kline_close_unadjusted
2026-07-08,SHOP,11,0.3532790616,0.4710387488,0,FULL_ASOF_PANEL,68,daily_klines_as_of_membership,unavailable_as_of_equals_zero,0.03313202483,0.04630095622,0.0363194095,-0.006710283509,kline_close_unadjusted
2026-07-08,PDD,12,0.3518275086,0.4691033448,0,FULL_ASOF_PANEL,68,daily_klines_as_of_membership,unavailable_as_of_equals_zero,0.0134529148,-0.002124144442,0.01180080245,-0.01357092282,kline_close_unadjusted
2026-07-08,WELL,13,0.3511008072,0.4681344096,0,FULL_ASOF_PANEL,68,daily_klines_as_of_membership,unavailable_as_of_equals_zero,-0.007610089782,,,,kline_close_unadjusted
2026-07-08,AMD,14,0.3509459665,0.4679279554,0,FULL_ASOF_PANEL,68,daily_klines_as_of_membership,unavailable_as_of_equals_zero,0.05665774393,0.0328272823,0.02268049207,0.06750031407,kline_close_unadjusted
2026-07-08,ABBV,15,0.350680474,0.4675739654,0,FULL_ASOF_PANEL,68,daily_klines_as_of_membership,unavailable_as_of_equals_zero,-0.01119727783,-0.02559943024,-0.03414576244,0.002215715755,kline_close_unadjusted
2026-07-08,MA,16,0.3483566074,0.4644754765,0,FULL_ASOF_PANEL,68,daily_klines_as_of_membership,unavailable_as_of_equals_zero,0.008111909671,0.03605079096,0.03125301066,0.025029384,kline_close_unadjusted
2026-07-08,NKE,17,0.3469418343,0.4625891125,0,FULL_ASOF_PANEL,68,daily_klines_as_of_membership,unavailable_as_of_equals_zero,-0.002564700396,0.02028444859,-0.002797854978,-0.01585451154,kline_close_unadjusted
2026-07-08,JNJ,18,0.3466463627,0.4621951502,0,FULL_ASOF_PANEL,68,daily_klines_as_of_membership,unavailable_as_of_equals_zero,-0.01632498102,-0.02137433561,-0.06218678815,-0.02949886105,kline_close_unadjusted
2026-07-08,REGN,19,0.3392922102,0.4523896136,0,FULL_ASOF_PANEL,68,daily_klines_as_of_membership,unavailable_as_of_equals_zero,0.007648443157,0.0003167994207,0.002368452812,-0.01765025344,kline_close_unadjusted
2026-07-08,MRNA,20,0.3254883962,0.4339845283,0,FULL_ASOF_PANEL,68,daily_klines_as_of_membership,unavailable_as_of_equals_zero,0.03739837398,-0.09200542005,-0.07479674797,-0.2131436314,kline_close_unadjusted
2026-07-08,ASML,21,0.3250116734,0.4333488979,0,FULL_ASOF_PANEL,68,daily_klines_as_of_membership,unavailable_as_of_equals_zero,0.02012834648,-0.02409182145,0.02635908744,0.01877703333,kline_close_unadjusted
2026-07-08,PYPL,22,0.3159878152,0.421317087,0,FULL_ASOF_PANEL,68,daily_klines_as_of_membership,unavailable_as_of_equals_zero,0.01774084887,0.07006512464,0.2467999102,0.2465753425,kline_close_unadjusted
2026-07-08,ALL,23,0.3132477005,0.4176636006,0,FULL_ASOF_PANEL,68,daily_klines_as_of_membership,unavailable_as_of_equals_zero,-0.01007285902,0.02102161882,-0.04654218259,0.002627702353,kline_close_unadjusted
2026-07-08,MELI,24,0.3097703159,0.4130270878,0,FULL_ASOF_PANEL,68,daily_klines_as_of_membership,unavailable_as_of_equals_zero,-0.0008566470283,0.03201096508,0.01868590346,-0.005620709856,kline_close_unadjusted
2026-07-08,WTW,25,0.3067488327,0.4089984437,0,FULL_ASOF_PANEL,68,daily_klines_as_of_membership,unavailable_as_of_equals_zero,-0.01179164673,,,,kline_close_unadjusted
2026-07-08,KO,26,0.3035495175,0.40473269,0,FULL_ASOF_PANEL,68,daily_klines_as_of_membership,unavailable_as_of_equals_zero,-0.009232613909,0.01019184652,-0.01139088729,-0.01438848921,kline_close_unadjusted
2026-07-09,META,1,0.4986037332,0.6648049775,0,FULL_ASOF_PANEL,68,daily_klines_as_of_membership,unavailable_as_of_equals_zero,0.05974852727,0.046810667,0.052353202,-0.04019129664,kline_close_unadjusted
2026-07-09,VRTX,2,0.4764657214,0.6352876285,0,FULL_ASOF_PANEL,68,daily_klines_as_of_membership,unavailable_as_of_equals_zero,,,,,missing_future_price
2026-07-09,TSLA,3,0.4755546401,0.6340728535,0,FULL_ASOF_PANEL,68,daily_klines_as_of_membership,unavailable_as_of_equals_zero,,,,,missing_future_price
2026-07-09,CRWD,4,0.4698294238,0.6264392317,0,FULL_ASOF_PANEL,68,daily_klines_as_of_membership,unavailable_as_of_equals_zero,-0.05655241935,0.06214717742,0.02701612903,-0.07550403226,kline_close_unadjusted
2026-07-09,AMD,5,0.424919905,0.5665598733,0,FULL_ASOF_PANEL,68,daily_klines_as_of_membership,unavailable_as_of_equals_zero,0.02043093357,0.002579016681,-0.0837357331,-0.01285850161,kline_close_unadjusted
2026-07-09,ALLE,6,0.3932376222,0.5243168296,0,FULL_ASOF_PANEL,68,daily_klines_as_of_membership,unavailable_as_of_equals_zero,0.01154956689,0.01066113867,0.03264973717,0.1443695861,kline_close_unadjusted
2026-07-09,STX,7,0.386962919,0.5159505587,0,FULL_ASOF_PANEL,68,daily_klines_as_of_membership,unavailable_as_of_equals_zero,0.02275050838,-0.01323461672,-0.162455482,,kline_close_unadjusted
2026-07-09,EXPE,8,0.3801089533,0.5068119377,0,FULL_ASOF_PANEL,68,daily_klines_as_of_membership,unavailable_as_of_equals_zero,0.01138994697,-0.005601613265,0.01183807603,-0.03797893793,kline_close_unadjusted
2026-07-09,AVGO,9,0.371218058,0.4949574106,0,FULL_ASOF_PANEL,68,daily_klines_as_of_membership,unavailable_as_of_equals_zero,-0.002842113136,-0.02991698038,-0.06646555808,-0.02154022587,kline_close_unadjusted
2026-07-09,SHOP,10,0.3688346011,0.4917794682,0,FULL_ASOF_PANEL,68,daily_klines_as_of_membership,unavailable_as_of_equals_zero,-0.005114881871,0.02037833888,0.01534464561,,kline_close_unadjusted
2026-07-09,AJG,11,0.3662505116,0.4883340154,0,FULL_ASOF_PANEL,68,daily_klines_as_of_membership,unavailable_as_of_equals_zero,-0.002640290038,0.000275851198,0.008551387137,-0.04551544767,kline_close_unadjusted
2026-07-09,HCA,12,0.3658385077,0.4877846769,0,FULL_ASOF_PANEL,68,daily_klines_as_of_membership,unavailable_as_of_equals_zero,-0.005916725752,-0.1110241803,-0.05689347449,-0.07948460918,kline_close_unadjusted
2026-07-09,JNJ,13,0.3542731427,0.4723641903,0,FULL_ASOF_PANEL,68,daily_klines_as_of_membership,unavailable_as_of_equals_zero,-0.008182169047,-0.02026244693,-0.03523736009,0.0006561173292,kline_close_unadjusted
2026-07-09,AXON,14,0.3512907967,0.4683877289,0,FULL_ASOF_PANEL,68,daily_klines_as_of_membership,unavailable_as_of_equals_zero,-0.02783505155,-0.05969072165,-0.0691580756,-0.1548109966,kline_close_unadjusted
2026-07-09,MRNA,15,0.3486386753,0.4648515671,0,FULL_ASOF_PANEL,68,daily_klines_as_of_membership,unavailable_as_of_equals_zero,-0.1082810867,-0.1191222571,-0.1751567398,-0.2552246604,kline_close_unadjusted
2026-07-09,ABBV,16,0.3485218151,0.4646957534,0,FULL_ASOF_PANEL,68,daily_klines_as_of_membership,unavailable_as_of_equals_zero,-0.01424512825,-0.02744988196,0.01792645352,0.02805009804,kline_close_unadjusted
2026-07-09,WTW,17,0.345388026,0.4605173679,0,FULL_ASOF_PANEL,68,daily_klines_as_of_membership,unavailable_as_of_equals_zero,,,,,missing_future_price
2026-07-09,MCK,18,0.3421922148,0.4562562864,0,FULL_ASOF_PANEL,68,daily_klines_as_of_membership,unavailable_as_of_equals_zero,0.01658657181,0.0133197109,0.06117480859,0.03995913271,kline_close_unadjusted
2026-07-09,FTNT,19,0.3414430524,0.4552574032,0,FULL_ASOF_PANEL,68,daily_klines_as_of_membership,unavailable_as_of_equals_zero,-0.03798937275,0.01893361021,-0.01801746778,-0.07445184145,kline_close_unadjusted
2026-07-09,PDD,20,0.3376047416,0.4501396555,0,FULL_ASOF_PANEL,68,daily_klines_as_of_membership,unavailable_as_of_equals_zero,-0.008733115976,-0.02293898463,0.009315323707,-0.03004191896,kline_close_unadjusted
2026-07-09,MA,21,0.3358282559,0.4477710079,0,FULL_ASOF_PANEL,68,daily_klines_as_of_membership,unavailable_as_of_equals_zero,0.006766055046,0.02832568807,0.05416666667,0.01355122324,kline_close_unadjusted
2026-07-09,MELI,22,0.3330185001,0.4440246668,0,FULL_ASOF_PANEL,68,daily_klines_as_of_membership,unavailable_as_of_equals_zero,0.02455429991,0.03653551495,0.02743067656,-0.005050253619,kline_close_unadjusted
2026-07-09,ASML,23,0.3318945222,0.4425260296,0,FULL_ASOF_PANEL,68,daily_klines_as_of_membership,unavailable_as_of_equals_zero,-0.00384098656,-0.0158570043,-0.01074130525,-0.001706027435,kline_close_unadjusted
2026-07-09,CMG,24,0.3274303264,0.4365737685,0,FULL_ASOF_PANEL,68,daily_klines_as_of_membership,unavailable_as_of_equals_zero,0.01878612717,0.05289017341,-0.01156069364,-0.07485549133,kline_close_unadjusted
2026-07-09,ISRG,25,0.3244797695,0.4326396926,0,FULL_ASOF_PANEL,68,daily_klines_as_of_membership,unavailable_as_of_equals_zero,-0.01159032924,-0.07787632122,-0.02240311019,-0.1932450492,kline_close_unadjusted
2026-07-09,TXN,26,0.3204587651,0.4272783535,0,FULL_ASOF_PANEL,68,daily_klines_as_of_membership,unavailable_as_of_equals_zero,,,,,missing_future_price
2026-07-09,AWK,27,0.3183391634,0.4244522178,0,FULL_ASOF_PANEL,68,daily_klines_as_of_membership,unavailable_as_of_equals_zero,0.001072386059,0.00781309843,0.02895442359,0.02956721563,kline_close_unadjusted
2026-07-09,ALL,28,0.318309764,0.4244130187,0,FULL_ASOF_PANEL,68,daily_klines_as_of_membership,unavailable_as_of_equals_zero,0.01194498069,0.006877413127,-0.02726833977,0.02364864865,kline_close_unadjusted
2026-07-09,CBRE,29,0.3164324551,0.4219099401,0,FULL_ASOF_PANEL,68,daily_klines_as_of_membership,unavailable_as_of_equals_zero,-0.01084644832,-0.05621721253,0.01864454842,-0.03906139232,kline_close_unadjusted
2026-07-09,KO,30,0.3144017082,0.4192022776,0,FULL_ASOF_PANEL,68,daily_klines_as_of_membership,unavailable_as_of_equals_zero,0.01040784219,0.005445963936,0.02771390536,-0.01766912744,kline_close_unadjusted
2026-07-09,PYPL,31,0.3142782613,0.4190376817,0,FULL_ASOF_PANEL,68,daily_klines_as_of_membership,unavailable_as_of_equals_zero,0.02206531333,0.04523389232,0.2517652251,0.2356575463,kline_close_unadjusted
2026-07-09,AMZN,32,0.3108333428,0.414444457,0,FULL_ASOF_PANEL,68,daily_klines_as_of_membership,unavailable_as_of_equals_zero,-0.006881476684,0.001821567358,0.01153659326,-0.05416126943,kline_close_unadjusted
2026-07-09,MDT,33,0.3096519007,0.412869201,0,FULL_ASOF_PANEL,68,daily_klines_as_of_membership,unavailable_as_of_equals_zero,0.01796334507,-0.03750455152,0.01420075252,-0.00461221022,kline_close_unadjusted
2026-07-09,APP,34,0.3076881316,0.4102508422,0,FULL_ASOF_PANEL,68,daily_klines_as_of_membership,unavailable_as_of_equals_zero,-0.0258440136,-0.1372903176,-0.1651518936,-0.2335952962,kline_close_unadjusted
2026-07-09,WELL,35,0.3044418013,0.4059224017,0,FULL_ASOF_PANEL,68,daily_klines_as_of_membership,unavailable_as_of_equals_zero,,,,,missing_future_price
2026-07-09,AKAM,36,0.3044278765,0.4059038354,0,FULL_ASOF_PANEL,68,daily_klines_as_of_membership,unavailable_as_of_equals_zero,-0.02571031501,-0.02632798023,-0.08268993206,-0.09380790611,kline_close_unadjusted
2026-07-09,GS,37,0.3000444508,0.4000592677,0,FULL_ASOF_PANEL,68,daily_klines_as_of_membership,unavailable_as_of_equals_zero,-0.0007480326146,0.07957612432,0.03739689575,0.01775618626,kline_close_unadjusted
2026-07-10,META,1,0.6284012796,0.8378683728,0,FULL_ASOF_PANEL,63,daily_klines_as_of_membership,unavailable_as_of_equals_zero,-0.01864885462,0.01808102091,-0.03466774256,-0.1106080304,kline_close_unadjusted
2026-07-10,CRWD,2,0.50742975,0.6765730001,0,FULL_ASOF_PANEL,63,daily_klines_as_of_membership,unavailable_as_of_equals_zero,0.003899989315,0.1046586174,0.08494497275,-0.02083555935,kline_close_unadjusted
2026-07-10,AMD,3,0.4670287425,0.62270499,0,FULL_ASOF_PANEL,63,daily_klines_as_of_membership,unavailable_as_of_equals_zero,-0.04212299916,-0.05153345642,-0.1113660399,-0.06442130169,kline_close_unadjusted
2026-07-10,ALLE,4,0.4346601516,0.5795468687,0,FULL_ASOF_PANEL,63,daily_klines_as_of_membership,unavailable_as_of_equals_zero,-0.00197613994,-0.00592841982,0.004464612457,0.1224474859,kline_close_unadjusted
2026-07-10,STX,5,0.4151680609,0.5535574145,0,FULL_ASOF_PANEL,63,daily_klines_as_of_membership,unavailable_as_of_equals_zero,-0.05457301668,-0.09012017488,-0.1347628359,,kline_close_unadjusted
2026-07-10,AVGO,6,0.4135310152,0.5513746869,0,FULL_ASOF_PANEL,63,daily_klines_as_of_membership,unavailable_as_of_equals_zero,-0.03980298522,-0.01422606696,-0.0728679651,-0.04512838463,kline_close_unadjusted
2026-07-10,SHOP,7,0.38124083,0.5083211067,0,FULL_ASOF_PANEL,63,daily_klines_as_of_membership,unavailable_as_of_equals_zero,0.01795332136,0.008242206626,0.008323812633,,kline_close_unadjusted
2026-07-10,NBIS,8,0.3752472687,0.5003296916,0,FULL_ASOF_PANEL,63,daily_klines_as_of_membership,unavailable_as_of_equals_zero,-0.04161165491,-0.09169132711,-0.190940132,-0.1451399954,kline_close_unadjusted
2026-07-10,HCA,9,0.3744648898,0.4992865197,0,FULL_ASOF_PANEL,63,daily_klines_as_of_membership,unavailable_as_of_equals_zero,-0.03898275904,-0.06822597703,-0.08709018913,-0.06001131361,kline_close_unadjusted
2026-07-10,APP,10,0.3725499365,0.4967332486,0,FULL_ASOF_PANEL,63,daily_klines_as_of_membership,unavailable_as_of_equals_zero,-0.1264941418,-0.1070061935,-0.1626099649,-0.2268334057,kline_close_unadjusted
2026-07-10,BIIB,11,0.369731592,0.4929754559,0,FULL_ASOF_PANEL,63,daily_klines_as_of_membership,unavailable_as_of_equals_zero,0.0496108461,-0.009590760733,0.03434597037,0.01526487572,kline_close_unadjusted
2026-07-10,FTNT,12,0.3524256363,0.4699008483,0,FULL_ASOF_PANEL,63,daily_klines_as_of_membership,unavailable_as_of_equals_zero,0.01974477811,0.04444162275,0.02603009333,-0.03263284871,kline_close_unadjusted
2026-07-10,MCK,13,0.351069568,0.4680927574,0,FULL_ASOF_PANEL,63,daily_klines_as_of_membership,unavailable_as_of_equals_zero,0.007841580227,-0.01192366867,0.04395999801,0.0433520274,kline_close_unadjusted
2026-07-10,JNJ,14,0.34582961,0.4611061467,0,FULL_ASOF_PANEL,63,daily_klines_as_of_membership,unavailable_as_of_equals_zero,0.003074169196,-0.03875787999,-0.01533193245,0.02498248891,kline_close_unadjusted
2026-07-10,CMG,15,0.340614634,0.4541528454,0,FULL_ASOF_PANEL,63,daily_klines_as_of_membership,unavailable_as_of_equals_zero,0.03914893617,-0.01758865248,-0.0229787234,-0.09815602837,kline_close_unadjusted
2026-07-10,MDT,16,0.3369145293,0.4492193724,0,FULL_ASOF_PANEL,63,daily_klines_as_of_membership,unavailable_as_of_equals_zero,-0.00357696435,-0.0405389293,-0.007988553714,-0.007869321569,kline_close_unadjusted
2026-07-10,MA,17,0.3346761368,0.4462348491,0,FULL_ASOF_PANEL,63,daily_klines_as_of_membership,unavailable_as_of_equals_zero,0.02080722937,0.01608003949,0.03200820139,0.02452823025,kline_close_unadjusted
2026-07-10,ASML,18,0.3340362284,0.4453816379,0,FULL_ASOF_PANEL,63,daily_klines_as_of_membership,unavailable_as_of_equals_zero,-0.03965899448,0.009987148086,-0.02767448355,-0.02340039745,kline_close_unadjusted
2026-07-10,MELI,19,0.3281180157,0.4374906876,0,FULL_ASOF_PANEL,63,daily_klines_as_of_membership,unavailable_as_of_equals_zero,0.008141581454,-0.004875284793,-0.02068328816,-0.02741580374,kline_close_unadjusted
2026-07-10,PYPL,20,0.327660641,0.4368808546,0,FULL_ASOF_PANEL,63,daily_klines_as_of_membership,unavailable_as_of_equals_zero,0.02871329879,0.1986183074,0.2210708117,0.2122193437,kline_close_unadjusted
2026-07-10,GOOG,21,0.3218757942,0.4291677256,0,FULL_ASOF_PANEL,63,daily_klines_as_of_membership,unavailable_as_of_equals_zero,-0.01228065234,0.04275695012,-0.02509647072,-0.1012308819,kline_close_unadjusted
2026-07-10,ALL,22,0.3213840045,0.428512006,0,FULL_ASOF_PANEL,63,daily_klines_as_of_membership,unavailable_as_of_equals_zero,0.01923611939,-0.04820953062,-0.006796232264,0.0332260244,kline_close_unadjusted
2026-07-10,PANW,23,0.3210751886,0.4281002514,0,FULL_ASOF_PANEL,63,daily_klines_as_of_membership,unavailable_as_of_equals_zero,0.01346997637,0.08625080544,0.1005492314,-0.006504863306,kline_close_unadjusted
2026-07-10,AMAT,24,0.3209452353,0.4279269804,0,FULL_ASOF_PANEL,63,daily_klines_as_of_membership,unavailable_as_of_equals_zero,-0.04499585062,-0.03829045643,-0.1208962656,-0.1099585062,kline_close_unadjusted
2026-07-10,AMZN,25,0.3206573875,0.4275431833,0,FULL_ASOF_PANEL,63,daily_klines_as_of_membership,unavailable_as_of_equals_zero,0.008029673107,0.03921089101,0.007703595011,-0.05392516508,kline_close_unadjusted
2026-07-10,ABNB,26,0.3181617143,0.424215619,0,FULL_ASOF_PANEL,63,daily_klines_as_of_membership,unavailable_as_of_equals_zero,-0.01540842417,-0.001614856681,-0.0177634235,-0.05059884269,kline_close_unadjusted
2026-07-10,GS,27,0.3153575609,0.4204767478,0,FULL_ASOF_PANEL,63,daily_klines_as_of_membership,unavailable_as_of_equals_zero,-0.008785324894,0.0918229978,0.009514868599,0.005733523595,kline_close_unadjusted
2026-07-10,AJG,28,0.3145758568,0.4194344758,0,FULL_ASOF_PANEL,63,daily_klines_as_of_membership,unavailable_as_of_equals_zero,0.03216247185,-0.02102019045,0.00320044253,-0.02102019045,kline_close_unadjusted
2026-07-10,PDD,29,0.3145002378,0.4193336505,0,FULL_ASOF_PANEL,63,daily_klines_as_of_membership,unavailable_as_of_equals_zero,-0.006695641959,0.007165511571,-0.01162927288,-0.02901444849,kline_close_unadjusted
2026-07-10,REGN,30,0.3130518893,0.4174025191,0,FULL_ASOF_PANEL,63,daily_klines_as_of_membership,unavailable_as_of_equals_zero,-0.002151929212,-0.0001053391922,0.01831397099,,kline_close_unadjusted
2026-07-10,IR,31,0.3130138495,0.4173517994,0,FULL_ASOF_PANEL,63,daily_klines_as_of_membership,unavailable_as_of_equals_zero,-0.003677869372,0.003677869372,0.04299302473,0.0703868104,kline_close_unadjusted
2026-07-10,ABBV,32,0.3066439554,0.4088586071,0,FULL_ASOF_PANEL,63,daily_klines_as_of_membership,unavailable_as_of_equals_zero,-0.0003247412218,-0.009092754211,0.03304241932,0.0528110412,kline_close_unadjusted
2026-07-10,NKE,33,0.3062151694,0.4082868926,0,FULL_ASOF_PANEL,63,daily_klines_as_of_membership,unavailable_as_of_equals_zero,-0.01374802795,-0.03606040117,-0.01374802795,-0.06017579446,kline_close_unadjusted
2026-07-10,EXPE,34,0.305316786,0.407089048,0,FULL_ASOF_PANEL,63,daily_klines_as_of_membership,unavailable_as_of_equals_zero,-0.01920023631,-0.01373555367,-0.007606247462,-0.04020972566,kline_close_unadjusted
2026-07-10,DLTR,35,0.3038555099,0.4051406799,0,FULL_ASOF_PANEL,63,daily_klines_as_of_membership,unavailable_as_of_equals_zero,0.0117684733,0.01697222,0.008245937075,-0.03570570811,kline_close_unadjusted
2026-07-10,GOOGL,36,0.3026867469,0.4035823292,0,FULL_ASOF_PANEL,63,daily_klines_as_of_membership,unavailable_as_of_equals_zero,-0.01307464024,0.03846799933,-0.02914496892,-0.1048210986,kline_close_unadjusted
2026-07-10,DLR,37,0.3021499573,0.4028666098,0,FULL_ASOF_PANEL,63,daily_klines_as_of_membership,unavailable_as_of_equals_zero,-0.01380189568,-0.02405631617,-0.03619533285,0.103486503,kline_close_unadjusted
2026-07-10,AKAM,38,0.300354493,0.4004726574,0,FULL_ASOF_PANEL,63,daily_klines_as_of_membership,unavailable_as_of_equals_zero,-0.008400031698,-0.04897376971,-0.04754734924,-0.08574371979,kline_close_unadjusted
2026-07-13,META,1,0.5948800407,0.7931733877,0,FULL_ASOF_PANEL,63,daily_klines_as_of_membership,unavailable_as_of_equals_zero,0.006562818814,0.01189225405,-0.01656693009,-0.09571665677,kline_close_unadjusted
2026-07-13,CRWD,2,0.5636483609,0.7515311478,0,FULL_ASOF_PANEL,63,daily_klines_as_of_membership,unavailable_as_of_equals_zero,0.1214411154,0.08434889043,0.05630354957,-0.04150923314,kline_close_unadjusted
2026-07-13,AMD,3,0.4207043903,0.5609391871,0,FULL_ASOF_PANEL,63,daily_klines_as_of_membership,unavailable_as_of_equals_zero,0.02571155897,-0.06259473418,-0.0576732349,-0.07380377627,kline_close_unadjusted
2026-07-13,HCA,4,0.4104371261,0.5472495015,0,FULL_ASOF_PANEL,63,daily_klines_as_of_membership,unavailable_as_of_equals_zero,-0.06945795158,-0.01279623279,-0.05200389005,-0.002866356145,kline_close_unadjusted
2026-07-13,BIIB,5,0.4021453237,0.536193765,0,FULL_ASOF_PANEL,63,daily_klines_as_of_membership,unavailable_as_of_equals_zero,-0.08171075922,-0.0005262402526,-0.04343874085,-0.04252978041,kline_close_unadjusted
2026-07-13,SHOP,6,0.3791890436,0.5055853914,0,FULL_ASOF_PANEL,63,daily_klines_as_of_membership,unavailable_as_of_equals_zero,0.007535674202,0.002565335899,-0.002084335418,,kline_close_unadjusted
2026-07-13,AMAT,7,0.3697903608,0.4930538143,0,FULL_ASOF_PANEL,63,daily_klines_as_of_membership,unavailable_as_of_equals_zero,0.03529779802,-0.02513078086,-0.0863588175,-0.1016701715,kline_close_unadjusted
2026-07-13,ALLE,8,0.3681546543,0.4908728724,0,FULL_ASOF_PANEL,63,daily_klines_as_of_membership,unavailable_as_of_equals_zero,0.001100029334,0.02288061015,0.01298034614,0.1597242593,kline_close_unadjusted
2026-07-13,PYPL,9,0.360604068,0.4808054239,0,FULL_ASOF_PANEL,63,daily_klines_as_of_membership,unavailable_as_of_equals_zero,-0.005876180483,0.1905561385,0.1924449108,0.1767051417,kline_close_unadjusted
2026-07-13,ABNB,10,0.358342382,0.4777898427,0,FULL_ASOF_PANEL,63,daily_klines_as_of_membership,unavailable_as_of_equals_zero,0.001435112417,0.01004578692,-0.009499077428,0.003621950386,kline_close_unadjusted
2026-07-13,FTNT,11,0.3566804626,0.4755739501,0,FULL_ASOF_PANEL,63,daily_klines_as_of_membership,unavailable_as_of_equals_zero,0.03866268211,0.0009961399577,-0.001618727431,-0.05130120782,kline_close_unadjusted
2026-07-13,MELI,12,0.3503706176,0.4671608234,0,FULL_ASOF_PANEL,63,daily_klines_as_of_membership,unavailable_as_of_equals_zero,0.003523804423,-0.005291061961,-0.01867937664,-0.02546992985,kline_close_unadjusted
2026-07-13,JNJ,13,0.340575011,0.4541000147,0,FULL_ASOF_PANEL,63,daily_klines_as_of_membership,unavailable_as_of_equals_zero,-0.01520735539,-0.03025953369,-0.0347208752,0.0317337161,kline_close_unadjusted
2026-07-13,IR,14,0.3373817165,0.4498422886,0,FULL_ASOF_PANEL,63,daily_klines_as_of_membership,unavailable_as_of_equals_zero,0.005728105906,0.07917515275,0.02062118126,0.07764765784,kline_close_unadjusted
2026-07-13,ALL,15,0.3373595944,0.4498127925,0,FULL_ASOF_PANEL,63,daily_klines_as_of_membership,unavailable_as_of_equals_zero,-0.02378631312,-0.05689218171,-0.01060635601,0.01879508676,kline_close_unadjusted
2026-07-13,MCK,16,0.3333549038,0.444473205,0,FULL_ASOF_PANEL,63,daily_klines_as_of_membership,unavailable_as_of_equals_zero,-0.01096912395,0.03573890777,0.0236125474,0.0465110553,kline_close_unadjusted
2026-07-13,CRM,17,0.3314694041,0.4419592055,0,FULL_ASOF_PANEL,63,daily_klines_as_of_membership,unavailable_as_of_equals_zero,-0.02137600748,0.008527041234,0.01500992875,0.0139002453,kline_close_unadjusted
2026-07-13,AJG,18,0.3282555459,0.4376740612,0,FULL_ASOF_PANEL,63,daily_klines_as_of_membership,unavailable_as_of_equals_zero,-0.02832752747,-0.02028863454,-0.02897829499,-0.03012670826,kline_close_unadjusted
2026-07-13,PANW,19,0.3277477136,0.4369969515,0,FULL_ASOF_PANEL,63,daily_klines_as_of_membership,unavailable_as_of_equals_zero,0.06839237057,0.07172267635,0.05558583106,-0.03929760823,kline_close_unadjusted
2026-07-13,CMG,20,0.3215478682,0.4287304909,0,FULL_ASOF_PANEL,63,daily_klines_as_of_membership,unavailable_as_of_equals_zero,-0.00546000546,-0.06633906634,-0.09555009555,-0.09363909364,kline_close_unadjusted
2026-07-13,PDD,21,0.3166696298,0.422226173,0,FULL_ASOF_PANEL,63,daily_klines_as_of_membership,unavailable_as_of_equals_zero,-0.007686849574,0.02507095553,0.01762062441,0.003429517502,kline_close_unadjusted
2026-07-13,EXPE,22,0.3120647675,0.4160863567,0,FULL_ASOF_PANEL,63,daily_klines_as_of_membership,unavailable_as_of_equals_zero,0.002447012762,0.0200278583,-0.00207054926,0.04796145014,kline_close_unadjusted
2026-07-13,ABBV,23,0.3098724895,0.4131633193,0,FULL_ASOF_PANEL,63,daily_klines_as_of_membership,unavailable_as_of_equals_zero,-0.0130750802,0.03297194137,0.02887075161,0.04320461282,kline_close_unadjusted
2026-07-13,REGN,24,0.307576862,0.4101024827,0,FULL_ASOF_PANEL,63,daily_klines_as_of_membership,unavailable_as_of_equals_zero,-0.01051139363,0.02390324089,0.01366330362,,kline_close_unadjusted
2026-07-13,AMZN,25,0.3069923761,0.4093231681,0,FULL_ASOF_PANEL,63,daily_klines_as_of_membership,unavailable_as_of_equals_zero,0.0007278314666,0.01043225102,0.01083660184,-0.06437264971,kline_close_unadjusted
2026-07-13,KO,26,0.3050907557,0.4067876743,0,FULL_ASOF_PANEL,63,daily_klines_as_of_membership,unavailable_as_of_equals_zero,-0.01388724036,0.007952522255,-0.02528189911,-0.002136498516,kline_close_unadjusted
2026-07-14,META,1,0.5954253801,0.7939005068,0,FULL_ASOF_PANEL,63,daily_klines_as_of_membership,unavailable_as_of_equals_zero,0.03066380249,-0.02273689943,-0.0260649885,-0.1023084836,kline_close_unadjusted
2026-07-14,CRWD,2,0.496449643,0.6619328573,0,FULL_ASOF_PANEL,63,daily_klines_as_of_membership,unavailable_as_of_equals_zero,-0.01879181892,-0.03630237745,-0.09291510464,-0.1372846771,kline_close_unadjusted
2026-07-14,GS,3,0.4177620816,0.5570161088,0,FULL_ASOF_PANEL,63,daily_klines_as_of_membership,unavailable_as_of_equals_zero,0.01058763158,-0.06559649123,-0.04775429825,-0.09356140351,kline_close_unadjusted
2026-07-14,AMD,4,0.3876984229,0.5169312305,0,FULL_ASOF_PANEL,63,daily_klines_as_of_membership,unavailable_as_of_equals_zero,-0.03464506595,-0.09554302811,-0.006750223487,-0.1705982158,kline_close_unadjusted
2026-07-14,AVGO,5,0.3665186558,0.4886915411,0,FULL_ASOF_PANEL,63,daily_klines_as_of_membership,unavailable_as_of_equals_zero,0.01328673126,-0.0469918532,-0.006707614813,-0.02107373236,kline_close_unadjusted
2026-07-14,PYPL,6,0.3657548579,0.4876731439,0,FULL_ASOF_PANEL,63,daily_klines_as_of_membership,unavailable_as_of_equals_zero,0.1720498206,0.1940046443,0.179016255,0.2311589614,kline_close_unadjusted
2026-07-14,PANW,7,0.3637181147,0.4849574862,0,FULL_ASOF_PANEL,63,daily_klines_as_of_membership,unavailable_as_of_equals_zero,0.003202130976,0.01640737907,-0.03043441299,-0.09603559183,kline_close_unadjusted
2026-07-14,SHOP,8,0.3620800543,0.4827734058,0,FULL_ASOF_PANEL,63,daily_klines_as_of_membership,unavailable_as_of_equals_zero,-0.01694780395,-0.01686823679,-0.02108529599,,kline_close_unadjusted
2026-07-14,MELI,9,0.3601140567,0.4801520757,0,FULL_ASOF_PANEL,63,daily_klines_as_of_membership,unavailable_as_of_equals_zero,-0.01637783636,-0.03200311653,-0.02733899716,-0.006062287873,kline_close_unadjusted
2026-07-14,ABNB,10,0.3592562737,0.4790083649,0,FULL_ASOF_PANEL,63,daily_klines_as_of_membership,unavailable_as_of_equals_zero,0.01255629862,-0.003821482189,-0.01665074382,0.04483417497,kline_close_unadjusted
2026-07-14,FTNT,11,0.3539116457,0.4718821943,0,FULL_ASOF_PANEL,63,daily_klines_as_of_membership,unavailable_as_of_equals_zero,-0.01390637176,-0.03128933645,-0.05232871786,-0.101001019,kline_close_unadjusted
2026-07-14,CMG,12,0.3394606812,0.4526142416,0,FULL_ASOF_PANEL,63,daily_klines_as_of_membership,unavailable_as_of_equals_zero,-0.04940982707,-0.05462530881,-0.08536920121,-0.08015371946,kline_close_unadjusted
2026-07-14,CRM,13,0.3300076882,0.4400102509,0,FULL_ASOF_PANEL,63,daily_klines_as_of_membership,unavailable_as_of_equals_zero,-0.003342086417,0.01915731678,0.01492002865,0.08319407973,kline_close_unadjusted
2026-07-14,APP,14,0.3296217981,0.4394957308,0,FULL_ASOF_PANEL,63,daily_klines_as_of_membership,unavailable_as_of_equals_zero,0.008352265134,-0.05443449597,-0.04519132255,-0.06851084681,kline_close_unadjusted
2026-07-14,AMAT,15,0.3295565907,0.4394087877,0,FULL_ASOF_PANEL,63,daily_klines_as_of_membership,unavailable_as_of_equals_zero,-0.02731240557,-0.1108611717,-0.05229142186,-0.2001678697,kline_close_unadjusted
2026-07-14,PDD,16,0.3231047317,0.4308063089,0,FULL_ASOF_PANEL,63,daily_klines_as_of_membership,unavailable_as_of_equals_zero,0.02180908116,0.002741032058,0.01096412823,0.02145155524,kline_close_unadjusted
2026-07-14,MCK,17,0.3213642838,0.4284857117,0,FULL_ASOF_PANEL,63,daily_klines_as_of_membership,unavailable_as_of_equals_zero,-0.008738190373,0.04732564074,0.03170394712,0.1072108742,kline_close_unadjusted
2026-07-14,AMZN,18,0.3212126108,0.4282834811,0,FULL_ASOF_PANEL,63,daily_klines_as_of_membership,unavailable_as_of_equals_zero,0.0301830377,-0.001050547497,0.0002424340377,-0.06719463413,kline_close_unadjusted
2026-07-14,IR,19,0.3197247314,0.4262996418,0,FULL_ASOF_PANEL,63,daily_klines_as_of_membership,unavailable_as_of_equals_zero,0.001645361347,0.04088090115,0.02392102266,0.09479812682,kline_close_unadjusted
2026-07-14,ALL,20,0.3135302917,0.4180403889,0,FULL_ASOF_PANEL,63,daily_klines_as_of_membership,unavailable_as_of_equals_zero,-0.0434192131,-0.001797483523,0.005552226882,0.08815658079,kline_close_unadjusted
2026-07-14,ALLE,21,0.3129361803,0.4172482404,0,FULL_ASOF_PANEL,63,daily_klines_as_of_membership,unavailable_as_of_equals_zero,-0.005054574756,0.005347593583,0.005787121823,0.1810856348,kline_close_unadjusted
2026-07-14,EXPE,22,0.3117946464,0.4157261952,0,FULL_ASOF_PANEL,63,daily_klines_as_of_membership,unavailable_as_of_equals_zero,0.003117019679,0.009351059036,-0.00503229683,0.1108231936,kline_close_unadjusted
2026-07-14,ADBE,23,0.3097992364,0.4130656486,0,FULL_ASOF_PANEL,63,daily_klines_as_of_membership,unavailable_as_of_equals_zero,0.01712161237,0.07460131103,0.02889838278,0.1286385691,kline_close_unadjusted
2026-07-14,PODD,24,0.3091079348,0.412143913,0,FULL_ASOF_PANEL,63,daily_klines_as_of_membership,unavailable_as_of_equals_zero,0.001005530417,0.03104575163,0.0289089995,0.05247611865,kline_close_unadjusted
2026-07-14,AKAM,25,0.3052534576,0.4070046102,0,FULL_ASOF_PANEL,63,daily_klines_as_of_membership,unavailable_as_of_equals_zero,-0.04837047022,-0.04694314487,-0.009515502339,-0.1135516612,kline_close_unadjusted
2026-07-14,FFIV,26,0.3050523607,0.4067364809,0,FULL_ASOF_PANEL,63,daily_klines_as_of_membership,unavailable_as_of_equals_zero,-0.02270092288,-0.05139590966,-0.05221907898,-0.06446227334,kline_close_unadjusted
2026-07-14,MA,27,0.3045242724,0.4060323632,0,FULL_ASOF_PANEL,63,daily_klines_as_of_membership,unavailable_as_of_equals_zero,-0.005222854169,0.01037136166,0.0005204267499,0.04596483402,kline_close_unadjusted
2026-07-15,CRWD,1,0.6205905627,0.8274540836,0,FULL_ASOF_PANEL,63,daily_klines_as_of_membership,unavailable_as_of_equals_zero,-0.01455723751,-0.04004449388,-0.08874594961,-0.1324660251,kline_close_unadjusted
2026-07-15,META,2,0.6135259533,0.8180346044,0,FULL_ASOF_PANEL,63,daily_klines_as_of_membership,unavailable_as_of_equals_zero,-0.02461434589,-0.05204679221,-0.07946456092,-0.140464693,kline_close_unadjusted
2026-07-15,PYPL,3,0.5887674455,0.7850232607,0,FULL_ASOF_PANEL,63,daily_klines_as_of_membership,unavailable_as_of_equals_zero,0.02179394813,0.02341498559,-0.0001801152738,0.05097262248,kline_close_unadjusted
2026-07-15,GS,4,0.4361003779,0.5814671705,0,FULL_ASOF_PANEL,63,daily_klines_as_of_membership,unavailable_as_of_equals_zero,-0.04913755667,-0.08423091342,-0.04675922876,-0.1487061679,kline_close_unadjusted
2026-07-15,PANW,5,0.4282222738,0.5709630317,0,FULL_ASOF_PANEL,63,daily_klines_as_of_membership,unavailable_as_of_equals_zero,-8.474097509e-05,-0.01514038755,-0.05293486244,-0.1126207559,kline_close_unadjusted
2026-07-15,ABNB,6,0.3879076761,0.5172102348,0,FULL_ASOF_PANEL,63,daily_klines_as_of_membership,unavailable_as_of_equals_zero,-0.003908882599,-0.02318371748,-0.05613964146,0.03120366626,kline_close_unadjusted
2026-07-15,EXPE,7,0.385723106,0.5142974747,0,FULL_ASOF_PANEL,63,daily_klines_as_of_membership,unavailable_as_of_equals_zero,0.01437609973,-0.007599865224,-0.02257496911,0.1391187151,kline_close_unadjusted
2026-07-15,MELI,8,0.3778524957,0.5038033275,0,FULL_ASOF_PANEL,63,daily_klines_as_of_membership,unavailable_as_of_equals_zero,0.007720365655,-0.005843076723,-0.02386075358,0.01091596693,kline_close_unadjusted
2026-07-15,MA,9,0.3729229609,0.4972306145,0,FULL_ASOF_PANEL,63,daily_klines_as_of_membership,unavailable_as_of_equals_zero,0.03051138805,0.02285084359,-0.006035014293,0.05252144018,kline_close_unadjusted
2026-07-15,SHOP,10,0.3722290272,0.4963053696,0,FULL_ASOF_PANEL,63,daily_klines_as_of_membership,unavailable_as_of_equals_zero,0.01222177256,0.007527316876,-0.04152165115,,kline_close_unadjusted
2026-07-15,CMG,11,0.3709332922,0.494577723,0,FULL_ASOF_PANEL,63,daily_klines_as_of_membership,unavailable_as_of_equals_zero,-0.0124169795,-0.04331504476,-0.07017037251,-0.01126191164,kline_close_unadjusted
2026-07-15,ALL,12,0.3655634974,0.4874179966,0,FULL_ASOF_PANEL,63,daily_klines_as_of_membership,unavailable_as_of_equals_zero,0.009938199432,0.05950392517,0.05157006848,0.1457741774,kline_close_unadjusted
2026-07-15,FTNT,13,0.3533240835,0.4710987781,0,FULL_ASOF_PANEL,63,daily_klines_as_of_membership,unavailable_as_of_equals_zero,-0.02267339371,-0.02522643,-0.05750410309,-0.06862804693,kline_close_unadjusted
2026-07-15,AMZN,14,0.3456076635,0.460810218,0,FULL_ASOF_PANEL,63,daily_klines_as_of_membership,unavailable_as_of_equals_zero,-0.01988547223,-0.01949325384,-0.03965327895,-0.1110370254,kline_close_unadjusted
2026-07-15,CRM,15,0.3426193161,0.4568257548,0,FULL_ASOF_PANEL,63,daily_klines_as_of_membership,unavailable_as_of_equals_zero,0.03401197605,0.04065868263,-0.02395209581,0.1280239521,kline_close_unadjusted
2026-07-15,AVGO,16,0.34023719,0.4536495866,0,FULL_ASOF_PANEL,63,daily_klines_as_of_membership,unavailable_as_of_equals_zero,-0.05029420716,-0.0408846505,0.006416759663,-0.06076899665,kline_close_unadjusted
2026-07-15,PODD,17,0.3379084006,0.4505445341,0,FULL_ASOF_PANEL,63,daily_klines_as_of_membership,unavailable_as_of_equals_zero,0.03233299849,0.05079105977,-0.002197388247,0.07119537921,kline_close_unadjusted
2026-07-15,GOOG,18,0.3373068253,0.4497424337,0,FULL_ASOF_PANEL,63,daily_klines_as_of_membership,unavailable_as_of_equals_zero,-0.04429918155,-0.05089003539,-0.07644309986,-0.09305529294,kline_close_unadjusted
2026-07-15,HCA,19,0.3370418229,0.4493890972,0,FULL_ASOF_PANEL,63,daily_klines_as_of_membership,unavailable_as_of_equals_zero,0.01818661739,-0.02225155075,-0.01842417843,0.07741850337,kline_close_unadjusted
2026-07-15,GOOGL,20,0.3332118929,0.4442825239,0,FULL_ASOF_PANEL,63,daily_klines_as_of_membership,unavailable_as_of_equals_zero,-0.0443761458,-0.05103526367,-0.07772565513,-0.09223013049,kline_close_unadjusted
2026-07-15,BIIB,21,0.3291183339,0.4388244452,0,FULL_ASOF_PANEL,63,daily_klines_as_of_membership,unavailable_as_of_equals_zero,0.05921719732,0.01373960657,0.002534982762,0.06078888664,kline_close_unadjusted
2026-07-15,APP,22,0.3282648675,0.43768649,0,FULL_ASOF_PANEL,63,daily_klines_as_of_membership,unavailable_as_of_equals_zero,-0.04031100214,-0.06213416385,-0.08890508692,-0.1176639498,kline_close_unadjusted
2026-07-15,KO,23,0.3191063859,0.4254751812,0,FULL_ASOF_PANEL,63,daily_klines_as_of_membership,unavailable_as_of_equals_zero,0.02995755003,-0.004002425713,-0.003032140691,0.08041237113,kline_close_unadjusted
2026-07-15,ADBE,24,0.3185301735,0.424706898,0,FULL_ASOF_PANEL,63,daily_klines_as_of_membership,unavailable_as_of_equals_zero,0.04787275733,0.04533438787,-0.02761033446,0.1730989839,kline_close_unadjusted
2026-07-15,ABBV,25,0.3138011162,0.4184014883,0,FULL_ASOF_PANEL,63,daily_klines_as_of_membership,unavailable_as_of_equals_zero,0.04211216255,0.03797468354,0.03764696243,0.0786121011,kline_close_unadjusted
2026-07-15,PDD,26,0.3136638381,0.4182184508,0,FULL_ASOF_PANEL,63,daily_klines_as_of_membership,unavailable_as_of_equals_zero,0.01096337765,0.003615581992,-0.02507581059,0.03009097271,kline_close_unadjusted
2026-07-15,GEHC,27,0.3133422393,0.4177896523,0,FULL_ASOF_PANEL,63,daily_klines_as_of_membership,unavailable_as_of_equals_zero,0.03955696203,-0.00585443038,-0.02832278481,0.1376582278,kline_close_unadjusted
2026-07-15,JNJ,28,0.3085397988,0.4113863983,0,FULL_ASOF_PANEL,63,daily_klines_as_of_membership,unavailable_as_of_equals_zero,0.01194235285,0.007286859364,0.03485547729,0.07493320379,kline_close_unadjusted
2026-07-15,MMM,29,0.3082928235,0.411057098,0,FULL_ASOF_PANEL,63,daily_klines_as_of_membership,unavailable_as_of_equals_zero,0.007724412882,-0.008845698623,0.06372640628,0.1085155423,kline_close_unadjusted
2026-07-15,HOOD,30,0.305624141,0.4074988547,0,FULL_ASOF_PANEL,63,daily_klines_as_of_membership,unavailable_as_of_equals_zero,-0.08239570711,-0.1407304829,-0.09572442444,-0.2224337892,kline_close_unadjusted
2026-07-15,ASML,31,0.3044405558,0.4059207411,0,FULL_ASOF_PANEL,63,daily_klines_as_of_membership,unavailable_as_of_equals_zero,-0.01674682003,-0.04200477064,-0.00738733081,-0.1457524776,kline_close_unadjusted
2026-07-15,MDT,32,0.3005229509,0.4006972679,0,FULL_ASOF_PANEL,63,daily_klines_as_of_membership,unavailable_as_of_equals_zero,0.0383994035,0.03504411582,0.01764632782,0.08785882938,kline_close_unadjusted
2026-07-16,PYPL,1,0.5853865364,0.7805153819,0,FULL_ASOF_PANEL,63,daily_klines_as_of_membership,unavailable_as_of_equals_zero,-0.002996650802,-0.01551207474,-0.01286797109,0.01621716905,kline_close_unadjusted
2026-07-16,META,2,0.5636835425,0.7515780567,0,FULL_ASOF_PANEL,63,daily_klines_as_of_membership,unavailable_as_of_equals_zero,-0.0278839498,-0.03119451049,-0.08794053029,-0.1888674873,kline_close_unadjusted
2026-07-16,CRWD,3,0.5342748476,0.7123664635,0,FULL_ASOF_PANEL,63,daily_klines_as_of_membership,unavailable_as_of_equals_zero,-0.003337259521,-0.06188653318,-0.09982332155,-0.09098939929,kline_close_unadjusted
2026-07-16,BIIB,4,0.4962854023,0.6617138697,0,FULL_ASOF_PANEL,63,daily_klines_as_of_membership,unavailable_as_of_equals_zero,-0.01402450699,-0.02757036186,-0.0397281256,-0.004738655945,kline_close_unadjusted
2026-07-16,GS,5,0.448545722,0.5980609626,0,FULL_ASOF_PANEL,63,daily_klines_as_of_membership,unavailable_as_of_equals_zero,-0.0276048418,-0.009037208113,-0.01893268581,-0.06444781188,kline_close_unadjusted
2026-07-16,GEHC,6,0.4079277989,0.5439037319,0,FULL_ASOF_PANEL,63,daily_klines_as_of_membership,unavailable_as_of_equals_zero,-0.0400304414,-0.05570776256,-0.05700152207,0.06453576865,kline_close_unadjusted
2026-07-16,IR,7,0.396369815,0.5284930867,0,FULL_ASOF_PANEL,63,daily_klines_as_of_membership,unavailable_as_of_equals_zero,-0.0299598962,-0.04576551073,-0.005543760321,-0.005425807974,kline_close_unadjusted
2026-07-16,JNJ,8,0.3863351445,0.5151135259,0,FULL_ASOF_PANEL,63,daily_klines_as_of_membership,unavailable_as_of_equals_zero,0.01228147378,0.002560307237,0.03720446454,0.02340280834,kline_close_unadjusted
2026-07-16,ASML,9,0.3692330912,0.4923107882,0,FULL_ASOF_PANEL,63,daily_klines_as_of_membership,unavailable_as_of_equals_zero,-0.02089227787,0.009322807824,0.009133382263,-0.07475620073,kline_close_unadjusted
2026-07-16,SHOP,10,0.3633362742,0.4844483656,0,FULL_ASOF_PANEL,63,daily_klines_as_of_membership,unavailable_as_of_equals_zero,-0.01199424276,-0.01623220854,,,kline_close_unadjusted
2026-07-16,ALL,11,0.3594888753,0.4793185004,0,FULL_ASOF_PANEL,63,daily_klines_as_of_membership,unavailable_as_of_equals_zero,0.03324237162,0.04085007856,0.05234433143,0.09724634086,kline_close_unadjusted
2026-07-16,MELI,12,0.3581731141,0.4775641521,0,FULL_ASOF_PANEL,63,daily_klines_as_of_membership,unavailable_as_of_equals_zero,-0.02342496581,-0.01871951416,-0.0316137438,0.01524157164,kline_close_unadjusted
2026-07-16,CRM,13,0.3521386184,0.4695181578,0,FULL_ASOF_PANEL,63,daily_klines_as_of_membership,unavailable_as_of_equals_zero,-0.01106092194,-0.01517257355,-0.09120917304,0.0465022006,kline_close_unadjusted
2026-07-16,ABNB,14,0.3439579963,0.4586106618,0,FULL_ASOF_PANEL,63,daily_klines_as_of_membership,unavailable_as_of_equals_zero,-0.01231393775,-0.0250338295,-0.06921515562,0.02895805142,kline_close_unadjusted
2026-07-16,PODD,15,0.3418928027,0.4558570702,0,FULL_ASOF_PANEL,63,daily_klines_as_of_membership,unavailable_as_of_equals_zero,-0.002250197652,-0.004317946847,-0.03679377243,0.007602019096,kline_close_unadjusted
2026-07-16,CMG,16,0.3382916897,0.4510555862,0,FULL_ASOF_PANEL,63,daily_klines_as_of_membership,unavailable_as_of_equals_zero,0.00701754386,-0.02573099415,-0.06403508772,0.1263157895,kline_close_unadjusted
2026-07-16,ABBV,17,0.3380425764,0.4507234352,0,FULL_ASOF_PANEL,63,daily_klines_as_of_membership,unavailable_as_of_equals_zero,0.0003930972129,0.006721962341,0.009945359487,0.01187153583,kline_close_unadjusted
2026-07-16,HCA,18,0.3347603143,0.4463470857,0,FULL_ASOF_PANEL,63,daily_klines_as_of_membership,unavailable_as_of_equals_zero,-0.03774563177,-0.03279411002,-0.02395395862,0.02605381863,kline_close_unadjusted
2026-07-16,EXPE,19,0.3330632794,0.4440843725,0,FULL_ASOF_PANEL,63,daily_klines_as_of_membership,unavailable_as_of_equals_zero,-0.008045764901,-0.02218121425,-0.04923417605,0.08112197822,kline_close_unadjusted
2026-07-16,ISRG,20,0.3328140613,0.4437520817,0,FULL_ASOF_PANEL,63,daily_klines_as_of_membership,unavailable_as_of_equals_zero,-0.1414510476,-0.1299182263,-0.1747570402,-0.1226853578,kline_close_unadjusted
2026-07-16,KO,21,0.3281283734,0.4375044979,0,FULL_ASOF_PANEL,63,daily_klines_as_of_membership,unavailable_as_of_equals_zero,-0.03956665097,-0.03473857748,-0.04415920867,0.04203956665,kline_close_unadjusted
2026-07-16,DLTR,22,0.3252579348,0.4336772464,0,FULL_ASOF_PANEL,63,daily_klines_as_of_membership,unavailable_as_of_equals_zero,-0.01954067731,-0.02109770339,-0.08407940833,0.0009342156481,kline_close_unadjusted
2026-07-16,MCK,23,0.3251174943,0.4334899924,0,FULL_ASOF_PANEL,63,daily_klines_as_of_membership,unavailable_as_of_equals_zero,9.508980043e-05,-0.01482212264,-0.01999263054,0.02876466463,kline_close_unadjusted
2026-07-16,PANW,24,0.3236057962,0.431474395,0,FULL_ASOF_PANEL,63,daily_klines_as_of_membership,unavailable_as_of_equals_zero,0.01324896184,-0.03344727252,-0.08011525749,-0.07997401057,kline_close_unadjusted
2026-07-16,MA,25,0.323467386,0.431289848,0,FULL_ASOF_PANEL,63,daily_klines_as_of_membership,unavailable_as_of_equals_zero,-0.01439605468,-0.02400551184,-0.03852848388,0.04679624325,kline_close_unadjusted
2026-07-16,FTNT,26,0.3209171525,0.4278895367,0,FULL_ASOF_PANEL,63,daily_klines_as_of_membership,unavailable_as_of_equals_zero,0.005162333624,-0.01666873989,-0.05746983456,-0.04061450429,kline_close_unadjusted
2026-07-16,MDT,27,0.3160577584,0.4214103445,0,FULL_ASOF_PANEL,63,daily_klines_as_of_membership,unavailable_as_of_equals_zero,-0.004308281474,-0.01448061273,-0.01854954524,0.02573001436,kline_close_unadjusted
2026-07-16,MMM,28,0.3030973326,0.4041297769,0,FULL_ASOF_PANEL,63,daily_klines_as_of_membership,unavailable_as_of_equals_zero,-0.01193051864,0.05557272671,0.04834023614,0.088397107,kline_close_unadjusted
2026-07-16,REGN,29,0.3014244967,0.4018993289,0,FULL_ASOF_PANEL,63,daily_klines_as_of_membership,unavailable_as_of_equals_zero,-0.003313989454,-0.005523315757,,,kline_close_unadjusted
2026-07-17,CRWD,1,0.5837482088,0.7783309451,0,FULL_ASOF_PANEL,63,daily_klines_as_of_membership,unavailable_as_of_equals_zero,-0.02260193027,-0.07218830018,-0.09749852275,-0.06017333071,kline_close_unadjusted
2026-07-17,PYPL,2,0.5636030905,0.7514707873,0,FULL_ASOF_PANEL,63,daily_klines_as_of_membership,unavailable_as_of_equals_zero,0.00459688826,-0.01856435644,-0.00724893918,0.01149222065,kline_close_unadjusted
2026-07-17,IR,3,0.4077288172,0.5436384229,0,FULL_ASOF_PANEL,63,daily_klines_as_of_membership,unavailable_as_of_equals_zero,-0.02504863813,0.015807393,0.02626459144,0.0138618677,kline_close_unadjusted
2026-07-17,BIIB,4,0.391251796,0.5216690613,0,FULL_ASOF_PANEL,63,daily_klines_as_of_membership,unavailable_as_of_equals_zero,-0.02932181174,-0.04005048789,-0.01844749745,-0.01475799796,kline_close_unadjusted
2026-07-17,PDD,5,0.3846850745,0.5129134326,0,FULL_ASOF_PANEL,63,daily_klines_as_of_membership,unavailable_as_of_equals_zero,0.02270026147,-0.006536724507,-0.0175897314,0.05253149513,kline_close_unadjusted
2026-07-17,GEHC,6,0.383279695,0.5110395933,0,FULL_ASOF_PANEL,63,daily_klines_as_of_membership,unavailable_as_of_equals_zero,-0.003805295703,-0.02631996195,-0.03947994292,0.07848422388,kline_close_unadjusted
2026-07-17,ABNB,7,0.3804439833,0.5072586444,0,FULL_ASOF_PANEL,63,daily_klines_as_of_membership,unavailable_as_of_equals_zero,-0.007124263598,-0.04062200301,-0.03342923688,0.03795040416,kline_close_unadjusted
2026-07-17,JNJ,8,0.3736525247,0.4982033663,0,FULL_ASOF_PANEL,63,daily_klines_as_of_membership,unavailable_as_of_equals_zero,-0.01667720518,0.01023553588,0.04094214353,0.01308093582,kline_close_unadjusted
2026-07-17,MELI,9,0.364162852,0.4855504694,0,FULL_ASOF_PANEL,63,daily_klines_as_of_membership,unavailable_as_of_equals_zero,0.01020447541,-0.008104040443,-0.006874707124,0.03530494898,kline_close_unadjusted
2026-07-17,GRMN,10,0.3596982866,0.4795977154,0,FULL_ASOF_PANEL,63,daily_klines_as_of_membership,unavailable_as_of_equals_zero,-0.01911364001,-0.03626382433,-0.02616605225,0.1771918577,kline_close_unadjusted
2026-07-17,SHOP,11,0.3590325877,0.478710117,0,FULL_ASOF_PANEL,63,daily_klines_as_of_membership,unavailable_as_of_equals_zero,0.007445775332,-0.04159922305,,,kline_close_unadjusted
2026-07-17,ALL,12,0.3524057114,0.4698742819,0,FULL_ASOF_PANEL,63,daily_klines_as_of_membership,unavailable_as_of_equals_zero,0.01532613045,0.007723089236,0.04029611845,0.05674269708,kline_close_unadjusted
2026-07-17,GS,13,0.3494994343,0.4659992458,0,FULL_ASOF_PANEL,63,daily_klines_as_of_membership,unavailable_as_of_equals_zero,-0.009566099022,0.0309607405,-0.003745705113,-0.04397213721,kline_close_unadjusted
2026-07-17,PODD,14,0.342534901,0.4567132013,0,FULL_ASOF_PANEL,63,daily_klines_as_of_membership,unavailable_as_of_equals_zero,0.02017554553,-0.03126904791,-0.004876264781,0.00786297696,kline_close_unadjusted
2026-07-17,MA,15,0.3415508917,0.4554011889,0,FULL_ASOF_PANEL,63,daily_klines_as_of_membership,unavailable_as_of_equals_zero,0.00706401766,-0.02137601177,-0.007247976453,0.054267844,kline_close_unadjusted
2026-07-17,META,16,0.3399083133,0.4532110844,0,FULL_ASOF_PANEL,63,daily_klines_as_of_membership,unavailable_as_of_equals_zero,-0.0002476741846,-0.02916363524,-0.07866751289,-0.1382331543,kline_close_unadjusted
2026-07-17,NFLX,17,0.3368619613,0.4491492817,0,FULL_ASOF_PANEL,63,daily_klines_as_of_membership,unavailable_as_of_equals_zero,-0.01957940537,-0.006091370558,0.01653372009,0.04002900653,kline_close_unadjusted
2026-07-17,CRM,18,0.3357795459,0.4477060612,0,FULL_ASOF_PANEL,63,daily_klines_as_of_membership,unavailable_as_of_equals_zero,0.01768460502,-0.04549979505,-0.04163494759,0.07758974059,kline_close_unadjusted
2026-07-17,KO,19,0.3331396748,0.4441862331,0,FULL_ASOF_PANEL,63,daily_klines_as_of_membership,unavailable_as_of_equals_zero,0.006866110839,0.007846983816,0.008460029426,0.07393330064,kline_close_unadjusted
2026-07-17,ASML,20,0.3327370679,0.4436494239,0,FULL_ASOF_PANEL,63,daily_klines_as_of_membership,unavailable_as_of_equals_zero,-0.004898202085,0.03106009453,0.004395735818,-0.06785383216,kline_close_unadjusted
2026-07-17,FTNT,21,0.3235434824,0.4313913099,0,FULL_ASOF_PANEL,63,daily_klines_as_of_membership,unavailable_as_of_equals_zero,-0.007734669884,-0.04059154755,-0.05717467978,0.002103830209,kline_close_unadjusted
2026-07-17,PANW,22,0.3161843573,0.421579143,0,FULL_ASOF_PANEL,63,daily_klines_as_of_membership,unavailable_as_of_equals_zero,-0.02793576447,-0.06523921044,-0.09727333556,-0.07485781198,kline_close_unadjusted
2026-07-17,AMZN,23,0.3151533406,0.4202044541,0,FULL_ASOF_PANEL,63,daily_klines_as_of_membership,unavailable_as_of_equals_zero,0.01116369373,-0.009626663431,-0.0611576265,0.09849128342,kline_close_unadjusted
2026-07-17,ADBE,24,0.3146878199,0.4195837599,0,FULL_ASOF_PANEL,63,daily_klines_as_of_membership,unavailable_as_of_equals_zero,-0.01057984283,-0.07962280121,-0.05117103264,0.055470411,kline_close_unadjusted
2026-07-17,ABBV,25,0.310327704,0.413770272,0,FULL_ASOF_PANEL,63,daily_klines_as_of_membership,unavailable_as_of_equals_zero,-0.004361664505,-0.004676018704,0.01913631184,-0.01394946756,kline_close_unadjusted
2026-07-17,HCA,26,0.309878529,0.413171372,0,FULL_ASOF_PANEL,63,daily_klines_as_of_membership,unavailable_as_of_equals_zero,-0.002047524112,0.001858936365,0.02966215852,0.08462201627,kline_close_unadjusted
2026-07-17,MCK,27,0.3043416741,0.4057888988,0,FULL_ASOF_PANEL,63,daily_klines_as_of_membership,unavailable_as_of_equals_zero,-0.01180189924,-0.03250573456,-0.0005823696502,0.01758994046,kline_close_unadjusted
2026-07-17,APP,28,0.3040886069,0.4054514759,0,FULL_ASOF_PANEL,63,daily_klines_as_of_membership,unavailable_as_of_equals_zero,0.0001413294389,-0.02840721722,-0.07669477552,-0.06746125218,kline_close_unadjusted
2026-07-17,EXPE,29,0.3037538697,0.4050051596,0,FULL_ASOF_PANEL,63,daily_klines_as_of_membership,unavailable_as_of_equals_zero,-0.01372921085,-0.02861182424,-0.03285336905,0.09662536741,kline_close_unadjusted
2026-07-17,NBIS,30,0.3035245169,0.4046993558,0,FULL_ASOF_PANEL,63,daily_klines_as_of_membership,unavailable_as_of_equals_zero,0.02762928366,0.2276180294,0.05660908221,0.07146474593,kline_close_unadjusted
2026-07-20,PYPL,1,0.5719882702,0.7626510269,0,FULL_ASOF_PANEL,63,daily_klines_as_of_membership,unavailable_as_of_equals_zero,-0.01707145371,-0.01443153819,-0.01319957761,,kline_close_unadjusted
2026-07-20,CRWD,2,0.5547911848,0.7397215797,0,FULL_ASOF_PANEL,63,daily_klines_as_of_membership,unavailable_as_of_equals_zero,-0.03697919291,-0.07592322031,-0.09259912338,,kline_close_unadjusted
2026-07-20,PODD,3,0.4180480505,0.5573974006,0,FULL_ASOF_PANEL,63,daily_klines_as_of_membership,unavailable_as_of_equals_zero,-0.02180797037,-0.05371332975,-0.01416024377,,kline_close_unadjusted
2026-07-20,KO,4,0.4117128227,0.5489504302,0,FULL_ASOF_PANEL,63,daily_klines_as_of_membership,unavailable_as_of_equals_zero,-0.001826595226,-0.01156843643,0.02374573794,,kline_close_unadjusted
2026-07-20,PDD,5,0.3992765405,0.5323687207,0,FULL_ASOF_PANEL,63,daily_klines_as_of_membership,unavailable_as_of_equals_zero,-0.0141778036,-0.03195816386,-0.01394538059,,kline_close_unadjusted
2026-07-20,MDT,6,0.3988082983,0.5317443978,0,FULL_ASOF_PANEL,63,daily_klines_as_of_membership,unavailable_as_of_equals_zero,-0.01128586865,-0.01536799136,0.01116580622,,kline_close_unadjusted
2026-07-20,META,7,0.3987476229,0.5316634973,0,FULL_ASOF_PANEL,63,daily_klines_as_of_membership,unavailable_as_of_equals_zero,-0.003158628164,-0.06154679879,-0.08048308431,,kline_close_unadjusted
2026-07-20,JNJ,8,0.391052682,0.521403576,0,FULL_ASOF_PANEL,63,daily_klines_as_of_membership,unavailable_as_of_equals_zero,0.00719395547,0.04199823165,0.06884494816,,kline_close_unadjusted
2026-07-20,GEHC,9,0.3889495461,0.5185993948,0,FULL_ASOF_PANEL,63,daily_klines_as_of_membership,unavailable_as_of_equals_zero,-0.01257361133,-0.01392646825,-0.02721629795,,kline_close_unadjusted
2026-07-20,LH,10,0.3872014754,0.5162686339,0,FULL_ASOF_PANEL,63,daily_klines_as_of_membership,unavailable_as_of_equals_zero,-0.007389512576,0.03389228364,0.06995168396,,kline_close_unadjusted
2026-07-20,CRM,11,0.3749726813,0.4999635751,0,FULL_ASOF_PANEL,63,daily_klines_as_of_membership,unavailable_as_of_equals_zero,-0.02146268485,-0.09701363715,-0.001093273491,,kline_close_unadjusted
2026-07-20,BIIB,12,0.3718976048,0.495863473,0,FULL_ASOF_PANEL,63,daily_klines_as_of_membership,unavailable_as_of_equals_zero,0.0160540135,0.003350837709,0.0009502375594,,kline_close_unadjusted
2026-07-20,IR,13,0.3678211493,0.4904281991,0,FULL_ASOF_PANEL,63,daily_klines_as_of_membership,unavailable_as_of_equals_zero,0.00897979546,0.05150910451,0.05587428286,,kline_close_unadjusted
2026-07-20,ABNB,14,0.3645798977,0.4861065302,0,FULL_ASOF_PANEL,63,daily_klines_as_of_membership,unavailable_as_of_equals_zero,-0.005795501587,-0.05084862702,0.01324686077,,kline_close_unadjusted
2026-07-20,GRMN,15,0.3602903176,0.4803870901,0,FULL_ASOF_PANEL,63,daily_klines_as_of_membership,unavailable_as_of_equals_zero,-0.03325299236,-0.01915927938,-0.009477511336,,kline_close_unadjusted
2026-07-20,MA,16,0.3535552955,0.4714070607,0,FULL_ASOF_PANEL,63,daily_klines_as_of_membership,unavailable_as_of_equals_zero,-0.01669589361,-0.03132763408,0.007799941546,,kline_close_unadjusted
2026-07-20,NFLX,17,0.3530262518,0.470701669,0,FULL_ASOF_PANEL,63,daily_klines_as_of_membership,unavailable_as_of_equals_zero,0.01582840237,0.01908284024,0.04142011834,,kline_close_unadjusted
2026-07-20,ALL,18,0.3476048998,0.4634731997,0,FULL_ASOF_PANEL,63,daily_klines_as_of_membership,unavailable_as_of_equals_zero,-0.007842982698,0.003113545895,0.02971662791,,kline_close_unadjusted
2026-07-20,GS,19,0.3473505375,0.46313405,0,FULL_ASOF_PANEL,63,daily_klines_as_of_membership,unavailable_as_of_equals_zero,0.02893766054,0.01866297641,-0.006445314351,,kline_close_unadjusted
2026-07-20,SHOP,20,0.345044948,0.4600599307,0,FULL_ASOF_PANEL,63,daily_klines_as_of_membership,unavailable_as_of_equals_zero,-0.01164845758,,,,kline_close_unadjusted
2026-07-20,HCA,21,0.32787492,0.4371665601,0,FULL_ASOF_PANEL,63,daily_klines_as_of_membership,unavailable_as_of_equals_zero,0.007208034123,0.01641380055,0.05183305437,,kline_close_unadjusted
2026-07-20,MCK,22,0.3272231082,0.4362974777,0,FULL_ASOF_PANEL,63,daily_klines_as_of_membership,unavailable_as_of_equals_zero,-0.003151083636,-0.008382844635,0.02237028841,,kline_close_unadjusted
2026-07-20,FTNT,23,0.3264970155,0.4353293539,0,FULL_ASOF_PANEL,63,daily_klines_as_of_membership,unavailable_as_of_equals_zero,-0.0140932901,-0.05500124719,-0.04976303318,,kline_close_unadjusted
2026-07-20,ASML,24,0.3256765089,0.4342353451,0,FULL_ASOF_PANEL,63,daily_klines_as_of_membership,unavailable_as_of_equals_zero,0.03593403181,0.03573961197,-0.04921628273,,kline_close_unadjusted
2026-07-20,ISRG,25,0.3224384908,0.4299179877,0,FULL_ASOF_PANEL,63,daily_klines_as_of_membership,unavailable_as_of_equals_zero,-0.008805957471,-0.0598861738,0.01036328114,,kline_close_unadjusted
2026-07-20,ADBE,26,0.3167062636,0.4222750181,0,FULL_ASOF_PANEL,63,daily_klines_as_of_membership,unavailable_as_of_equals_zero,-0.03229192583,-0.09615155223,0.01282304706,,kline_close_unadjusted
2026-07-20,AMZN,27,0.3127695609,0.4170260812,0,FULL_ASOF_PANEL,63,daily_klines_as_of_membership,unavailable_as_of_equals_zero,-0.009760390416,-0.0653226129,-0.07440297612,,kline_close_unadjusted
2026-07-20,ABBV,28,0.3118298816,0.4157731755,0,FULL_ASOF_PANEL,63,daily_klines_as_of_membership,unavailable_as_of_equals_zero,0.01073486463,0.01397111058,0.01393164417,,kline_close_unadjusted
2026-07-20,NBIS,29,0.3110673538,0.4147564718,0,FULL_ASOF_PANEL,63,daily_klines_as_of_membership,unavailable_as_of_equals_zero,0.1878217063,0.2099989048,0.02880297886,,kline_close_unadjusted
2026-07-21,PYPL,1,0.5631670506,0.7508894009,0,FULL_ASOF_PANEL,63,daily_klines_as_of_membership,unavailable_as_of_equals_zero,-0.006087735004,0.005371530886,0.0442256043,,kline_close_unadjusted
2026-07-21,ALL,2,0.4349170516,0.5798894022,0,FULL_ASOF_PANEL,63,daily_klines_as_of_membership,unavailable_as_of_equals_zero,0.0003575117184,0.03269246048,0.08214824819,,kline_close_unadjusted
2026-07-21,JNJ,3,0.4343819815,0.5791759754,0,FULL_ASOF_PANEL,63,daily_klines_as_of_membership,unavailable_as_of_equals_zero,0.02003112406,0.05103547344,0.06432305175,,kline_close_unadjusted
2026-07-21,KO,4,0.4169718781,0.5559625042,0,FULL_ASOF_PANEL,63,daily_klines_as_of_membership,unavailable_as_of_equals_zero,0.002805904599,0.00341588386,0.07685738685,,kline_close_unadjusted
2026-07-21,MMM,5,0.3980929366,0.5307905821,0,FULL_ASOF_PANEL,63,daily_klines_as_of_membership,unavailable_as_of_equals_zero,0,0.01089248067,0.06863434059,,kline_close_unadjusted
2026-07-21,ADBE,6,0.3875003075,0.5166670766,0,FULL_ASOF_PANEL,63,daily_klines_as_of_membership,unavailable_as_of_equals_zero,-0.03874030612,-0.009024730403,0.09693881145,,kline_close_unadjusted
2026-07-21,LH,7,0.3836194225,0.5114925634,0,FULL_ASOF_PANEL,63,daily_klines_as_of_membership,unavailable_as_of_equals_zero,0.007372942019,0.06216893343,0.1246599857,,kline_close_unadjusted
2026-07-21,IR,8,0.3832518878,0.511002517,0,FULL_ASOF_PANEL,63,daily_klines_as_of_membership,unavailable_as_of_equals_zero,0.0326328801,0.04326328801,0.06922126082,,kline_close_unadjusted
2026-07-21,CRM,9,0.3748211937,0.4997615916,0,FULL_ASOF_PANEL,63,daily_klines_as_of_membership,unavailable_as_of_equals_zero,-0.0415147595,-0.03763377631,0.06727037516,,kline_close_unadjusted
2026-07-21,SHOP,10,0.3746897527,0.499586337,0,FULL_ASOF_PANEL,63,daily_klines_as_of_membership,unavailable_as_of_equals_zero,-0.03747053564,,,,kline_close_unadjusted
2026-07-21,NFLX,11,0.3706780403,0.494237387,0,FULL_ASOF_PANEL,63,daily_klines_as_of_membership,unavailable_as_of_equals_zero,-0.002038735984,0.02067860783,0.05417212757,,kline_close_unadjusted
2026-07-21,CRWD,12,0.3701167433,0.4934889911,0,FULL_ASOF_PANEL,63,daily_klines_as_of_membership,unavailable_as_of_equals_zero,-0.0142819775,-0.04117185456,-0.04891446508,,kline_close_unadjusted
2026-07-21,GEHC,13,0.3599527927,0.479937057,0,FULL_ASOF_PANEL,63,daily_klines_as_of_membership,unavailable_as_of_equals_zero,-0.01015473888,-0.02353320438,0.0333655706,,kline_close_unadjusted
2026-07-21,META,14,0.3550791175,0.4734388233,0,FULL_ASOF_PANEL,63,daily_klines_as_of_membership,unavailable_as_of_equals_zero,-0.02584613473,-0.07551917491,-0.07828396577,,kline_close_unadjusted
2026-07-21,EXPE,15,0.3483273483,0.4644364644,0,FULL_ASOF_PANEL,63,daily_klines_as_of_membership,unavailable_as_of_equals_zero,-0.01456933645,-0.01887219748,0.1164414584,,kline_close_unadjusted
2026-07-21,GRMN,16,0.3422203776,0.4562938368,0,FULL_ASOF_PANEL,63,daily_klines_as_of_membership,unavailable_as_of_equals_zero,0.01631100782,0.02695964505,0.07183604479,,kline_close_unadjusted
2026-07-21,MA,17,0.340656191,0.4542082547,0,FULL_ASOF_PANEL,63,daily_klines_as_of_membership,unavailable_as_of_equals_zero,-0.01174066506,0.002526472227,0.04542076909,,kline_close_unadjusted
2026-07-21,NBIS,18,0.3351712229,0.4468949638,0,FULL_ASOF_PANEL,63,daily_klines_as_of_membership,unavailable_as_of_equals_zero,0.00571639314,-0.1343813387,-0.2177300387,,kline_close_unadjusted
2026-07-21,MELI,19,0.3305358546,0.4407144728,0,FULL_ASOF_PANEL,63,daily_klines_as_of_membership,unavailable_as_of_equals_zero,-0.01286039558,-0.01163695718,0.02187474282,,kline_close_unadjusted
2026-07-21,PODD,20,0.325970271,0.434627028,0,FULL_ASOF_PANEL,63,daily_klines_as_of_membership,unavailable_as_of_equals_zero,-0.02925726851,-0.002809675055,0.02290495969,,kline_close_unadjusted
2026-07-21,ASML,21,0.3257408099,0.4343210798,0,FULL_ASOF_PANEL,63,daily_klines_as_of_membership,unavailable_as_of_equals_zero,0.0001942814639,-0.02567185306,-0.1213204478,,kline_close_unadjusted
2026-07-21,STX,22,0.3254334826,0.4339113101,0,FULL_ASOF_PANEL,63,daily_klines_as_of_membership,unavailable_as_of_equals_zero,0.01824338719,,,,kline_close_unadjusted
2026-07-21,GS,23,0.3251530666,0.4335374222,0,FULL_ASOF_PANEL,63,daily_klines_as_of_membership,unavailable_as_of_equals_zero,0.01164366671,-0.0224124855,-0.04810429197,,kline_close_unadjusted
2026-07-21,MDT,24,0.32174543,0.4289939067,0,FULL_ASOF_PANEL,63,daily_klines_as_of_membership,unavailable_as_of_equals_zero,-0.005585913783,0.01044323012,0.05500910747,,kline_close_unadjusted
2026-07-21,ISRG,25,0.3211987189,0.4282649585,0,FULL_ASOF_PANEL,63,daily_klines_as_of_membership,unavailable_as_of_equals_zero,-0.02676683997,-0.0358795635,0.03353710792,,kline_close_unadjusted
2026-07-21,MCK,26,0.3177030219,0.4236040291,0,FULL_ASOF_PANEL,63,daily_klines_as_of_membership,unavailable_as_of_equals_zero,-0.01785628107,0.01455045606,0.07318662227,,kline_close_unadjusted
2026-07-21,AMZN,27,0.317168119,0.4228908253,0,FULL_ASOF_PANEL,63,daily_klines_as_of_membership,unavailable_as_of_equals_zero,-0.0109068875,-0.06237123813,-0.06742072309,,kline_close_unadjusted
2026-07-21,PDD,28,0.3135539278,0.4180719037,0,FULL_ASOF_PANEL,63,daily_klines_as_of_membership,unavailable_as_of_equals_zero,-0.01461747023,-0.02558057291,0.01037368855,,kline_close_unadjusted
2026-07-21,HOOD,29,0.3127772007,0.4170362676,0,FULL_ASOF_PANEL,63,daily_klines_as_of_membership,unavailable_as_of_equals_zero,-0.01767581798,-0.1076532531,-0.1278676194,,kline_close_unadjusted
2026-07-21,ABNB,30,0.3111531077,0.4148708102,0,FULL_ASOF_PANEL,63,daily_klines_as_of_membership,unavailable_as_of_equals_zero,-0.0281054823,-0.02081887578,0.06252602359,,kline_close_unadjusted
2026-07-21,HCA,31,0.3024355616,0.4032474155,0,FULL_ASOF_PANEL,63,daily_klines_as_of_membership,unavailable_as_of_equals_zero,-0.003269988475,0.02439089764,0.1208823608,,kline_close_unadjusted
2026-07-21,ABBV,32,0.3020226164,0.4026968219,0,FULL_ASOF_PANEL,63,daily_klines_as_of_membership,unavailable_as_of_equals_zero,-0.01093322921,0.01272940258,0.02772354549,,kline_close_unadjusted
2026-07-22,IR,1,0.4787997536,0.6383996715,0,FULL_ASOF_PANEL,63,daily_klines_as_of_membership,unavailable_as_of_equals_zero,0.009217141489,0.01340675126,0.01280823558,,kline_close_unadjusted
2026-07-22,JNJ,2,0.4575347106,0.6100462808,0,FULL_ASOF_PANEL,63,daily_klines_as_of_membership,unavailable_as_of_equals_zero,0.01423933028,0.04037084849,0.03872784884,,kline_close_unadjusted
2026-07-22,MMM,3,0.4100490188,0.546732025,0,FULL_ASOF_PANEL,63,daily_klines_as_of_membership,unavailable_as_of_equals_zero,-0.006851721715,0.04374560787,0.0421058796,,kline_close_unadjusted
2026-07-22,LH,4,0.4086250555,0.5448334073,0,FULL_ASOF_PANEL,63,daily_klines_as_of_membership,unavailable_as_of_equals_zero,0.03396575002,0.07002771264,0.09127407092,,kline_close_unadjusted
2026-07-22,AMD,5,0.3960821442,0.5281095255,0,FULL_ASOF_PANEL,63,daily_klines_as_of_membership,unavailable_as_of_equals_zero,-0.02288486955,-0.1038871689,-0.2222765376,,kline_close_unadjusted
2026-07-22,ALLE,6,0.3878794645,0.5171726194,0,FULL_ASOF_PANEL,63,daily_klines_as_of_membership,unavailable_as_of_equals_zero,0.1044658807,0.1299749911,0.1323329761,,kline_close_unadjusted
2026-07-22,ADBE,7,0.3839156319,0.5118875092,0,FULL_ASOF_PANEL,63,daily_klines_as_of_membership,unavailable_as_of_equals_zero,-0.0283485136,0.08880091741,0.2064083212,,kline_close_unadjusted
2026-07-22,SHOP,8,0.3784089179,0.5045452239,0,FULL_ASOF_PANEL,63,daily_klines_as_of_membership,unavailable_as_of_equals_zero,,,,,missing_future_price
2026-07-22,NFLX,9,0.3611150558,0.4814867411,0,FULL_ASOF_PANEL,63,daily_klines_as_of_membership,unavailable_as_of_equals_zero,0.005253173792,0.02728731942,0.07441996206,,kline_close_unadjusted
2026-07-22,KO,10,0.3593599566,0.4791466088,0,FULL_ASOF_PANEL,63,daily_klines_as_of_membership,unavailable_as_of_equals_zero,-0.01253041363,0.02274939173,0.08369829684,,kline_close_unadjusted
2026-07-22,CRM,11,0.3585678931,0.4780905241,0,FULL_ASOF_PANEL,63,daily_klines_as_of_membership,unavailable_as_of_equals_zero,-0.0372392638,0.06503067485,0.1557055215,,kline_close_unadjusted
2026-07-22,GRMN,12,0.3564666539,0.4752888719,0,FULL_ASOF_PANEL,63,daily_klines_as_of_membership,unavailable_as_of_equals_zero,-0.001704710823,0.008149349299,0.2258533949,,kline_close_unadjusted
2026-07-22,PODD,13,0.3462299915,0.4616399887,0,FULL_ASOF_PANEL,63,daily_klines_as_of_membership,unavailable_as_of_equals_zero,-0.00346064305,0.03819291512,0.07355439502,,kline_close_unadjusted
2026-07-22,CRWD,14,0.3428853463,0.4571804618,0,FULL_ASOF_PANEL,63,daily_klines_as_of_membership,unavailable_as_of_equals_zero,-0.0265364611,-0.04410359834,-0.04797792166,,kline_close_unadjusted
2026-07-22,GS,15,0.3372652458,0.4496869945,0,FULL_ASOF_PANEL,63,daily_klines_as_of_membership,unavailable_as_of_equals_zero,-0.02138044072,-0.0455017301,-0.1069477327,,kline_close_unadjusted
2026-07-22,STX,16,0.3342154041,0.4456205388,0,FULL_ASOF_PANEL,63,daily_klines_as_of_membership,unavailable_as_of_equals_zero,,,,,missing_future_price
2026-07-22,NBIS,17,0.3299886472,0.439984863,0,FULL_ASOF_PANEL,63,daily_klines_as_of_membership,unavailable_as_of_equals_zero,0.01288045471,-0.1387972131,-0.3205903924,,kline_close_unadjusted
2026-07-22,MA,18,0.3292610839,0.4390147785,0,FULL_ASOF_PANEL,63,daily_klines_as_of_membership,unavailable_as_of_equals_zero,-0.003176811158,0.03708786045,0.05891198917,,kline_close_unadjusted
2026-07-22,AON,19,0.3290412414,0.4387216552,0,FULL_ASOF_PANEL,63,daily_klines_as_of_membership,unavailable_as_of_equals_zero,0.009791956405,0.04211960378,0.07047370363,,kline_close_unadjusted
2026-07-22,EXPE,20,0.3286305134,0.4381740178,0,FULL_ASOF_PANEL,63,daily_klines_as_of_membership,unavailable_as_of_equals_zero,-0.0132909453,0.0662249119,0.1654282212,,kline_close_unadjusted
2026-07-22,AVGO,21,0.3282041749,0.4376055665,0,FULL_ASOF_PANEL,63,daily_klines_as_of_membership,unavailable_as_of_equals_zero,-0.01093722436,-0.03424812883,-0.06675739019,,kline_close_unadjusted
2026-07-22,MELI,22,0.3266382586,0.4355176782,0,FULL_ASOF_PANEL,63,daily_klines_as_of_membership,unavailable_as_of_equals_zero,-0.0002834577398,0.01141056353,0.03562680287,,kline_close_unadjusted
2026-07-22,MCK,23,0.3179444195,0.4239258926,0,FULL_ASOF_PANEL,63,daily_klines_as_of_membership,unavailable_as_of_equals_zero,0.01283720702,0.04424843988,0.0915434131,,kline_close_unadjusted
2026-07-22,CMG,24,0.3122096591,0.4162795455,0,FULL_ASOF_PANEL,63,daily_klines_as_of_membership,unavailable_as_of_equals_zero,-0.005900621118,0.03105590062,0.06335403727,,kline_close_unadjusted
2026-07-22,PDD,25,0.3119721213,0.4159628284,0,FULL_ASOF_PANEL,63,daily_klines_as_of_membership,unavailable_as_of_equals_zero,-0.003469314511,0.01507357339,0.05658571599,,kline_close_unadjusted
2026-07-22,ALL,26,0.3111599133,0.4148798845,0,FULL_ASOF_PANEL,63,daily_klines_as_of_membership,unavailable_as_of_equals_zero,0.01068180916,0.03748560537,0.08958424334,,kline_close_unadjusted
2026-07-22,ISRG,27,0.3033819357,0.4045092476,0,FULL_ASOF_PANEL,63,daily_klines_as_of_membership,unavailable_as_of_equals_zero,-0.02544835481,0.04737444598,0.03642607649,,kline_close_unadjusted
2026-07-22,AWK,28,0.3011362971,0.4015150627,0,FULL_ASOF_PANEL,63,daily_klines_as_of_membership,unavailable_as_of_equals_zero,0.004333856385,0.005454681312,0.03183142793,,kline_close_unadjusted
2026-07-22,AMZN,29,0.3006142508,0.4008190011,0,FULL_ASOF_PANEL,63,daily_klines_as_of_membership,unavailable_as_of_equals_zero,-0.04570144987,-0.0549724321,-0.0743312232,,kline_close_unadjusted
2026-07-23,ALLE,1,0.5078557315,0.6771409753,0,FULL_ASOF_PANEL,60,daily_klines_as_of_membership,unavailable_as_of_equals_zero,-0.007828168467,0.04308727437,0.01610920618,,kline_close_unadjusted
2026-07-23,LH,2,0.477451686,0.6366022479,0,FULL_ASOF_PANEL,60,daily_klines_as_of_membership,unavailable_as_of_equals_zero,0.01975809223,0.0797539688,0.08422101574,,kline_close_unadjusted
2026-07-23,JNJ,3,0.4644066299,0.6192088398,0,FULL_ASOF_PANEL,60,daily_klines_as_of_membership,unavailable_as_of_equals_zero,0.01592934007,0.02877309369,-0.01330659158,,kline_close_unadjusted
2026-07-23,IR,4,0.4591349793,0.6121799725,0,FULL_ASOF_PANEL,60,daily_klines_as_of_membership,unavailable_as_of_equals_zero,0.001067489029,0.02597556636,0.0001186098921,,kline_close_unadjusted
2026-07-23,AMD,5,0.3937844816,0.5250459755,0,FULL_ASOF_PANEL,60,daily_klines_as_of_membership,unavailable_as_of_equals_zero,-0.03287072208,-0.1576275269,-0.1006133151,,kline_close_unadjusted
2026-07-23,NFLX,6,0.3750240737,0.5000320982,0,FULL_ASOF_PANEL,60,daily_klines_as_of_membership,unavailable_as_of_equals_zero,0.01741907389,0.05080563217,0.06212803019,,kline_close_unadjusted
2026-07-23,HII,7,0.3659384666,0.4879179555,0,FULL_ASOF_PANEL,60,daily_klines_as_of_membership,unavailable_as_of_equals_zero,0.001741614128,0.04462015396,0.1142847191,,kline_close_unadjusted
2026-07-23,AON,8,0.3590941645,0.4787922193,0,FULL_ASOF_PANEL,60,daily_klines_as_of_membership,unavailable_as_of_equals_zero,0.01663949632,0.07161729158,0.03032773062,,kline_close_unadjusted
2026-07-23,MMM,9,0.3532744995,0.4710326659,0,FULL_ASOF_PANEL,60,daily_klines_as_of_membership,unavailable_as_of_equals_zero,0.01786661949,0.07600684003,0.03820980011,,kline_close_unadjusted
2026-07-23,AVGO,10,0.3433275462,0.4577700616,0,FULL_ASOF_PANEL,60,daily_klines_as_of_membership,unavailable_as_of_equals_zero,-0.02688103549,-0.0294544806,-0.01179708003,,kline_close_unadjusted
2026-07-23,CRM,11,0.3430338525,0.45737847,0,FULL_ASOF_PANEL,60,daily_klines_as_of_membership,unavailable_as_of_equals_zero,0.0428853629,0.1565666221,0.1515325304,,kline_close_unadjusted
2026-07-23,KO,12,0.3403118219,0.4537490959,0,FULL_ASOF_PANEL,60,daily_klines_as_of_membership,unavailable_as_of_equals_zero,0.0133054084,0.08747074042,0.09018110139,,kline_close_unadjusted
2026-07-23,ALL,13,0.3347655615,0.446354082,0,FULL_ASOF_PANEL,60,daily_klines_as_of_membership,unavailable_as_of_equals_zero,0.02141285557,0.07032846142,0.04266855257,,kline_close_unadjusted
2026-07-23,PDD,14,0.3311699156,0.4415598874,0,FULL_ASOF_PANEL,60,daily_klines_as_of_membership,unavailable_as_of_equals_zero,-0.007683073229,0.02893157263,0.04969987995,,kline_close_unadjusted
2026-07-23,CRWD,15,0.3305552229,0.4407402972,0,FULL_ASOF_PANEL,60,daily_klines_as_of_membership,unavailable_as_of_equals_zero,-0.0007632755425,-0.00883218842,0.009813542689,,kline_close_unadjusted
2026-07-23,NBIS,16,0.330550899,0.4407345321,0,FULL_ASOF_PANEL,60,daily_klines_as_of_membership,unavailable_as_of_equals_zero,-0.1502466398,-0.2320677015,-0.147259809,,kline_close_unadjusted
2026-07-23,MELI,17,0.3274959107,0.4366612142,0,FULL_ASOF_PANEL,60,daily_klines_as_of_membership,unavailable_as_of_equals_zero,0.001523266804,0.03548118085,0.04838494468,,kline_close_unadjusted
2026-07-23,MA,18,0.3214347511,0.4285796681,0,FULL_ASOF_PANEL,60,daily_klines_as_of_membership,unavailable_as_of_equals_zero,0.01766957702,0.06121178978,0.08874389485,,kline_close_unadjusted
2026-07-23,HOOD,19,0.3209300737,0.427906765,0,FULL_ASOF_PANEL,60,daily_klines_as_of_membership,unavailable_as_of_equals_zero,-0.06566253199,-0.08682811577,-0.1474699744,,kline_close_unadjusted
2026-07-23,MCK,20,0.3188425273,0.4251233697,0,FULL_ASOF_PANEL,60,daily_klines_as_of_membership,unavailable_as_of_equals_zero,0.0199032129,0.07884874286,0.04975196788,,kline_close_unadjusted
2026-07-23,ASML,21,0.3100401242,0.4133868323,0,FULL_ASOF_PANEL,60,daily_klines_as_of_membership,unavailable_as_of_equals_zero,-0.02548896083,-0.1211555099,-0.08313032199,,kline_close_unadjusted
2026-07-23,ABBV,22,0.3041306739,0.4055075652,0,FULL_ASOF_PANEL,60,daily_klines_as_of_membership,unavailable_as_of_equals_zero,0.009497119726,0.02444340651,0.00190720847,,kline_close_unadjusted
2026-07-23,GRMN,23,0.3031663757,0.4042218342,0,FULL_ASOF_PANEL,60,daily_klines_as_of_membership,unavailable_as_of_equals_zero,0.01220324865,0.05643481883,0.239275302,,kline_close_unadjusted
2026-07-24,ALLE,1,0.5135043735,0.684672498,0,FULL_ASOF_PANEL,60,daily_klines_as_of_membership,unavailable_as_of_equals_zero,0.03116849244,0.03332029212,0.02634324465,,kline_close_unadjusted
2026-07-24,LH,2,0.5079589542,0.6772786056,0,FULL_ASOF_PANEL,60,daily_klines_as_of_membership,unavailable_as_of_equals_zero,0.01482629646,0.03497658119,0.0418842875,,kline_close_unadjusted
2026-07-24,MMM,3,0.4288901825,0.5718535766,0,FULL_ASOF_PANEL,60,daily_klines_as_of_membership,unavailable_as_of_equals_zero,0.03249913104,0.03087707102,0.02120264164,,kline_close_unadjusted
2026-07-24,IR,4,0.4194050063,0.5592066751,0,FULL_ASOF_PANEL,60,daily_klines_as_of_membership,unavailable_as_of_equals_zero,0.00308056872,0.002488151659,-0.01208530806,,kline_close_unadjusted
2026-07-24,JNJ,5,0.4111587444,0.5482116593,0,FULL_ASOF_PANEL,60,daily_klines_as_of_membership,unavailable_as_of_equals_zero,0.009681093394,0.008086560364,-0.02676537585,,kline_close_unadjusted
2026-07-24,CRM,6,0.4049784555,0.539971274,0,FULL_ASOF_PANEL,60,daily_klines_as_of_membership,unavailable_as_of_equals_zero,0.06073567151,0.1510448491,0.1244042527,,kline_close_unadjusted
2026-07-24,DLR,7,0.3939467019,0.5252622693,0,FULL_ASOF_PANEL,60,daily_klines_as_of_membership,unavailable_as_of_equals_zero,-0.01667671288,-0.05475185855,-0.05304400241,,kline_close_unadjusted
2026-07-24,MA,8,0.369520602,0.492694136,0,FULL_ASOF_PANEL,60,daily_klines_as_of_membership,unavailable_as_of_equals_zero,0.02232887374,0.0438424193,0.06196494089,,kline_close_unadjusted
2026-07-24,MCK,9,0.3653462953,0.4871283937,0,FULL_ASOF_PANEL,60,daily_klines_as_of_membership,unavailable_as_of_equals_zero,0.01089309074,0.05667736949,0.01818289927,,kline_close_unadjusted
2026-07-24,AKAM,10,0.3558935968,0.4745247957,0,FULL_ASOF_PANEL,60,daily_klines_as_of_membership,unavailable_as_of_equals_zero,-0.02184276675,-0.06899540608,-0.001646875271,,kline_close_unadjusted
2026-07-24,ALL,11,0.3525064677,0.4700086237,0,FULL_ASOF_PANEL,60,daily_klines_as_of_membership,unavailable_as_of_equals_zero,0.00500057699,0.05546793861,0.01580951648,,kline_close_unadjusted
2026-07-24,MELI,12,0.3496077079,0.4661436106,0,FULL_ASOF_PANEL,60,daily_klines_as_of_membership,unavailable_as_of_equals_zero,0.01015859591,0.03434485935,0.04247163616,,kline_close_unadjusted
2026-07-24,EXPE,13,0.3461319921,0.4615093227,0,FULL_ASOF_PANEL,60,daily_klines_as_of_membership,unavailable_as_of_equals_zero,0.07090097715,0.1705393552,0.1338770485,,kline_close_unadjusted
2026-07-24,BSX,14,0.3460778342,0.4614371123,0,FULL_ASOF_PANEL,60,daily_klines_as_of_membership,unavailable_as_of_equals_zero,0.02847457627,0.0404519774,0.05604519774,,kline_close_unadjusted
2026-07-24,NBIS,15,0.338374336,0.4511657814,0,FULL_ASOF_PANEL,60,daily_klines_as_of_membership,unavailable_as_of_equals_zero,0.0005858230814,-0.2106300261,0.01405975395,,kline_close_unadjusted
2026-07-24,AVGO,16,0.3339253003,0.4452337338,0,FULL_ASOF_PANEL,60,daily_klines_as_of_membership,unavailable_as_of_equals_zero,0.00340385421,-0.03037285295,0.01927105153,,kline_close_unadjusted
2026-07-24,PDD,17,0.3309016143,0.4412021524,0,FULL_ASOF_PANEL,60,daily_klines_as_of_membership,unavailable_as_of_equals_zero,0.0264940721,0.06847326397,0.07137672393,,kline_close_unadjusted
2026-07-24,KO,18,0.3258586919,0.4344782559,0,FULL_ASOF_PANEL,60,daily_klines_as_of_membership,unavailable_as_of_equals_zero,0.02212765957,0.08303951368,0.06492401216,,kline_close_unadjusted
2026-07-24,ISRG,19,0.3247245526,0.4329660702,0,FULL_ASOF_PANEL,60,daily_klines_as_of_membership,unavailable_as_of_equals_zero,0.05727407407,0.04622222222,0.0469037037,,kline_close_unadjusted
2026-07-24,AON,20,0.318916688,0.4252222506,0,FULL_ASOF_PANEL,60,daily_klines_as_of_membership,unavailable_as_of_equals_zero,0.01512303014,0.04274260437,-0.003179430467,,kline_close_unadjusted
2026-07-24,NFLX,21,0.3182261311,0.4243015081,0,FULL_ASOF_PANEL,60,daily_klines_as_of_membership,unavailable_as_of_equals_zero,0.004422884862,0.05050649165,0.02311314025,,kline_close_unadjusted
2026-07-24,HII,22,0.3152805788,0.4203741051,0,FULL_ASOF_PANEL,60,daily_klines_as_of_membership,unavailable_as_of_equals_zero,0.00229493376,-0.02500086929,0.135122918,,kline_close_unadjusted
2026-07-24,PODD,23,0.3148637915,0.4198183886,0,FULL_ASOF_PANEL,60,daily_klines_as_of_membership,unavailable_as_of_equals_zero,0.01065784638,0.04508146515,0.01280166605,,kline_close_unadjusted
2026-07-24,AMZN,24,0.3145345476,0.4193793968,0,FULL_ASOF_PANEL,60,daily_klines_as_of_membership,unavailable_as_of_equals_zero,-0.003101977511,-0.02352332946,0.1700486838,,kline_close_unadjusted
2026-07-24,ABBV,25,0.3142644736,0.4190192981,0,FULL_ASOF_PANEL,60,daily_klines_as_of_membership,unavailable_as_of_equals_zero,-0.009446329426,0.01519123998,-0.03246452807,,kline_close_unadjusted
2026-07-24,AXON,26,0.312120467,0.4161606227,0,FULL_ASOF_PANEL,60,daily_klines_as_of_membership,unavailable_as_of_equals_zero,0.04606441852,0.05745112872,0.05060317713,,kline_close_unadjusted
2026-07-24,HOOD,27,0.3101133849,0.4134845132,0,FULL_ASOF_PANEL,60,daily_klines_as_of_membership,unavailable_as_of_equals_zero,0.007796860183,-0.05341902855,-0.0879780845,,kline_close_unadjusted
2026-07-24,CRWD,28,0.3082914873,0.4110553164,0,FULL_ASOF_PANEL,60,daily_klines_as_of_membership,unavailable_as_of_equals_zero,-0.01729594064,-0.0212789175,0.04135748581,,kline_close_unadjusted
2026-07-24,MDT,29,0.3074396185,0.4099194913,0,FULL_ASOF_PANEL,60,daily_klines_as_of_membership,unavailable_as_of_equals_zero,0.01213796419,0.05203701478,0.02619877419,,kline_close_unadjusted
2026-07-24,APP,30,0.3025357022,0.4033809363,0,FULL_ASOF_PANEL,60,daily_klines_as_of_membership,unavailable_as_of_equals_zero,0.0529363743,0.01908260626,0.01000051023,,kline_close_unadjusted
2026-07-24,GOOGL,31,0.3011917552,0.401589007,0,FULL_ASOF_PANEL,60,daily_klines_as_of_membership,unavailable_as_of_equals_zero,0.02132983049,0.05307437293,0.1138112216,,kline_close_unadjusted
2026-07-24,AWK,32,0.3006650236,0.4008866982,0,FULL_ASOF_PANEL,60,daily_klines_as_of_membership,unavailable_as_of_equals_zero,-0.0007426110203,0.025471558,-0.003638794,,kline_close_unadjusted
2026-07-27,ALLE,1,0.5390432747,0.7187243662,0,FULL_ASOF_PANEL,60,daily_klines_as_of_membership,unavailable_as_of_equals_zero,0.01953964841,-0.006829391678,,,kline_close_unadjusted
2026-07-27,LH,2,0.5163844815,0.688512642,0,FULL_ASOF_PANEL,60,daily_klines_as_of_membership,unavailable_as_of_equals_zero,0.0433642129,0.04768071189,,,kline_close_unadjusted
2026-07-27,JNJ,3,0.503618083,0.6714907774,0,FULL_ASOF_PANEL,60,daily_klines_as_of_membership,unavailable_as_of_equals_zero,0.002932882121,-0.03808986652,,,kline_close_unadjusted
2026-07-27,MMM,4,0.4994069676,0.6658759569,0,FULL_ASOF_PANEL,60,daily_klines_as_of_membership,unavailable_as_of_equals_zero,0.02384559277,-0.01211917186,,,kline_close_unadjusted
2026-07-27,CRM,5,0.490466747,0.6539556626,0,FULL_ASOF_PANEL,60,daily_klines_as_of_membership,unavailable_as_of_equals_zero,0.04550691244,0.0409562212,,,kline_close_unadjusted
2026-07-27,AON,6,0.4847578136,0.6463437514,0,FULL_ASOF_PANEL,60,daily_klines_as_of_membership,unavailable_as_of_equals_zero,0.03837459487,-0.001634120435,,,kline_close_unadjusted
2026-07-27,BSX,7,0.4322932428,0.5763909904,0,FULL_ASOF_PANEL,60,daily_klines_as_of_membership,unavailable_as_of_equals_zero,0.01208525599,0.01076686443,,,kline_close_unadjusted
2026-07-27,IR,8,0.4249482097,0.5665976129,0,FULL_ASOF_PANEL,60,daily_klines_as_of_membership,unavailable_as_of_equals_zero,0.0217339948,-0.004016064257,,,kline_close_unadjusted
2026-07-27,DLR,9,0.4137633205,0.5516844273,0,FULL_ASOF_PANEL,60,daily_klines_as_of_membership,unavailable_as_of_equals_zero,-0.01317940335,-0.01312832039,,,kline_close_unadjusted
2026-07-27,CBRE,10,0.4036864845,0.538248646,0,FULL_ASOF_PANEL,60,daily_klines_as_of_membership,unavailable_as_of_equals_zero,0.0220322491,0.0387823186,,,kline_close_unadjusted
2026-07-27,FFIV,11,0.3854819014,0.5139758685,0,FULL_ASOF_PANEL,60,daily_klines_as_of_membership,unavailable_as_of_equals_zero,-0.01103049319,-0.0470879498,,,kline_close_unadjusted
2026-07-27,GRMN,12,0.3821285827,0.5095047769,0,FULL_ASOF_PANEL,60,daily_klines_as_of_membership,unavailable_as_of_equals_zero,0.04610879696,0.2271621231,,,kline_close_unadjusted
2026-07-27,GS,13,0.3804857167,0.5073142889,0,FULL_ASOF_PANEL,60,daily_klines_as_of_membership,unavailable_as_of_equals_zero,-0.01420489778,-0.02229472539,,,kline_close_unadjusted
2026-07-27,MCK,14,0.3745878552,0.4994504735,0,FULL_ASOF_PANEL,60,daily_klines_as_of_membership,unavailable_as_of_equals_zero,0.04639672494,0.01817518763,,,kline_close_unadjusted
2026-07-27,AVGO,15,0.3731676828,0.4975569104,0,FULL_ASOF_PANEL,60,daily_klines_as_of_membership,unavailable_as_of_equals_zero,-0.006027869109,0.01205573822,,,kline_close_unadjusted
2026-07-27,AMD,16,0.3712536978,0.4950049303,0,FULL_ASOF_PANEL,60,daily_klines_as_of_membership,unavailable_as_of_equals_zero,-0.08148297808,-0.01931508233,,,kline_close_unadjusted
2026-07-27,HII,17,0.3695869443,0.4927825924,0,FULL_ASOF_PANEL,60,daily_klines_as_of_membership,unavailable_as_of_equals_zero,0.04041630529,0.1098005204,,,kline_close_unadjusted
2026-07-27,MA,18,0.3657550034,0.4876733378,0,FULL_ASOF_PANEL,60,daily_klines_as_of_membership,unavailable_as_of_equals_zero,0.02001051277,0.04647369089,,,kline_close_unadjusted
2026-07-27,NBIS,19,0.3386632034,0.4515509379,0,FULL_ASOF_PANEL,60,daily_klines_as_of_membership,unavailable_as_of_equals_zero,-0.09681711731,0.002927400468,,,kline_close_unadjusted
2026-07-27,KO,20,0.3379621773,0.4506162364,0,FULL_ASOF_PANEL,60,daily_klines_as_of_membership,unavailable_as_of_equals_zero,0.04995836803,0.05257523492,,,kline_close_unadjusted
2026-07-27,EXPE,21,0.3318260164,0.4424346886,0,FULL_ASOF_PANEL,60,daily_klines_as_of_membership,unavailable_as_of_equals_zero,0.06257858246,0.05230448683,,,kline_close_unadjusted
2026-07-27,ALL,22,0.3295497127,0.4393996169,0,FULL_ASOF_PANEL,60,daily_klines_as_of_membership,unavailable_as_of_equals_zero,0.04267615876,0.01573085314,,,kline_close_unadjusted
2026-07-27,MELI,23,0.3270372032,0.4360496042,0,FULL_ASOF_PANEL,60,daily_klines_as_of_membership,unavailable_as_of_equals_zero,0.02350885291,0.03626342225,,,kline_close_unadjusted
2026-07-27,ISRG,24,0.3219561447,0.4292748596,0,FULL_ASOF_PANEL,60,daily_klines_as_of_membership,unavailable_as_of_equals_zero,0.0139282011,-0.01081747611,,,kline_close_unadjusted
2026-07-27,GOOG,25,0.3199908946,0.4266545261,0,FULL_ASOF_PANEL,60,daily_klines_as_of_membership,unavailable_as_of_equals_zero,0.0184646477,0.02177174878,,,kline_close_unadjusted
2026-07-27,GOOGL,26,0.3185878501,0.4247838002,0,FULL_ASOF_PANEL,60,daily_klines_as_of_membership,unavailable_as_of_equals_zero,0.02189490446,0.02174179324,,,kline_close_unadjusted
2026-07-27,AWK,27,0.3149593794,0.4199458393,0,FULL_ASOF_PANEL,60,daily_klines_as_of_membership,unavailable_as_of_equals_zero,0.02586206897,0.01672116528,,,kline_close_unadjusted
2026-07-27,PDD,28,0.3133130974,0.4177507965,0,FULL_ASOF_PANEL,60,daily_klines_as_of_membership,unavailable_as_of_equals_zero,0.01013553329,0.03052445492,,,kline_close_unadjusted
2026-07-27,AJG,29,0.3076861652,0.4102482202,0,FULL_ASOF_PANEL,60,daily_klines_as_of_membership,unavailable_as_of_equals_zero,0.04716608778,0.01223555415,,,kline_close_unadjusted
2026-07-27,NUE,30,0.30664207,0.4088560934,0,FULL_ASOF_PANEL,60,daily_klines_as_of_membership,unavailable_as_of_equals_zero,0.0716533527,0.03703703704,,,kline_close_unadjusted
2026-07-27,NKE,31,0.3026846158,0.4035794877,0,FULL_ASOF_PANEL,60,daily_klines_as_of_membership,unavailable_as_of_equals_zero,0.02159468439,0.00355956336,,,kline_close_unadjusted
2026-07-27,ABBV,32,0.3025428303,0.4033904404,0,FULL_ASOF_PANEL,60,daily_klines_as_of_membership,unavailable_as_of_equals_zero,0.02448328208,0.001946206843,,,kline_close_unadjusted
2026-07-27,AXON,33,0.3022949776,0.4030599701,0,FULL_ASOF_PANEL,60,daily_klines_as_of_membership,unavailable_as_of_equals_zero,0.04218999772,-0.0003425439598,,,kline_close_unadjusted
2026-07-28,ALLE,1,0.5115834582,0.6821112776,0,FULL_ASOF_PANEL,60,daily_klines_as_of_membership,unavailable_as_of_equals_zero,-0.01711840228,-0.02375488433,,,kline_close_unadjusted
2026-07-28,MMM,2,0.4993480765,0.6657974353,0,FULL_ASOF_PANEL,60,daily_klines_as_of_membership,unavailable_as_of_equals_zero,-0.02482463832,-0.03397632617,,,kline_close_unadjusted
2026-07-28,CRM,3,0.4921077766,0.6561437022,0,FULL_ASOF_PANEL,60,daily_klines_as_of_membership,unavailable_as_of_equals_zero,0.03790633609,0.01388429752,,,kline_close_unadjusted
2026-07-28,NUE,4,0.4883317223,0.6511089631,0,FULL_ASOF_PANEL,60,daily_klines_as_of_membership,unavailable_as_of_equals_zero,-0.03614185679,-0.03136059032,,,kline_close_unadjusted
2026-07-28,AON,5,0.4882107044,0.6509476058,0,FULL_ASOF_PANEL,60,daily_klines_as_of_membership,unavailable_as_of_equals_zero,-0.01075381629,-0.05431988669,,,kline_close_unadjusted
2026-07-28,LH,6,0.4880240628,0.6506987504,0,FULL_ASOF_PANEL,60,daily_klines_as_of_membership,unavailable_as_of_equals_zero,-0.02253126691,-0.01600738313,,,kline_close_unadjusted
2026-07-28,HCA,7,0.4775492579,0.6367323439,0,FULL_ASOF_PANEL,60,daily_klines_as_of_membership,unavailable_as_of_equals_zero,-0.0239364882,-0.03730361797,,,kline_close_unadjusted
2026-07-28,HII,8,0.4724347702,0.6299130269,0,FULL_ASOF_PANEL,60,daily_klines_as_of_membership,unavailable_as_of_equals_zero,-0.06502167389,0.08852950984,,,kline_close_unadjusted
2026-07-28,JNJ,9,0.4554435772,0.607258103,0,FULL_ASOF_PANEL,60,daily_klines_as_of_membership,unavailable_as_of_equals_zero,-0.004498931504,-0.03891575751,,,kline_close_unadjusted
2026-07-28,CBRE,10,0.4527632132,0.6036842843,0,FULL_ASOF_PANEL,60,daily_klines_as_of_membership,unavailable_as_of_equals_zero,0.004964297858,-0.001632097926,,,kline_close_unadjusted
2026-07-28,KO,11,0.451465266,0.601953688,0,FULL_ASOF_PANEL,60,daily_klines_as_of_membership,unavailable_as_of_equals_zero,0.00917639062,-0.00770363657,,,kline_close_unadjusted
2026-07-28,GRMN,12,0.4479918082,0.597322411,0,FULL_ASOF_PANEL,60,daily_klines_as_of_membership,unavailable_as_of_equals_zero,0.1623496945,0.1582101321,,,kline_close_unadjusted
2026-07-28,ABNB,13,0.4323973172,0.5765297563,0,FULL_ASOF_PANEL,60,daily_klines_as_of_membership,unavailable_as_of_equals_zero,-0.0006531252041,-0.01038469075,,,kline_close_unadjusted
2026-07-28,MCK,14,0.4272178116,0.5696237488,0,FULL_ASOF_PANEL,60,daily_klines_as_of_membership,unavailable_as_of_equals_zero,-0.001056773468,-0.0374480045,,,kline_close_unadjusted
2026-07-28,BSX,15,0.4222737117,0.5630316156,0,FULL_ASOF_PANEL,60,daily_klines_as_of_membership,unavailable_as_of_equals_zero,-0.0004342162397,0.01454624403,,,kline_close_unadjusted
2026-07-28,IR,16,0.4171566601,0.5562088801,0,FULL_ASOF_PANEL,60,daily_klines_as_of_membership,unavailable_as_of_equals_zero,-0.02184971098,-0.03606936416,,,kline_close_unadjusted
2026-07-28,AWK,17,0.4106865495,0.547582066,0,FULL_ASOF_PANEL,60,daily_klines_as_of_membership,unavailable_as_of_equals_zero,0.0003622138511,-0.02803535207,,,kline_close_unadjusted
2026-07-28,ADBE,18,0.3951280965,0.5268374621,0,FULL_ASOF_PANEL,60,daily_klines_as_of_membership,unavailable_as_of_equals_zero,0.0571890441,0.004936317491,,,kline_close_unadjusted
2026-07-28,DLR,19,0.3850780649,0.5134374198,0,FULL_ASOF_PANEL,60,daily_klines_as_of_membership,unavailable_as_of_equals_zero,-0.02588259654,-0.02412257998,,,kline_close_unadjusted
2026-07-28,GOOGL,20,0.36821294,0.4909505867,0,FULL_ASOF_PANEL,60,daily_klines_as_of_membership,unavailable_as_of_equals_zero,0.008989841479,0.06718408199,,,kline_close_unadjusted
2026-07-28,GOOG,21,0.3666071582,0.4888095442,0,FULL_ASOF_PANEL,60,daily_klines_as_of_membership,unavailable_as_of_equals_zero,0.009500901984,0.07230907998,,,kline_close_unadjusted
2026-07-28,ALL,22,0.3637092136,0.4849456181,0,FULL_ASOF_PANEL,60,daily_klines_as_of_membership,unavailable_as_of_equals_zero,0.007231480802,-0.03061449233,,,kline_close_unadjusted
2026-07-28,GS,23,0.3629623227,0.4839497636,0,FULL_ASOF_PANEL,60,daily_klines_as_of_membership,unavailable_as_of_equals_zero,-0.05089322004,-0.01447732595,,,kline_close_unadjusted
2026-07-28,MA,24,0.360624584,0.4808327787,0,FULL_ASOF_PANEL,60,daily_klines_as_of_membership,unavailable_as_of_equals_zero,0.001012883163,0.01839182586,,,kline_close_unadjusted
2026-07-28,AMD,25,0.3414068675,0.4552091567,0,FULL_ASOF_PANEL,60,daily_klines_as_of_membership,unavailable_as_of_equals_zero,-0.05512295983,0.04735823325,,,kline_close_unadjusted
2026-07-28,AVGO,26,0.3372957639,0.4497276852,0,FULL_ASOF_PANEL,60,daily_klines_as_of_membership,unavailable_as_of_equals_zero,-0.02780184296,0.02197369457,,,kline_close_unadjusted
2026-07-28,MELI,27,0.3331990341,0.4442653788,0,FULL_ASOF_PANEL,60,daily_klines_as_of_membership,unavailable_as_of_equals_zero,0.0004242102098,0.008284474798,,,kline_close_unadjusted
2026-07-28,NKE,28,0.3321478868,0.4428638491,0,FULL_ASOF_PANEL,60,daily_klines_as_of_membership,unavailable_as_of_equals_zero,0.003948896632,-0.03112659698,,,kline_close_unadjusted
2026-07-28,AJG,29,0.3288077959,0.4384103945,0,FULL_ASOF_PANEL,60,daily_klines_as_of_membership,unavailable_as_of_equals_zero,0.01356903245,-0.05989220158,,,kline_close_unadjusted
2026-07-28,MDT,30,0.3249533391,0.4332711188,0,FULL_ASOF_PANEL,60,daily_klines_as_of_membership,unavailable_as_of_equals_zero,0.007596685083,-0.01715009208,,,kline_close_unadjusted
2026-07-28,EXPE,31,0.3238288784,0.4317718378,0,FULL_ASOF_PANEL,60,daily_klines_as_of_membership,unavailable_as_of_equals_zero,0.02866898813,-0.003549815748,,,kline_close_unadjusted
2026-07-28,FFIV,32,0.3122808081,0.4163744109,0,FULL_ASOF_PANEL,60,daily_klines_as_of_membership,unavailable_as_of_equals_zero,-0.04092103306,-0.002205918802,,,kline_close_unadjusted
2026-07-28,ABBV,33,0.30955912,0.4127454933,0,FULL_ASOF_PANEL,60,daily_klines_as_of_membership,unavailable_as_of_equals_zero,0.0003799392097,-0.04658054711,,,kline_close_unadjusted
2026-07-28,NBIS,34,0.3088838455,0.4118451274,0,FULL_ASOF_PANEL,60,daily_klines_as_of_membership,unavailable_as_of_equals_zero,-0.1265248394,0.122105015,,,kline_close_unadjusted
2026-07-28,ISRG,35,0.3083866115,0.4111821487,0,FULL_ASOF_PANEL,60,daily_klines_as_of_membership,unavailable_as_of_equals_zero,-0.02404643449,-0.02341072416,,,kline_close_unadjusted
2026-07-28,PDD,36,0.3081638415,0.4108851221,0,FULL_ASOF_PANEL,60,daily_klines_as_of_membership,unavailable_as_of_equals_zero,0.03045152258,0.03325166258,,,kline_close_unadjusted
2026-07-28,CMG,37,0.3079265827,0.4105687769,0,FULL_ASOF_PANEL,60,daily_klines_as_of_membership,unavailable_as_of_equals_zero,0.02178454193,0.1107132199,,,kline_close_unadjusted
2026-07-28,GEHC,38,0.3025640285,0.4034187046,0,FULL_ASOF_PANEL,60,daily_klines_as_of_membership,unavailable_as_of_equals_zero,0.1215099049,0.06098892528,,,kline_close_unadjusted
2026-07-29,CRM,1,0.5698947337,0.7598596449,0,FULL_ASOF_PANEL,60,daily_klines_as_of_membership,unavailable_as_of_equals_zero,-0.0407155749,,,,kline_close_unadjusted
2026-07-29,ADBE,2,0.5663895633,0.7551860844,0,FULL_ASOF_PANEL,60,daily_klines_as_of_membership,unavailable_as_of_equals_zero,-0.05895447485,,,,kline_close_unadjusted
2026-07-29,GEHC,3,0.5269081243,0.7025441658,0,FULL_ASOF_PANEL,60,daily_klines_as_of_membership,unavailable_as_of_equals_zero,-0.02726008345,,,,kline_close_unadjusted
2026-07-29,BSX,4,0.5169436811,0.6892582415,0,FULL_ASOF_PANEL,60,daily_klines_as_of_membership,unavailable_as_of_equals_zero,-0.0008688097307,,,,kline_close_unadjusted
2026-07-29,AON,5,0.5154233638,0.6872311517,0,FULL_ASOF_PANEL,60,daily_klines_as_of_membership,unavailable_as_of_equals_zero,-0.02807826917,,,,kline_close_unadjusted
2026-07-29,GRMN,6,0.502531949,0.6700425986,0,FULL_ASOF_PANEL,60,daily_klines_as_of_membership,unavailable_as_of_equals_zero,0.009225655462,,,,kline_close_unadjusted
2026-07-29,EXPE,7,0.4990248039,0.6653664052,0,FULL_ASOF_PANEL,60,daily_klines_as_of_membership,unavailable_as_of_equals_zero,-0.03726953035,,,,kline_close_unadjusted
2026-07-29,KO,8,0.4873246352,0.6497661802,0,FULL_ASOF_PANEL,60,daily_klines_as_of_membership,unavailable_as_of_equals_zero,-0.006623259991,,,,kline_close_unadjusted
2026-07-29,LH,9,0.4800303426,0.6400404568,0,FULL_ASOF_PANEL,60,daily_klines_as_of_membership,unavailable_as_of_equals_zero,0.02728308644,,,,kline_close_unadjusted
2026-07-29,CBRE,10,0.4694965163,0.6259953551,0,FULL_ASOF_PANEL,60,daily_klines_as_of_membership,unavailable_as_of_equals_zero,0.0113682501,,,,kline_close_unadjusted
2026-07-29,ABNB,11,0.462733654,0.6169782053,0,FULL_ASOF_PANEL,60,daily_klines_as_of_membership,unavailable_as_of_equals_zero,-0.006078034115,,,,kline_close_unadjusted
2026-07-29,NUE,12,0.4612291612,0.6149722149,0,FULL_ASOF_PANEL,60,daily_klines_as_of_membership,unavailable_as_of_equals_zero,0.003984063745,,,,kline_close_unadjusted
2026-07-29,ALLE,13,0.4600624279,0.6134165706,0,FULL_ASOF_PANEL,60,daily_klines_as_of_membership,unavailable_as_of_equals_zero,-0.008897583139,,,,kline_close_unadjusted
2026-07-29,MMM,14,0.4514187742,0.6018916989,0,FULL_ASOF_PANEL,60,daily_klines_as_of_membership,unavailable_as_of_equals_zero,-0.01056476538,,,,kline_close_unadjusted
2026-07-29,HCA,15,0.4201987766,0.5602650355,0,FULL_ASOF_PANEL,60,daily_klines_as_of_membership,unavailable_as_of_equals_zero,-0.03035425548,,,,kline_close_unadjusted
2026-07-29,JNJ,16,0.4067830007,0.5423773342,0,FULL_ASOF_PANEL,60,daily_klines_as_of_membership,unavailable_as_of_equals_zero,-0.03656837269,,,,kline_close_unadjusted
2026-07-29,MCK,17,0.4061363106,0.5415150808,0,FULL_ASOF_PANEL,60,daily_klines_as_of_membership,unavailable_as_of_equals_zero,-0.02594084811,,,,kline_close_unadjusted
2026-07-29,DLR,18,0.3988609817,0.5318146422,0,FULL_ASOF_PANEL,60,daily_klines_as_of_membership,unavailable_as_of_equals_zero,0.02662344564,,,,kline_close_unadjusted
2026-07-29,AWK,19,0.3758200812,0.5010934415,0,FULL_ASOF_PANEL,60,daily_klines_as_of_membership,unavailable_as_of_equals_zero,-0.009269317112,,,,kline_close_unadjusted
2026-07-29,CCI,20,0.3720934021,0.4961245361,0,FULL_ASOF_PANEL,60,daily_klines_as_of_membership,unavailable_as_of_equals_zero,-0.03262106461,,,,kline_close_unadjusted
2026-07-29,ALL,21,0.3680998157,0.4907997543,0,FULL_ASOF_PANEL,60,daily_klines_as_of_membership,unavailable_as_of_equals_zero,-0.03283647363,,,,kline_close_unadjusted
2026-07-29,MA,22,0.3643131897,0.4857509196,0,FULL_ASOF_PANEL,60,daily_klines_as_of_membership,unavailable_as_of_equals_zero,0.02490591493,,,,kline_close_unadjusted
2026-07-29,GOOG,23,0.3562402383,0.4749869844,0,FULL_ASOF_PANEL,60,daily_klines_as_of_membership,unavailable_as_of_equals_zero,-0.00619490112,,,,kline_close_unadjusted
2026-07-29,GOOGL,24,0.3524496391,0.4699328521,0,FULL_ASOF_PANEL,60,daily_klines_as_of_membership,unavailable_as_of_equals_zero,-0.009058240029,,,,kline_close_unadjusted
2026-07-29,HII,25,0.3520411665,0.469388222,0,FULL_ASOF_PANEL,60,daily_klines_as_of_membership,unavailable_as_of_equals_zero,0.1408701854,,,,kline_close_unadjusted
2026-07-29,MDT,26,0.3498929752,0.4665239669,0,FULL_ASOF_PANEL,60,daily_klines_as_of_membership,unavailable_as_of_equals_zero,-0.02090472927,,,,kline_close_unadjusted
2026-07-29,IR,27,0.3459043932,0.4612058577,0,FULL_ASOF_PANEL,60,daily_klines_as_of_membership,unavailable_as_of_equals_zero,-0.00342749084,,,,kline_close_unadjusted
2026-07-29,NKE,28,0.3373485277,0.449798037,0,FULL_ASOF_PANEL,60,daily_klines_as_of_membership,unavailable_as_of_equals_zero,-0.02151781583,,,,kline_close_unadjusted
2026-07-29,PDD,29,0.3331272432,0.4441696576,0,FULL_ASOF_PANEL,60,daily_klines_as_of_membership,unavailable_as_of_equals_zero,-0.009963768116,,,,kline_close_unadjusted
2026-07-29,MELI,30,0.3260346883,0.4347129178,0,FULL_ASOF_PANEL,60,daily_klines_as_of_membership,unavailable_as_of_equals_zero,0.01203229672,,,,kline_close_unadjusted
2026-07-29,AJG,31,0.3228300098,0.4304400131,0,FULL_ASOF_PANEL,60,daily_klines_as_of_membership,unavailable_as_of_equals_zero,-0.04629801792,,,,kline_close_unadjusted
2026-07-29,FTNT,32,0.3187328302,0.4249771069,0,FULL_ASOF_PANEL,60,daily_klines_as_of_membership,unavailable_as_of_equals_zero,0.006722360005,,,,kline_close_unadjusted
2026-07-29,GS,33,0.3143933713,0.4191911617,0,FULL_ASOF_PANEL,60,daily_klines_as_of_membership,unavailable_as_of_equals_zero,0.04497578384,,,,kline_close_unadjusted
2026-07-29,NFLX,34,0.3086576253,0.4115435004,0,FULL_ASOF_PANEL,60,daily_klines_as_of_membership,unavailable_as_of_equals_zero,-0.006247453484,,,,kline_close_unadjusted
2026-07-30,ADBE,1,0.5523855233,0.7365140311,0,FULL_ASOF_PANEL,60,daily_klines_as_of_membership,unavailable_as_of_equals_zero,0.01012531183,,,,kline_close_unadjusted
2026-07-30,CRM,2,0.5408208011,0.7210944015,0,FULL_ASOF_PANEL,60,daily_klines_as_of_membership,unavailable_as_of_equals_zero,0.01831663992,,,,kline_close_unadjusted
2026-07-30,HII,3,0.5305223727,0.7073631635,0,FULL_ASOF_PANEL,60,daily_klines_as_of_membership,unavailable_as_of_equals_zero,0.02047514848,,,,kline_close_unadjusted
2026-07-30,BSX,4,0.5222396942,0.6963195923,0,FULL_ASOF_PANEL,60,daily_klines_as_of_membership,unavailable_as_of_equals_zero,0.01586956522,,,,kline_close_unadjusted
2026-07-30,NUE,5,0.5189233858,0.6918978477,0,FULL_ASOF_PANEL,60,daily_klines_as_of_membership,unavailable_as_of_equals_zero,0.0009726112667,,,,kline_close_unadjusted
2026-07-30,AON,6,0.5187653633,0.6916871511,0,FULL_ASOF_PANEL,60,daily_klines_as_of_membership,unavailable_as_of_equals_zero,-0.01642251139,,,,kline_close_unadjusted
2026-07-30,GRMN,7,0.5151954411,0.6869272548,0,FULL_ASOF_PANEL,60,daily_klines_as_of_membership,unavailable_as_of_equals_zero,-0.01267013947,,,,kline_close_unadjusted
2026-07-30,KO,8,0.5141435851,0.6855247801,0,FULL_ASOF_PANEL,60,daily_klines_as_of_membership,unavailable_as_of_equals_zero,-0.01017064075,,,,kline_close_unadjusted
2026-07-30,GEHC,9,0.4981307306,0.6641743075,0,FULL_ASOF_PANEL,60,daily_klines_as_of_membership,unavailable_as_of_equals_zero,-0.0274521018,,,,kline_close_unadjusted
2026-07-30,DLR,10,0.483294051,0.644392068,0,FULL_ASOF_PANEL,60,daily_klines_as_of_membership,unavailable_as_of_equals_zero,-0.02417309385,,,,kline_close_unadjusted
2026-07-30,MMM,11,0.4820691492,0.6427588656,0,FULL_ASOF_PANEL,60,daily_klines_as_of_membership,unavailable_as_of_equals_zero,0.001192707446,,,,kline_close_unadjusted
2026-07-30,CBRE,12,0.4811888786,0.6415851714,0,FULL_ASOF_PANEL,60,daily_klines_as_of_membership,unavailable_as_of_equals_zero,-0.01773049645,,,,kline_close_unadjusted
2026-07-30,MA,13,0.4702809192,0.6270412257,0,FULL_ASOF_PANEL,60,daily_klines_as_of_membership,unavailable_as_of_equals_zero,-0.007361219364,,,,kline_close_unadjusted
2026-07-30,EXPE,14,0.4649834064,0.6199778752,0,FULL_ASOF_PANEL,60,daily_klines_as_of_membership,unavailable_as_of_equals_zero,0.006178950603,,,,kline_close_unadjusted
2026-07-30,LH,15,0.4579695884,0.6106261179,0,FULL_ASOF_PANEL,60,daily_klines_as_of_membership,unavailable_as_of_equals_zero,-0.02006148385,,,,kline_close_unadjusted
2026-07-30,MCK,16,0.4407933525,0.5877244701,0,FULL_ASOF_PANEL,60,daily_klines_as_of_membership,unavailable_as_of_equals_zero,-0.01076821758,,,,kline_close_unadjusted
2026-07-30,CMG,17,0.4180021978,0.5573362638,0,FULL_ASOF_PANEL,60,daily_klines_as_of_membership,unavailable_as_of_equals_zero,-0.03374870197,,,,kline_close_unadjusted
2026-07-30,ABNB,18,0.4089213143,0.5452284191,0,FULL_ASOF_PANEL,60,daily_klines_as_of_membership,unavailable_as_of_equals_zero,-0.003682272488,,,,kline_close_unadjusted
2026-07-30,GS,19,0.4004438822,0.5339251763,0,FULL_ASOF_PANEL,60,daily_klines_as_of_membership,unavailable_as_of_equals_zero,-0.006322814823,,,,kline_close_unadjusted
2026-07-30,ALLE,20,0.3954856026,0.5273141368,0,FULL_ASOF_PANEL,60,daily_klines_as_of_membership,unavailable_as_of_equals_zero,0.002164777792,,,,kline_close_unadjusted
2026-07-30,MDT,21,0.3903354708,0.5204472945,0,FULL_ASOF_PANEL,60,daily_klines_as_of_membership,unavailable_as_of_equals_zero,-0.003733520009,,,,kline_close_unadjusted
2026-07-30,HCA,22,0.3829849862,0.5106466483,0,FULL_ASOF_PANEL,60,daily_klines_as_of_membership,unavailable_as_of_equals_zero,0.01718082822,,,,kline_close_unadjusted
2026-07-30,AWK,23,0.3669881102,0.4893174802,0,FULL_ASOF_PANEL,60,daily_klines_as_of_membership,unavailable_as_of_equals_zero,-0.01929683503,,,,kline_close_unadjusted
2026-07-30,ALL,24,0.33359781,0.44479708,0,FULL_ASOF_PANEL,60,daily_klines_as_of_membership,unavailable_as_of_equals_zero,-0.004898635918,,,,kline_close_unadjusted
2026-07-30,AJG,25,0.3282715632,0.4376954176,0,FULL_ASOF_PANEL,60,daily_klines_as_of_membership,unavailable_as_of_equals_zero,-0.02745067457,,,,kline_close_unadjusted
2026-07-30,AVGO,26,0.324781907,0.4330425426,0,FULL_ASOF_PANEL,60,daily_klines_as_of_membership,unavailable_as_of_equals_zero,0.003712871287,,,,kline_close_unadjusted
2026-07-30,AMD,27,0.3239522078,0.431936277,0,FULL_ASOF_PANEL,60,daily_klines_as_of_membership,unavailable_as_of_equals_zero,-0.0190362389,,,,kline_close_unadjusted
2026-07-30,PDD,28,0.3231184812,0.4308246416,0,FULL_ASOF_PANEL,60,daily_klines_as_of_membership,unavailable_as_of_equals_zero,0.01280878317,,,,kline_close_unadjusted
2026-07-30,FTNT,29,0.3231004902,0.4308006536,0,FULL_ASOF_PANEL,60,daily_klines_as_of_membership,unavailable_as_of_equals_zero,0.04991896272,,,,kline_close_unadjusted
2026-07-30,NBIS,30,0.3225353121,0.4300470829,0,FULL_ASOF_PANEL,60,daily_klines_as_of_membership,unavailable_as_of_equals_zero,0.01050788091,,,,kline_close_unadjusted
2026-07-30,MELI,31,0.318831797,0.4251090626,0,FULL_ASOF_PANEL,60,daily_klines_as_of_membership,unavailable_as_of_equals_zero,-0.004125723195,,,,kline_close_unadjusted
2026-07-30,JNJ,32,0.3179682766,0.4239577022,0,FULL_ASOF_PANEL,60,daily_klines_as_of_membership,unavailable_as_of_equals_zero,0.002071769213,,,,kline_close_unadjusted
2026-07-30,ASML,33,0.3163791195,0.421838826,0,FULL_ASOF_PANEL,60,daily_klines_as_of_membership,unavailable_as_of_equals_zero,-0.01358808153,,,,kline_close_unadjusted
2026-07-30,NKE,34,0.3091921673,0.412256223,0,FULL_ASOF_PANEL,60,daily_klines_as_of_membership,unavailable_as_of_equals_zero,-0.0137148262,,,,kline_close_unadjusted
2026-07-30,GOOG,35,0.3071470885,0.4095294514,0,FULL_ASOF_PANEL,60,daily_klines_as_of_membership,unavailable_as_of_equals_zero,0.06883840806,,,,kline_close_unadjusted
2026-07-30,GOOGL,36,0.3034788611,0.4046384815,0,FULL_ASOF_PANEL,60,daily_klines_as_of_membership,unavailable_as_of_equals_zero,0.06734400288,,,,kline_close_unadjusted
2026-07-30,AMZN,37,0.3011179745,0.4014906326,0,FULL_ASOF_PANEL,60,daily_klines_as_of_membership,unavailable_as_of_equals_zero,0.1532059448,,,,kline_close_unadjusted
2026-07-30,ABBV,38,0.3004764293,0.400635239,0,FULL_ASOF_PANEL,60,daily_klines_as_of_membership,unavailable_as_of_equals_zero,-0.02513499864,,,,kline_close_unadjusted
2026-07-31,AMZN,1,0.5875310323,0.7833747098,0,FULL_ASOF_PANEL,60,daily_klines_as_of_membership,unavailable_as_of_equals_zero,,,,,missing_future_price
2026-07-31,HII,2,0.5453794773,0.7271726364,0,FULL_ASOF_PANEL,60,daily_klines_as_of_membership,unavailable_as_of_equals_zero,,,,,missing_future_price
2026-07-31,ADBE,3,0.543462368,0.7246164907,0,FULL_ASOF_PANEL,60,daily_klines_as_of_membership,unavailable_as_of_equals_zero,,,,,missing_future_price
2026-07-31,CRM,4,0.5307663135,0.7076884181,0,FULL_ASOF_PANEL,60,daily_klines_as_of_membership,unavailable_as_of_equals_zero,,,,,missing_future_price
2026-07-31,GRMN,5,0.5152521959,0.6870029279,0,FULL_ASOF_PANEL,60,daily_klines_as_of_membership,unavailable_as_of_equals_zero,,,,,missing_future_price
2026-07-31,NUE,6,0.5089871885,0.6786495847,0,FULL_ASOF_PANEL,60,daily_klines_as_of_membership,unavailable_as_of_equals_zero,,,,,missing_future_price
2026-07-31,MA,7,0.5055717234,0.6740956312,0,FULL_ASOF_PANEL,60,daily_klines_as_of_membership,unavailable_as_of_equals_zero,,,,,missing_future_price
2026-07-31,LH,8,0.4709212326,0.6278949768,0,FULL_ASOF_PANEL,60,daily_klines_as_of_membership,unavailable_as_of_equals_zero,,,,,missing_future_price
2026-07-31,EXPE,9,0.4660517269,0.6214023025,0,FULL_ASOF_PANEL,60,daily_klines_as_of_membership,unavailable_as_of_equals_zero,,,,,missing_future_price
2026-07-31,BSX,10,0.4608980229,0.6145306972,0,FULL_ASOF_PANEL,60,daily_klines_as_of_membership,unavailable_as_of_equals_zero,,,,,missing_future_price
2026-07-31,MMM,11,0.458437834,0.6112504454,0,FULL_ASOF_PANEL,60,daily_klines_as_of_membership,unavailable_as_of_equals_zero,,,,,missing_future_price
2026-07-31,KO,12,0.4502892563,0.6003856751,0,FULL_ASOF_PANEL,60,daily_klines_as_of_membership,unavailable_as_of_equals_zero,,,,,missing_future_price
2026-07-31,MCK,13,0.4473685987,0.5964914649,0,FULL_ASOF_PANEL,60,daily_klines_as_of_membership,unavailable_as_of_equals_zero,,,,,missing_future_price
2026-07-31,FTNT,14,0.4454061518,0.593874869,0,FULL_ASOF_PANEL,60,daily_klines_as_of_membership,unavailable_as_of_equals_zero,,,,,missing_future_price
2026-07-31,AVGO,15,0.4323140133,0.5764186843,0,FULL_ASOF_PANEL,60,daily_klines_as_of_membership,unavailable_as_of_equals_zero,,,,,missing_future_price
2026-07-31,AON,16,0.4285662655,0.5714216873,0,FULL_ASOF_PANEL,60,daily_klines_as_of_membership,unavailable_as_of_equals_zero,,,,,missing_future_price
2026-07-31,GOOG,17,0.4281945343,0.5709260457,0,FULL_ASOF_PANEL,60,daily_klines_as_of_membership,unavailable_as_of_equals_zero,,,,,missing_future_price
2026-07-31,GEHC,18,0.4148137186,0.5530849581,0,FULL_ASOF_PANEL,60,daily_klines_as_of_membership,unavailable_as_of_equals_zero,,,,,missing_future_price
2026-07-31,ABNB,19,0.403157599,0.5375434653,0,FULL_ASOF_PANEL,60,daily_klines_as_of_membership,unavailable_as_of_equals_zero,,,,,missing_future_price
2026-07-31,CMG,20,0.3991979773,0.5322639697,0,FULL_ASOF_PANEL,60,daily_klines_as_of_membership,unavailable_as_of_equals_zero,,,,,missing_future_price
2026-07-31,MDT,21,0.3984645622,0.531286083,0,FULL_ASOF_PANEL,60,daily_klines_as_of_membership,unavailable_as_of_equals_zero,,,,,missing_future_price
2026-07-31,CBRE,22,0.3971062922,0.5294750563,0,FULL_ASOF_PANEL,60,daily_klines_as_of_membership,unavailable_as_of_equals_zero,,,,,missing_future_price
2026-07-31,MELI,23,0.3864203297,0.5152271062,0,FULL_ASOF_PANEL,60,daily_klines_as_of_membership,unavailable_as_of_equals_zero,,,,,missing_future_price
2026-07-31,EME,24,0.3664291351,0.4885721802,0,FULL_ASOF_PANEL,60,daily_klines_as_of_membership,unavailable_as_of_equals_zero,,,,,missing_future_price
2026-07-31,ALL,25,0.3656214451,0.4874952601,0,FULL_ASOF_PANEL,60,daily_klines_as_of_membership,unavailable_as_of_equals_zero,,,,,missing_future_price
2026-07-31,IR,26,0.3483464529,0.4644619372,0,FULL_ASOF_PANEL,60,daily_klines_as_of_membership,unavailable_as_of_equals_zero,,,,,missing_future_price
2026-07-31,PDD,27,0.3433228452,0.4577637936,0,FULL_ASOF_PANEL,60,daily_klines_as_of_membership,unavailable_as_of_equals_zero,,,,,missing_future_price
2026-07-31,GOOGL,28,0.34267835,0.4569044667,0,FULL_ASOF_PANEL,60,daily_klines_as_of_membership,unavailable_as_of_equals_zero,,,,,missing_future_price
2026-07-31,META,29,0.3410598934,0.4547465245,0,FULL_ASOF_PANEL,60,daily_klines_as_of_membership,unavailable_as_of_equals_zero,,,,,missing_future_price
2026-07-31,APP,30,0.3332389692,0.4443186256,0,FULL_ASOF_PANEL,60,daily_klines_as_of_membership,unavailable_as_of_equals_zero,,,,,missing_future_price
2026-07-31,NBIS,31,0.3238554139,0.4318072186,0,FULL_ASOF_PANEL,60,daily_klines_as_of_membership,unavailable_as_of_equals_zero,,,,,missing_future_price
2026-07-31,GS,32,0.3211840827,0.4282454436,0,FULL_ASOF_PANEL,60,daily_klines_as_of_membership,unavailable_as_of_equals_zero,,,,,missing_future_price
2026-07-31,ASML,33,0.3077973181,0.4103964241,0,FULL_ASOF_PANEL,60,daily_klines_as_of_membership,unavailable_as_of_equals_zero,,,,,missing_future_price
2026-07-31,AMD,34,0.3072003783,0.4096005045,0,FULL_ASOF_PANEL,60,daily_klines_as_of_membership,unavailable_as_of_equals_zero,,,,,missing_future_price
